2021-12-29 00:07:44,774 - DEBUG - Starting new HTTPS connection (1): finnhub.io:443
2021-12-29 00:07:44,904 - DEBUG - https://finnhub.io:443 "GET /api/v1/stock/upgrade-downgrade?&token=c71nnkaad3ieuiu4d000 HTTP/1.1" 200 None
2021-12-29 00:07:44,927 - DEBUG - Starting new HTTPS connection (1): finnhub.io:443
2021-12-29 00:07:45,068 - DEBUG - https://finnhub.io:443 "GET /api/v1/stock/upgrade-downgrade?&token=c71nnkaad3ieuiu4d000 HTTP/1.1" 200 None
2021-12-29 00:07:45,103 - DEBUG - Starting new HTTPS connection (1): finnhub.io:443
2021-12-29 00:07:45,250 - DEBUG - https://finnhub.io:443 "GET /api/v1/stock/price-target?&token=c71nnkaad3ieuiu4d000&symbol=ALRM HTTP/1.1" 200 None
2021-12-29 00:07:45,254 - DEBUG - Starting new HTTPS connection (1): api.powerbi.com:443
2021-12-29 00:07:45,493 - DEBUG - https://api.powerbi.com:443 "POST /beta/b67d722d-aa8a-4777-a169-ebeb7a6a3b67/datasets/520ae51f-637f-4efd-96be-dad192e05be4/rows?key=xOihNIQCsJUKPN0QCs93Ni3JCw0ULxfuul7LXbsyqDrprXUnu6NFehkGrhbxvnfxt9SZs3lQDqLdQjBstxp13g%3D%3D HTTP/1.1" 500 None
2021-12-29 00:07:45,498 - DEBUG - Starting new HTTPS connection (1): finnhub.io:443
2021-12-29 00:07:45,628 - DEBUG - https://finnhub.io:443 "GET /api/v1/stock/price-target?&token=c71nnkaad3ieuiu4d000&symbol=MPC HTTP/1.1" 200 None
2021-12-29 00:07:45,634 - DEBUG - Starting new HTTPS connection (1): api.powerbi.com:443
2021-12-29 00:07:45,834 - DEBUG - https://api.powerbi.com:443 "POST /beta/b67d722d-aa8a-4777-a169-ebeb7a6a3b67/datasets/520ae51f-637f-4efd-96be-dad192e05be4/rows?key=xOihNIQCsJUKPN0QCs93Ni3JCw0ULxfuul7LXbsyqDrprXUnu6NFehkGrhbxvnfxt9SZs3lQDqLdQjBstxp13g%3D%3D HTTP/1.1" 500 None
2021-12-29 00:07:45,839 - DEBUG - Starting new HTTPS connection (1): finnhub.io:443
2021-12-29 00:07:45,978 - DEBUG - https://finnhub.io:443 "GET /api/v1/stock/price-target?&token=c71nnkaad3ieuiu4d000&symbol=PRTS HTTP/1.1" 200 None
2021-12-29 00:07:45,984 - DEBUG - Starting new HTTPS connection (1): api.powerbi.com:443
2021-12-29 00:07:46,186 - DEBUG - https://api.powerbi.com:443 "POST /beta/b67d722d-aa8a-4777-a169-ebeb7a6a3b67/datasets/520ae51f-637f-4efd-96be-dad192e05be4/rows?key=xOihNIQCsJUKPN0QCs93Ni3JCw0ULxfuul7LXbsyqDrprXUnu6NFehkGrhbxvnfxt9SZs3lQDqLdQjBstxp13g%3D%3D HTTP/1.1" 500 None
2021-12-29 00:07:46,191 - DEBUG - Starting new HTTPS connection (1): finnhub.io:443
2021-12-29 00:07:46,325 - DEBUG - https://finnhub.io:443 "GET /api/v1/stock/price-target?&token=c71nnkaad3ieuiu4d000&symbol=CSV HTTP/1.1" 200 None
2021-12-29 00:07:46,331 - DEBUG - Starting new HTTPS connection (1): api.powerbi.com:443
2021-12-29 00:07:46,519 - DEBUG - https://api.powerbi.com:443 "POST /beta/b67d722d-aa8a-4777-a169-ebeb7a6a3b67/datasets/520ae51f-637f-4efd-96be-dad192e05be4/rows?key=xOihNIQCsJUKPN0QCs93Ni3JCw0ULxfuul7LXbsyqDrprXUnu6NFehkGrhbxvnfxt9SZs3lQDqLdQjBstxp13g%3D%3D HTTP/1.1" 500 None
2021-12-29 00:07:46,523 - DEBUG - Starting new HTTPS connection (1): finnhub.io:443
2021-12-29 00:07:46,647 - DEBUG - https://finnhub.io:443 "GET /api/v1/stock/price-target?&token=c71nnkaad3ieuiu4d000&symbol=ATY HTTP/1.1" 200 None
2021-12-29 00:07:46,652 - DEBUG - Starting new HTTPS connection (1): api.powerbi.com:443
2021-12-29 00:07:46,832 - DEBUG - https://api.powerbi.com:443 "POST /beta/b67d722d-aa8a-4777-a169-ebeb7a6a3b67/datasets/520ae51f-637f-4efd-96be-dad192e05be4/rows?key=xOihNIQCsJUKPN0QCs93Ni3JCw0ULxfuul7LXbsyqDrprXUnu6NFehkGrhbxvnfxt9SZs3lQDqLdQjBstxp13g%3D%3D HTTP/1.1" 500 None
2021-12-29 00:07:46,837 - DEBUG - Starting new HTTPS connection (1): finnhub.io:443
2021-12-29 00:07:46,955 - DEBUG - https://finnhub.io:443 "GET /api/v1/stock/price-target?&token=c71nnkaad3ieuiu4d000&symbol=BQ HTTP/1.1" 200 None
2021-12-29 00:07:46,960 - DEBUG - Starting new HTTPS connection (1): api.powerbi.com:443
2021-12-29 00:07:47,144 - DEBUG - https://api.powerbi.com:443 "POST /beta/b67d722d-aa8a-4777-a169-ebeb7a6a3b67/datasets/520ae51f-637f-4efd-96be-dad192e05be4/rows?key=xOihNIQCsJUKPN0QCs93Ni3JCw0ULxfuul7LXbsyqDrprXUnu6NFehkGrhbxvnfxt9SZs3lQDqLdQjBstxp13g%3D%3D HTTP/1.1" 500 None
2021-12-29 00:07:47,148 - DEBUG - Starting new HTTPS connection (1): finnhub.io:443
2021-12-29 00:07:47,273 - DEBUG - https://finnhub.io:443 "GET /api/v1/stock/price-target?&token=c71nnkaad3ieuiu4d000&symbol=CURI HTTP/1.1" 200 None
2021-12-29 00:07:47,279 - DEBUG - Starting new HTTPS connection (1): api.powerbi.com:443
2021-12-29 00:08:28,563 - DEBUG - Starting new HTTPS connection (1): finnhub.io:443
2021-12-29 00:08:28,692 - DEBUG - https://finnhub.io:443 "GET /api/v1/stock/upgrade-downgrade?&token=c71nnkaad3ieuiu4d000 HTTP/1.1" 200 None
2021-12-29 00:08:28,718 - DEBUG - Starting new HTTPS connection (1): finnhub.io:443
2021-12-29 00:08:28,864 - DEBUG - https://finnhub.io:443 "GET /api/v1/stock/upgrade-downgrade?&token=c71nnkaad3ieuiu4d000 HTTP/1.1" 200 None
2021-12-29 00:08:28,868 - DEBUG - Starting new HTTPS connection (1): finnhub.io:443
2021-12-29 00:08:29,001 - DEBUG - https://finnhub.io:443 "GET /api/v1/stock/price-target?&token=c71nnkaad3ieuiu4d000&symbol=ALRM HTTP/1.1" 200 None
2021-12-29 00:08:29,004 - DEBUG - Starting new HTTPS connection (1): api.powerbi.com:443
2021-12-29 00:08:29,245 - DEBUG - https://api.powerbi.com:443 "POST /beta/b67d722d-aa8a-4777-a169-ebeb7a6a3b67/datasets/520ae51f-637f-4efd-96be-dad192e05be4/rows?key=xOihNIQCsJUKPN0QCs93Ni3JCw0ULxfuul7LXbsyqDrprXUnu6NFehkGrhbxvnfxt9SZs3lQDqLdQjBstxp13g%3D%3D HTTP/1.1" 500 None
2021-12-29 00:08:29,249 - DEBUG - Starting new HTTPS connection (1): finnhub.io:443
2021-12-29 00:08:29,375 - DEBUG - https://finnhub.io:443 "GET /api/v1/stock/price-target?&token=c71nnkaad3ieuiu4d000&symbol=MPC HTTP/1.1" 200 None
2021-12-29 00:08:29,380 - DEBUG - Starting new HTTPS connection (1): api.powerbi.com:443
2021-12-29 00:08:29,624 - DEBUG - https://api.powerbi.com:443 "POST /beta/b67d722d-aa8a-4777-a169-ebeb7a6a3b67/datasets/520ae51f-637f-4efd-96be-dad192e05be4/rows?key=xOihNIQCsJUKPN0QCs93Ni3JCw0ULxfuul7LXbsyqDrprXUnu6NFehkGrhbxvnfxt9SZs3lQDqLdQjBstxp13g%3D%3D HTTP/1.1" 500 None
2021-12-29 00:08:29,629 - DEBUG - Starting new HTTPS connection (1): finnhub.io:443
2021-12-29 00:08:29,745 - DEBUG - https://finnhub.io:443 "GET /api/v1/stock/price-target?&token=c71nnkaad3ieuiu4d000&symbol=PRTS HTTP/1.1" 200 None
2021-12-29 00:08:29,751 - DEBUG - Starting new HTTPS connection (1): api.powerbi.com:443
2021-12-29 00:08:30,001 - DEBUG - https://api.powerbi.com:443 "POST /beta/b67d722d-aa8a-4777-a169-ebeb7a6a3b67/datasets/520ae51f-637f-4efd-96be-dad192e05be4/rows?key=xOihNIQCsJUKPN0QCs93Ni3JCw0ULxfuul7LXbsyqDrprXUnu6NFehkGrhbxvnfxt9SZs3lQDqLdQjBstxp13g%3D%3D HTTP/1.1" 500 None
2021-12-29 00:08:30,006 - DEBUG - Starting new HTTPS connection (1): finnhub.io:443
2021-12-29 00:08:30,173 - DEBUG - https://finnhub.io:443 "GET /api/v1/stock/price-target?&token=c71nnkaad3ieuiu4d000&symbol=CSV HTTP/1.1" 200 None
2021-12-29 00:08:30,178 - DEBUG - Starting new HTTPS connection (1): api.powerbi.com:443
2021-12-29 00:08:30,377 - DEBUG - https://api.powerbi.com:443 "POST /beta/b67d722d-aa8a-4777-a169-ebeb7a6a3b67/datasets/520ae51f-637f-4efd-96be-dad192e05be4/rows?key=xOihNIQCsJUKPN0QCs93Ni3JCw0ULxfuul7LXbsyqDrprXUnu6NFehkGrhbxvnfxt9SZs3lQDqLdQjBstxp13g%3D%3D HTTP/1.1" 500 None
2021-12-29 00:08:30,382 - DEBUG - Starting new HTTPS connection (1): finnhub.io:443
2021-12-29 00:08:30,547 - DEBUG - https://finnhub.io:443 "GET /api/v1/stock/price-target?&token=c71nnkaad3ieuiu4d000&symbol=ATY HTTP/1.1" 200 None
2021-12-29 00:08:30,553 - DEBUG - Starting new HTTPS connection (1): api.powerbi.com:443
2021-12-29 00:09:28,755 - DEBUG - Starting new HTTPS connection (1): finnhub.io:443
2021-12-29 00:09:29,730 - DEBUG - https://finnhub.io:443 "GET /api/v1/stock/upgrade-downgrade?&token=c71nnkaad3ieuiu4d000 HTTP/1.1" 200 None
2021-12-29 00:09:29,733 - DEBUG - Starting new HTTPS connection (1): finnhub.io:443
2021-12-29 00:09:30,255 - DEBUG - https://finnhub.io:443 "GET /api/v1/stock/upgrade-downgrade?&token=c71nnkaad3ieuiu4d000 HTTP/1.1" 200 None
2021-12-29 00:09:30,259 - DEBUG - Starting new HTTPS connection (1): finnhub.io:443
2021-12-29 00:09:30,407 - DEBUG - https://finnhub.io:443 "GET /api/v1/stock/price-target?&token=c71nnkaad3ieuiu4d000&symbol=ALRM HTTP/1.1" 200 None
2021-12-29 00:10:32,351 - DEBUG - Starting new HTTPS connection (1): finnhub.io:443
2021-12-29 00:10:32,771 - DEBUG - https://finnhub.io:443 "GET /api/v1/stock/upgrade-downgrade?&token=c71nnkaad3ieuiu4d000 HTTP/1.1" 200 None
2021-12-29 00:10:32,802 - DEBUG - Starting new HTTPS connection (1): finnhub.io:443
2021-12-29 00:10:32,986 - DEBUG - https://finnhub.io:443 "GET /api/v1/stock/upgrade-downgrade?&token=c71nnkaad3ieuiu4d000 HTTP/1.1" 200 None
2021-12-29 00:10:33,016 - DEBUG - Starting new HTTPS connection (1): finnhub.io:443
2021-12-29 00:10:33,159 - DEBUG - https://finnhub.io:443 "GET /api/v1/stock/price-target?&token=c71nnkaad3ieuiu4d000&symbol=ALRM HTTP/1.1" 200 None
2021-12-29 00:10:33,163 - DEBUG - Starting new HTTPS connection (1): api.powerbi.com:443
2021-12-29 00:10:33,403 - DEBUG - https://api.powerbi.com:443 "POST /beta/b67d722d-aa8a-4777-a169-ebeb7a6a3b67/datasets/520ae51f-637f-4efd-96be-dad192e05be4/rows?key=xOihNIQCsJUKPN0QCs93Ni3JCw0ULxfuul7LXbsyqDrprXUnu6NFehkGrhbxvnfxt9SZs3lQDqLdQjBstxp13g%3D%3D HTTP/1.1" 500 None
2021-12-29 00:10:33,407 - DEBUG - Starting new HTTPS connection (1): finnhub.io:443
2021-12-29 00:10:33,542 - DEBUG - https://finnhub.io:443 "GET /api/v1/stock/price-target?&token=c71nnkaad3ieuiu4d000&symbol=MPC HTTP/1.1" 200 None
2021-12-29 00:10:33,546 - DEBUG - Starting new HTTPS connection (1): api.powerbi.com:443
2021-12-29 00:10:33,747 - DEBUG - https://api.powerbi.com:443 "POST /beta/b67d722d-aa8a-4777-a169-ebeb7a6a3b67/datasets/520ae51f-637f-4efd-96be-dad192e05be4/rows?key=xOihNIQCsJUKPN0QCs93Ni3JCw0ULxfuul7LXbsyqDrprXUnu6NFehkGrhbxvnfxt9SZs3lQDqLdQjBstxp13g%3D%3D HTTP/1.1" 500 None
2021-12-29 00:10:33,751 - DEBUG - Starting new HTTPS connection (1): finnhub.io:443
2021-12-29 00:10:33,870 - DEBUG - https://finnhub.io:443 "GET /api/v1/stock/price-target?&token=c71nnkaad3ieuiu4d000&symbol=PRTS HTTP/1.1" 200 None
2021-12-29 00:10:33,876 - DEBUG - Starting new HTTPS connection (1): api.powerbi.com:443
2021-12-29 00:10:34,068 - DEBUG - https://api.powerbi.com:443 "POST /beta/b67d722d-aa8a-4777-a169-ebeb7a6a3b67/datasets/520ae51f-637f-4efd-96be-dad192e05be4/rows?key=xOihNIQCsJUKPN0QCs93Ni3JCw0ULxfuul7LXbsyqDrprXUnu6NFehkGrhbxvnfxt9SZs3lQDqLdQjBstxp13g%3D%3D HTTP/1.1" 500 None
2021-12-29 00:10:34,073 - DEBUG - Starting new HTTPS connection (1): finnhub.io:443
2021-12-29 00:11:10,864 - DEBUG - Starting new HTTPS connection (1): finnhub.io:443
2021-12-29 00:11:11,037 - DEBUG - https://finnhub.io:443 "GET /api/v1/stock/upgrade-downgrade?&token=c71nnkaad3ieuiu4d000 HTTP/1.1" 200 None
2021-12-29 00:11:11,060 - DEBUG - Starting new HTTPS connection (1): finnhub.io:443
2021-12-29 00:11:11,181 - DEBUG - https://finnhub.io:443 "GET /api/v1/stock/upgrade-downgrade?&token=c71nnkaad3ieuiu4d000 HTTP/1.1" 200 None
2021-12-29 00:11:11,199 - DEBUG - Starting new HTTPS connection (1): finnhub.io:443
2021-12-29 00:11:11,327 - DEBUG - https://finnhub.io:443 "GET /api/v1/stock/price-target?&token=c71nnkaad3ieuiu4d000&symbol=ALRM HTTP/1.1" 200 None
2021-12-29 00:11:11,331 - DEBUG - Starting new HTTPS connection (1): api.powerbi.com:443
2021-12-29 00:11:11,555 - DEBUG - https://api.powerbi.com:443 "POST /beta/b67d722d-aa8a-4777-a169-ebeb7a6a3b67/datasets/520ae51f-637f-4efd-96be-dad192e05be4/rows?key=xOihNIQCsJUKPN0QCs93Ni3JCw0ULxfuul7LXbsyqDrprXUnu6NFehkGrhbxvnfxt9SZs3lQDqLdQjBstxp13g%3D%3D HTTP/1.1" 500 None
2021-12-29 00:11:11,558 - DEBUG - Starting new HTTPS connection (1): finnhub.io:443
2021-12-29 00:11:11,677 - DEBUG - https://finnhub.io:443 "GET /api/v1/stock/price-target?&token=c71nnkaad3ieuiu4d000&symbol=MPC HTTP/1.1" 200 None
2021-12-29 00:11:11,681 - DEBUG - Starting new HTTPS connection (1): api.powerbi.com:443
2021-12-29 00:11:11,816 - DEBUG - https://api.powerbi.com:443 "POST /beta/b67d722d-aa8a-4777-a169-ebeb7a6a3b67/datasets/520ae51f-637f-4efd-96be-dad192e05be4/rows?key=xOihNIQCsJUKPN0QCs93Ni3JCw0ULxfuul7LXbsyqDrprXUnu6NFehkGrhbxvnfxt9SZs3lQDqLdQjBstxp13g%3D%3D HTTP/1.1" 500 None
2021-12-29 00:11:11,819 - DEBUG - Starting new HTTPS connection (1): finnhub.io:443
2021-12-29 00:11:11,986 - DEBUG - https://finnhub.io:443 "GET /api/v1/stock/price-target?&token=c71nnkaad3ieuiu4d000&symbol=PRTS HTTP/1.1" 200 None
2021-12-29 00:11:11,989 - DEBUG - Starting new HTTPS connection (1): api.powerbi.com:443
2021-12-29 00:11:12,114 - DEBUG - https://api.powerbi.com:443 "POST /beta/b67d722d-aa8a-4777-a169-ebeb7a6a3b67/datasets/520ae51f-637f-4efd-96be-dad192e05be4/rows?key=xOihNIQCsJUKPN0QCs93Ni3JCw0ULxfuul7LXbsyqDrprXUnu6NFehkGrhbxvnfxt9SZs3lQDqLdQjBstxp13g%3D%3D HTTP/1.1" 500 None
2021-12-29 00:11:12,117 - DEBUG - Starting new HTTPS connection (1): finnhub.io:443
2021-12-29 00:11:12,242 - DEBUG - https://finnhub.io:443 "GET /api/v1/stock/price-target?&token=c71nnkaad3ieuiu4d000&symbol=CSV HTTP/1.1" 200 None
2021-12-29 00:11:12,245 - DEBUG - Starting new HTTPS connection (1): api.powerbi.com:443
2021-12-29 00:11:38,243 - DEBUG - Starting new HTTPS connection (1): finnhub.io:443
2021-12-29 00:11:38,384 - DEBUG - https://finnhub.io:443 "GET /api/v1/stock/upgrade-downgrade?&token=c71nnkaad3ieuiu4d000 HTTP/1.1" 200 None
2021-12-29 00:11:38,409 - DEBUG - Starting new HTTPS connection (1): finnhub.io:443
2021-12-29 00:11:38,570 - DEBUG - https://finnhub.io:443 "GET /api/v1/stock/upgrade-downgrade?&token=c71nnkaad3ieuiu4d000 HTTP/1.1" 200 None
2021-12-29 00:11:38,593 - DEBUG - Starting new HTTPS connection (1): finnhub.io:443
2021-12-29 00:11:38,730 - DEBUG - https://finnhub.io:443 "GET /api/v1/stock/price-target?&token=c71nnkaad3ieuiu4d000&symbol=ALRM HTTP/1.1" 200 None
2021-12-29 00:11:48,208 - DEBUG - Starting new HTTPS connection (1): finnhub.io:443
2021-12-29 00:11:48,338 - DEBUG - https://finnhub.io:443 "GET /api/v1/stock/upgrade-downgrade?&token=c71nnkaad3ieuiu4d000 HTTP/1.1" 200 None
2021-12-29 00:11:48,359 - DEBUG - Starting new HTTPS connection (1): finnhub.io:443
2021-12-29 00:11:48,539 - DEBUG - https://finnhub.io:443 "GET /api/v1/stock/upgrade-downgrade?&token=c71nnkaad3ieuiu4d000 HTTP/1.1" 200 None
2021-12-29 00:11:48,563 - DEBUG - Starting new HTTPS connection (1): finnhub.io:443
2021-12-29 00:11:48,709 - DEBUG - https://finnhub.io:443 "GET /api/v1/stock/price-target?&token=c71nnkaad3ieuiu4d000&symbol=ALRM HTTP/1.1" 200 None
2021-12-29 00:12:09,655 - DEBUG - Starting new HTTPS connection (1): finnhub.io:443
2021-12-29 00:12:09,787 - DEBUG - https://finnhub.io:443 "GET /api/v1/stock/upgrade-downgrade?&token=c71nnkaad3ieuiu4d000 HTTP/1.1" 200 None
2021-12-29 00:12:09,815 - DEBUG - Starting new HTTPS connection (1): finnhub.io:443
2021-12-29 00:12:09,952 - DEBUG - https://finnhub.io:443 "GET /api/v1/stock/upgrade-downgrade?&token=c71nnkaad3ieuiu4d000 HTTP/1.1" 200 None
2021-12-29 00:12:09,976 - DEBUG - Starting new HTTPS connection (1): finnhub.io:443
2021-12-29 00:12:10,107 - DEBUG - https://finnhub.io:443 "GET /api/v1/stock/price-target?&token=c71nnkaad3ieuiu4d000&symbol=ALRM HTTP/1.1" 200 None
2021-12-29 00:12:17,885 - DEBUG - Starting new HTTPS connection (1): finnhub.io:443
2021-12-29 00:12:18,086 - DEBUG - https://finnhub.io:443 "GET /api/v1/stock/upgrade-downgrade?&token=c71nnkaad3ieuiu4d000 HTTP/1.1" 200 None
2021-12-29 00:12:18,090 - DEBUG - Starting new HTTPS connection (1): finnhub.io:443
2021-12-29 00:12:18,236 - DEBUG - https://finnhub.io:443 "GET /api/v1/stock/upgrade-downgrade?&token=c71nnkaad3ieuiu4d000 HTTP/1.1" 200 None
2021-12-29 00:12:18,252 - DEBUG - Starting new HTTPS connection (1): finnhub.io:443
2021-12-29 00:12:18,364 - DEBUG - https://finnhub.io:443 "GET /api/v1/stock/price-target?&token=c71nnkaad3ieuiu4d000&symbol=ALRM HTTP/1.1" 200 None
2021-12-29 00:12:18,369 - DEBUG - Starting new HTTPS connection (1): api.powerbi.com:443
2021-12-29 00:12:18,611 - DEBUG - https://api.powerbi.com:443 "POST /beta/b67d722d-aa8a-4777-a169-ebeb7a6a3b67/datasets/520ae51f-637f-4efd-96be-dad192e05be4/rows?key=xOihNIQCsJUKPN0QCs93Ni3JCw0ULxfuul7LXbsyqDrprXUnu6NFehkGrhbxvnfxt9SZs3lQDqLdQjBstxp13g%3D%3D HTTP/1.1" 500 None
2021-12-29 00:12:18,616 - DEBUG - Starting new HTTPS connection (1): finnhub.io:443
2021-12-29 00:12:18,743 - DEBUG - https://finnhub.io:443 "GET /api/v1/stock/price-target?&token=c71nnkaad3ieuiu4d000&symbol=MPC HTTP/1.1" 200 None
2021-12-29 00:12:18,747 - DEBUG - Starting new HTTPS connection (1): api.powerbi.com:443
2021-12-29 00:12:18,922 - DEBUG - https://api.powerbi.com:443 "POST /beta/b67d722d-aa8a-4777-a169-ebeb7a6a3b67/datasets/520ae51f-637f-4efd-96be-dad192e05be4/rows?key=xOihNIQCsJUKPN0QCs93Ni3JCw0ULxfuul7LXbsyqDrprXUnu6NFehkGrhbxvnfxt9SZs3lQDqLdQjBstxp13g%3D%3D HTTP/1.1" 500 None
2021-12-29 00:12:18,925 - DEBUG - Starting new HTTPS connection (1): finnhub.io:443
2021-12-29 00:13:52,644 - DEBUG - Starting new HTTPS connection (1): finnhub.io:443
2021-12-29 00:13:52,794 - DEBUG - https://finnhub.io:443 "GET /api/v1/stock/upgrade-downgrade?&token=c71nnkaad3ieuiu4d000 HTTP/1.1" 200 None
2021-12-29 00:13:52,818 - DEBUG - Starting new HTTPS connection (1): finnhub.io:443
2021-12-29 00:13:52,963 - DEBUG - https://finnhub.io:443 "GET /api/v1/stock/upgrade-downgrade?&token=c71nnkaad3ieuiu4d000 HTTP/1.1" 200 None
2021-12-29 00:13:52,999 - DEBUG - Starting new HTTPS connection (1): finnhub.io:443
2021-12-29 00:13:53,147 - DEBUG - https://finnhub.io:443 "GET /api/v1/stock/price-target?&token=c71nnkaad3ieuiu4d000&symbol=ALRM HTTP/1.1" 200 None
2021-12-29 00:15:14,627 - DEBUG - Starting new HTTPS connection (1): finnhub.io:443
2021-12-29 00:15:14,816 - DEBUG - https://finnhub.io:443 "GET /api/v1/stock/upgrade-downgrade?&token=c71nnkaad3ieuiu4d000 HTTP/1.1" 200 None
2021-12-29 00:15:14,821 - DEBUG - Starting new HTTPS connection (1): finnhub.io:443
2021-12-29 00:15:14,981 - DEBUG - https://finnhub.io:443 "GET /api/v1/stock/upgrade-downgrade?&token=c71nnkaad3ieuiu4d000 HTTP/1.1" 200 None
2021-12-29 00:15:14,995 - DEBUG - Starting new HTTPS connection (1): finnhub.io:443
2021-12-29 00:15:15,155 - DEBUG - https://finnhub.io:443 "GET /api/v1/stock/price-target?&token=c71nnkaad3ieuiu4d000&symbol=ALRM HTTP/1.1" 200 None
2021-12-29 10:36:29,111 - DEBUG - Starting new HTTPS connection (1): finnhub.io:443
2021-12-29 10:36:29,269 - DEBUG - https://finnhub.io:443 "GET /api/v1/stock/upgrade-downgrade?&token=c71nnkaad3ieuiu4d000 HTTP/1.1" 200 None
2021-12-29 10:36:29,292 - DEBUG - Starting new HTTPS connection (1): finnhub.io:443
2021-12-29 10:36:29,431 - DEBUG - https://finnhub.io:443 "GET /api/v1/stock/upgrade-downgrade?&token=c71nnkaad3ieuiu4d000 HTTP/1.1" 200 None
2021-12-29 10:36:29,450 - DEBUG - Starting new HTTPS connection (1): finnhub.io:443
2021-12-29 10:36:29,575 - DEBUG - https://finnhub.io:443 "GET /api/v1/stock/price-target?&token=c71nnkaad3ieuiu4d000&symbol=MEOH HTTP/1.1" 200 None
2021-12-29 10:36:29,580 - DEBUG - Starting new HTTPS connection (1): api.powerbi.com:443
2021-12-29 10:36:29,896 - DEBUG - https://api.powerbi.com:443 "POST /beta/b67d722d-aa8a-4777-a169-ebeb7a6a3b67/datasets/520ae51f-637f-4efd-96be-dad192e05be4/rows?key=xOihNIQCsJUKPN0QCs93Ni3JCw0ULxfuul7LXbsyqDrprXUnu6NFehkGrhbxvnfxt9SZs3lQDqLdQjBstxp13g%3D%3D HTTP/1.1" 500 None
2021-12-29 10:36:29,901 - DEBUG - Starting new HTTPS connection (1): finnhub.io:443
2021-12-29 10:36:30,036 - DEBUG - https://finnhub.io:443 "GET /api/v1/stock/price-target?&token=c71nnkaad3ieuiu4d000&symbol=BRG HTTP/1.1" 200 None
2021-12-29 10:36:30,040 - DEBUG - Starting new HTTPS connection (1): api.powerbi.com:443
2021-12-29 10:36:30,165 - DEBUG - https://api.powerbi.com:443 "POST /beta/b67d722d-aa8a-4777-a169-ebeb7a6a3b67/datasets/520ae51f-637f-4efd-96be-dad192e05be4/rows?key=xOihNIQCsJUKPN0QCs93Ni3JCw0ULxfuul7LXbsyqDrprXUnu6NFehkGrhbxvnfxt9SZs3lQDqLdQjBstxp13g%3D%3D HTTP/1.1" 500 None
2021-12-29 10:36:30,170 - DEBUG - Starting new HTTPS connection (1): finnhub.io:443
2021-12-29 10:36:30,292 - DEBUG - https://finnhub.io:443 "GET /api/v1/stock/price-target?&token=c71nnkaad3ieuiu4d000&symbol=CTAS HTTP/1.1" 200 None
2021-12-29 10:36:30,298 - DEBUG - Starting new HTTPS connection (1): api.powerbi.com:443
2021-12-29 10:36:30,443 - DEBUG - https://api.powerbi.com:443 "POST /beta/b67d722d-aa8a-4777-a169-ebeb7a6a3b67/datasets/520ae51f-637f-4efd-96be-dad192e05be4/rows?key=xOihNIQCsJUKPN0QCs93Ni3JCw0ULxfuul7LXbsyqDrprXUnu6NFehkGrhbxvnfxt9SZs3lQDqLdQjBstxp13g%3D%3D HTTP/1.1" 500 None
2021-12-29 10:36:30,446 - DEBUG - Starting new HTTPS connection (1): finnhub.io:443
2021-12-29 10:36:30,580 - DEBUG - https://finnhub.io:443 "GET /api/v1/stock/price-target?&token=c71nnkaad3ieuiu4d000&symbol=EIX HTTP/1.1" 200 None
2021-12-29 10:36:30,586 - DEBUG - Starting new HTTPS connection (1): api.powerbi.com:443
2021-12-29 10:36:30,733 - DEBUG - https://api.powerbi.com:443 "POST /beta/b67d722d-aa8a-4777-a169-ebeb7a6a3b67/datasets/520ae51f-637f-4efd-96be-dad192e05be4/rows?key=xOihNIQCsJUKPN0QCs93Ni3JCw0ULxfuul7LXbsyqDrprXUnu6NFehkGrhbxvnfxt9SZs3lQDqLdQjBstxp13g%3D%3D HTTP/1.1" 500 None
2021-12-29 10:36:30,738 - DEBUG - Starting new HTTPS connection (1): finnhub.io:443
2021-12-29 10:36:30,864 - DEBUG - https://finnhub.io:443 "GET /api/v1/stock/price-target?&token=c71nnkaad3ieuiu4d000&symbol=MCD HTTP/1.1" 200 None
2021-12-29 10:36:30,870 - DEBUG - Starting new HTTPS connection (1): api.powerbi.com:443
2021-12-29 10:36:31,017 - DEBUG - https://api.powerbi.com:443 "POST /beta/b67d722d-aa8a-4777-a169-ebeb7a6a3b67/datasets/520ae51f-637f-4efd-96be-dad192e05be4/rows?key=xOihNIQCsJUKPN0QCs93Ni3JCw0ULxfuul7LXbsyqDrprXUnu6NFehkGrhbxvnfxt9SZs3lQDqLdQjBstxp13g%3D%3D HTTP/1.1" 500 None
2021-12-29 10:36:31,020 - DEBUG - Starting new HTTPS connection (1): finnhub.io:443
2021-12-29 10:36:31,166 - DEBUG - https://finnhub.io:443 "GET /api/v1/stock/price-target?&token=c71nnkaad3ieuiu4d000&symbol=BTX HTTP/1.1" 200 None
2021-12-29 10:36:31,171 - DEBUG - Starting new HTTPS connection (1): api.powerbi.com:443
2021-12-29 10:36:31,407 - DEBUG - https://api.powerbi.com:443 "POST /beta/b67d722d-aa8a-4777-a169-ebeb7a6a3b67/datasets/520ae51f-637f-4efd-96be-dad192e05be4/rows?key=xOihNIQCsJUKPN0QCs93Ni3JCw0ULxfuul7LXbsyqDrprXUnu6NFehkGrhbxvnfxt9SZs3lQDqLdQjBstxp13g%3D%3D HTTP/1.1" 500 None
2021-12-29 10:36:31,411 - DEBUG - Starting new HTTPS connection (1): finnhub.io:443
2021-12-29 10:36:31,554 - DEBUG - https://finnhub.io:443 "GET /api/v1/stock/price-target?&token=c71nnkaad3ieuiu4d000&symbol=MSP HTTP/1.1" 200 None
2021-12-29 10:36:31,559 - DEBUG - Starting new HTTPS connection (1): api.powerbi.com:443
2021-12-29 10:36:31,738 - DEBUG - https://api.powerbi.com:443 "POST /beta/b67d722d-aa8a-4777-a169-ebeb7a6a3b67/datasets/520ae51f-637f-4efd-96be-dad192e05be4/rows?key=xOihNIQCsJUKPN0QCs93Ni3JCw0ULxfuul7LXbsyqDrprXUnu6NFehkGrhbxvnfxt9SZs3lQDqLdQjBstxp13g%3D%3D HTTP/1.1" 500 None
2021-12-29 10:36:31,743 - DEBUG - Starting new HTTPS connection (1): finnhub.io:443
2021-12-29 10:36:31,901 - DEBUG - https://finnhub.io:443 "GET /api/v1/stock/price-target?&token=c71nnkaad3ieuiu4d000&symbol=KNSA HTTP/1.1" 200 None
2021-12-29 10:36:31,906 - DEBUG - Starting new HTTPS connection (1): api.powerbi.com:443
2021-12-29 10:36:32,092 - DEBUG - https://api.powerbi.com:443 "POST /beta/b67d722d-aa8a-4777-a169-ebeb7a6a3b67/datasets/520ae51f-637f-4efd-96be-dad192e05be4/rows?key=xOihNIQCsJUKPN0QCs93Ni3JCw0ULxfuul7LXbsyqDrprXUnu6NFehkGrhbxvnfxt9SZs3lQDqLdQjBstxp13g%3D%3D HTTP/1.1" 500 None
2021-12-29 10:36:32,097 - DEBUG - Starting new HTTPS connection (1): finnhub.io:443
2021-12-29 10:36:32,222 - DEBUG - https://finnhub.io:443 "GET /api/v1/stock/price-target?&token=c71nnkaad3ieuiu4d000&symbol=CLBT HTTP/1.1" 200 None
2021-12-29 10:36:32,227 - DEBUG - Starting new HTTPS connection (1): api.powerbi.com:443
2021-12-29 10:36:32,417 - DEBUG - https://api.powerbi.com:443 "POST /beta/b67d722d-aa8a-4777-a169-ebeb7a6a3b67/datasets/520ae51f-637f-4efd-96be-dad192e05be4/rows?key=xOihNIQCsJUKPN0QCs93Ni3JCw0ULxfuul7LXbsyqDrprXUnu6NFehkGrhbxvnfxt9SZs3lQDqLdQjBstxp13g%3D%3D HTTP/1.1" 500 None
2021-12-29 10:36:32,422 - DEBUG - Starting new HTTPS connection (1): finnhub.io:443
2021-12-29 10:36:32,552 - DEBUG - https://finnhub.io:443 "GET /api/v1/stock/price-target?&token=c71nnkaad3ieuiu4d000&symbol=NRIX HTTP/1.1" 200 None
2021-12-29 10:36:32,557 - DEBUG - Starting new HTTPS connection (1): api.powerbi.com:443
2021-12-29 10:36:32,776 - DEBUG - https://api.powerbi.com:443 "POST /beta/b67d722d-aa8a-4777-a169-ebeb7a6a3b67/datasets/520ae51f-637f-4efd-96be-dad192e05be4/rows?key=xOihNIQCsJUKPN0QCs93Ni3JCw0ULxfuul7LXbsyqDrprXUnu6NFehkGrhbxvnfxt9SZs3lQDqLdQjBstxp13g%3D%3D HTTP/1.1" 500 None
2021-12-29 10:36:32,781 - DEBUG - Starting new HTTPS connection (1): finnhub.io:443
2021-12-29 10:36:32,912 - DEBUG - https://finnhub.io:443 "GET /api/v1/stock/price-target?&token=c71nnkaad3ieuiu4d000&symbol=DVAX HTTP/1.1" 200 None
2021-12-29 10:36:32,918 - DEBUG - Starting new HTTPS connection (1): api.powerbi.com:443
2021-12-29 10:36:33,061 - DEBUG - https://api.powerbi.com:443 "POST /beta/b67d722d-aa8a-4777-a169-ebeb7a6a3b67/datasets/520ae51f-637f-4efd-96be-dad192e05be4/rows?key=xOihNIQCsJUKPN0QCs93Ni3JCw0ULxfuul7LXbsyqDrprXUnu6NFehkGrhbxvnfxt9SZs3lQDqLdQjBstxp13g%3D%3D HTTP/1.1" 500 None
2021-12-29 10:36:33,066 - DEBUG - Starting new HTTPS connection (1): finnhub.io:443
2021-12-29 10:36:33,203 - DEBUG - https://finnhub.io:443 "GET /api/v1/stock/price-target?&token=c71nnkaad3ieuiu4d000&symbol=WING HTTP/1.1" 200 None
2021-12-29 10:36:33,208 - DEBUG - Starting new HTTPS connection (1): api.powerbi.com:443
2021-12-29 10:36:33,346 - DEBUG - https://api.powerbi.com:443 "POST /beta/b67d722d-aa8a-4777-a169-ebeb7a6a3b67/datasets/520ae51f-637f-4efd-96be-dad192e05be4/rows?key=xOihNIQCsJUKPN0QCs93Ni3JCw0ULxfuul7LXbsyqDrprXUnu6NFehkGrhbxvnfxt9SZs3lQDqLdQjBstxp13g%3D%3D HTTP/1.1" 500 None
2021-12-29 10:36:33,351 - DEBUG - Starting new HTTPS connection (1): finnhub.io:443
2021-12-29 10:36:33,486 - DEBUG - https://finnhub.io:443 "GET /api/v1/stock/price-target?&token=c71nnkaad3ieuiu4d000&symbol=NABL HTTP/1.1" 200 None
2021-12-29 10:36:33,490 - DEBUG - Starting new HTTPS connection (1): api.powerbi.com:443
2021-12-29 10:36:33,624 - DEBUG - https://api.powerbi.com:443 "POST /beta/b67d722d-aa8a-4777-a169-ebeb7a6a3b67/datasets/520ae51f-637f-4efd-96be-dad192e05be4/rows?key=xOihNIQCsJUKPN0QCs93Ni3JCw0ULxfuul7LXbsyqDrprXUnu6NFehkGrhbxvnfxt9SZs3lQDqLdQjBstxp13g%3D%3D HTTP/1.1" 500 None
2021-12-29 10:36:33,627 - DEBUG - Starting new HTTPS connection (1): finnhub.io:443
2021-12-29 10:36:33,766 - DEBUG - https://finnhub.io:443 "GET /api/v1/stock/price-target?&token=c71nnkaad3ieuiu4d000&symbol=TENB HTTP/1.1" 200 None
2021-12-29 10:36:33,769 - DEBUG - Starting new HTTPS connection (1): api.powerbi.com:443
2021-12-29 10:36:34,284 - DEBUG - https://api.powerbi.com:443 "POST /beta/b67d722d-aa8a-4777-a169-ebeb7a6a3b67/datasets/520ae51f-637f-4efd-96be-dad192e05be4/rows?key=xOihNIQCsJUKPN0QCs93Ni3JCw0ULxfuul7LXbsyqDrprXUnu6NFehkGrhbxvnfxt9SZs3lQDqLdQjBstxp13g%3D%3D HTTP/1.1" 500 None
2021-12-29 10:36:34,288 - DEBUG - Starting new HTTPS connection (1): finnhub.io:443
2021-12-29 10:36:34,414 - DEBUG - https://finnhub.io:443 "GET /api/v1/stock/price-target?&token=c71nnkaad3ieuiu4d000&symbol=AKAM HTTP/1.1" 200 None
2021-12-29 10:36:34,418 - DEBUG - Starting new HTTPS connection (1): api.powerbi.com:443
2021-12-29 10:36:34,537 - DEBUG - https://api.powerbi.com:443 "POST /beta/b67d722d-aa8a-4777-a169-ebeb7a6a3b67/datasets/520ae51f-637f-4efd-96be-dad192e05be4/rows?key=xOihNIQCsJUKPN0QCs93Ni3JCw0ULxfuul7LXbsyqDrprXUnu6NFehkGrhbxvnfxt9SZs3lQDqLdQjBstxp13g%3D%3D HTTP/1.1" 500 None
2021-12-29 10:39:56,341 - DEBUG - Starting new HTTPS connection (1): finnhub.io:443
2021-12-29 10:39:56,512 - DEBUG - https://finnhub.io:443 "GET /api/v1/stock/upgrade-downgrade?&token=c71nnkaad3ieuiu4d000 HTTP/1.1" 200 None
2021-12-29 10:39:56,534 - DEBUG - Starting new HTTPS connection (1): finnhub.io:443
2021-12-29 10:39:56,680 - DEBUG - https://finnhub.io:443 "GET /api/v1/stock/upgrade-downgrade?&token=c71nnkaad3ieuiu4d000 HTTP/1.1" 200 None
2021-12-29 10:39:56,705 - DEBUG - Starting new HTTPS connection (1): finnhub.io:443
2021-12-29 10:39:56,840 - DEBUG - https://finnhub.io:443 "GET /api/v1/stock/price-target?&token=c71nnkaad3ieuiu4d000&symbol=MEOH HTTP/1.1" 200 None
2021-12-29 10:39:56,845 - DEBUG - Starting new HTTPS connection (1): api.powerbi.com:443
2021-12-29 10:39:57,072 - DEBUG - https://api.powerbi.com:443 "POST /beta/b67d722d-aa8a-4777-a169-ebeb7a6a3b67/datasets/520ae51f-637f-4efd-96be-dad192e05be4/rows?key=xOihNIQCsJUKPN0QCs93Ni3JCw0ULxfuul7LXbsyqDrprXUnu6NFehkGrhbxvnfxt9SZs3lQDqLdQjBstxp13g%3D%3D HTTP/1.1" 500 None
2021-12-29 10:39:57,077 - DEBUG - Starting new HTTPS connection (1): finnhub.io:443
2021-12-29 10:39:57,207 - DEBUG - https://finnhub.io:443 "GET /api/v1/stock/price-target?&token=c71nnkaad3ieuiu4d000&symbol=BRG HTTP/1.1" 200 None
2021-12-29 10:39:57,212 - DEBUG - Starting new HTTPS connection (1): api.powerbi.com:443
2021-12-29 10:39:57,343 - DEBUG - https://api.powerbi.com:443 "POST /beta/b67d722d-aa8a-4777-a169-ebeb7a6a3b67/datasets/520ae51f-637f-4efd-96be-dad192e05be4/rows?key=xOihNIQCsJUKPN0QCs93Ni3JCw0ULxfuul7LXbsyqDrprXUnu6NFehkGrhbxvnfxt9SZs3lQDqLdQjBstxp13g%3D%3D HTTP/1.1" 500 None
2021-12-29 10:39:57,347 - DEBUG - Starting new HTTPS connection (1): finnhub.io:443
2021-12-29 10:39:57,473 - DEBUG - https://finnhub.io:443 "GET /api/v1/stock/price-target?&token=c71nnkaad3ieuiu4d000&symbol=CTAS HTTP/1.1" 200 None
2021-12-29 10:39:57,478 - DEBUG - Starting new HTTPS connection (1): api.powerbi.com:443
2021-12-29 10:39:57,623 - DEBUG - https://api.powerbi.com:443 "POST /beta/b67d722d-aa8a-4777-a169-ebeb7a6a3b67/datasets/520ae51f-637f-4efd-96be-dad192e05be4/rows?key=xOihNIQCsJUKPN0QCs93Ni3JCw0ULxfuul7LXbsyqDrprXUnu6NFehkGrhbxvnfxt9SZs3lQDqLdQjBstxp13g%3D%3D HTTP/1.1" 500 None
2021-12-29 10:39:57,627 - DEBUG - Starting new HTTPS connection (1): finnhub.io:443
2021-12-29 10:39:57,756 - DEBUG - https://finnhub.io:443 "GET /api/v1/stock/price-target?&token=c71nnkaad3ieuiu4d000&symbol=EIX HTTP/1.1" 200 None
2021-12-29 10:39:57,761 - DEBUG - Starting new HTTPS connection (1): api.powerbi.com:443
2021-12-29 10:39:57,891 - DEBUG - https://api.powerbi.com:443 "POST /beta/b67d722d-aa8a-4777-a169-ebeb7a6a3b67/datasets/520ae51f-637f-4efd-96be-dad192e05be4/rows?key=xOihNIQCsJUKPN0QCs93Ni3JCw0ULxfuul7LXbsyqDrprXUnu6NFehkGrhbxvnfxt9SZs3lQDqLdQjBstxp13g%3D%3D HTTP/1.1" 500 None
2021-12-29 10:39:57,896 - DEBUG - Starting new HTTPS connection (1): finnhub.io:443
2021-12-29 10:39:58,022 - DEBUG - https://finnhub.io:443 "GET /api/v1/stock/price-target?&token=c71nnkaad3ieuiu4d000&symbol=MCD HTTP/1.1" 200 None
2021-12-29 10:39:58,026 - DEBUG - Starting new HTTPS connection (1): api.powerbi.com:443
2021-12-29 10:41:35,350 - DEBUG - Starting new HTTPS connection (1): finnhub.io:443
2021-12-29 10:41:35,510 - DEBUG - https://finnhub.io:443 "GET /api/v1/stock/upgrade-downgrade?&token=c71nnkaad3ieuiu4d000 HTTP/1.1" 200 None
2021-12-29 10:41:35,537 - DEBUG - Starting new HTTPS connection (1): finnhub.io:443
2021-12-29 10:41:35,686 - DEBUG - https://finnhub.io:443 "GET /api/v1/stock/upgrade-downgrade?&token=c71nnkaad3ieuiu4d000 HTTP/1.1" 200 None
2021-12-29 10:41:35,708 - DEBUG - Starting new HTTPS connection (1): finnhub.io:443
2021-12-29 10:41:35,848 - DEBUG - https://finnhub.io:443 "GET /api/v1/stock/price-target?&token=c71nnkaad3ieuiu4d000&symbol=MEOH HTTP/1.1" 200 None
2021-12-29 10:41:35,853 - DEBUG - Starting new HTTPS connection (1): api.powerbi.com:443
2021-12-29 10:41:36,085 - DEBUG - https://api.powerbi.com:443 "POST /beta/b67d722d-aa8a-4777-a169-ebeb7a6a3b67/datasets/520ae51f-637f-4efd-96be-dad192e05be4/rows?key=xOihNIQCsJUKPN0QCs93Ni3JCw0ULxfuul7LXbsyqDrprXUnu6NFehkGrhbxvnfxt9SZs3lQDqLdQjBstxp13g%3D%3D HTTP/1.1" 500 None
2021-12-29 10:41:36,089 - DEBUG - Starting new HTTPS connection (1): finnhub.io:443
2021-12-29 10:41:36,240 - DEBUG - https://finnhub.io:443 "GET /api/v1/stock/price-target?&token=c71nnkaad3ieuiu4d000&symbol=BRG HTTP/1.1" 200 None
2021-12-29 10:41:36,245 - DEBUG - Starting new HTTPS connection (1): api.powerbi.com:443
2021-12-29 10:41:36,406 - DEBUG - https://api.powerbi.com:443 "POST /beta/b67d722d-aa8a-4777-a169-ebeb7a6a3b67/datasets/520ae51f-637f-4efd-96be-dad192e05be4/rows?key=xOihNIQCsJUKPN0QCs93Ni3JCw0ULxfuul7LXbsyqDrprXUnu6NFehkGrhbxvnfxt9SZs3lQDqLdQjBstxp13g%3D%3D HTTP/1.1" 500 None
2021-12-29 10:41:36,411 - DEBUG - Starting new HTTPS connection (1): finnhub.io:443
2021-12-29 10:41:36,558 - DEBUG - https://finnhub.io:443 "GET /api/v1/stock/price-target?&token=c71nnkaad3ieuiu4d000&symbol=CTAS HTTP/1.1" 200 None
2021-12-29 10:41:36,563 - DEBUG - Starting new HTTPS connection (1): api.powerbi.com:443
2021-12-29 10:41:36,695 - DEBUG - https://api.powerbi.com:443 "POST /beta/b67d722d-aa8a-4777-a169-ebeb7a6a3b67/datasets/520ae51f-637f-4efd-96be-dad192e05be4/rows?key=xOihNIQCsJUKPN0QCs93Ni3JCw0ULxfuul7LXbsyqDrprXUnu6NFehkGrhbxvnfxt9SZs3lQDqLdQjBstxp13g%3D%3D HTTP/1.1" 500 None
2021-12-29 10:41:36,701 - DEBUG - Starting new HTTPS connection (1): finnhub.io:443
2021-12-29 10:41:36,838 - DEBUG - https://finnhub.io:443 "GET /api/v1/stock/price-target?&token=c71nnkaad3ieuiu4d000&symbol=EIX HTTP/1.1" 200 None
2021-12-29 10:41:36,842 - DEBUG - Starting new HTTPS connection (1): api.powerbi.com:443
2021-12-29 10:41:36,988 - DEBUG - https://api.powerbi.com:443 "POST /beta/b67d722d-aa8a-4777-a169-ebeb7a6a3b67/datasets/520ae51f-637f-4efd-96be-dad192e05be4/rows?key=xOihNIQCsJUKPN0QCs93Ni3JCw0ULxfuul7LXbsyqDrprXUnu6NFehkGrhbxvnfxt9SZs3lQDqLdQjBstxp13g%3D%3D HTTP/1.1" 500 None
2021-12-29 10:41:36,992 - DEBUG - Starting new HTTPS connection (1): finnhub.io:443
2021-12-29 10:41:37,124 - DEBUG - https://finnhub.io:443 "GET /api/v1/stock/price-target?&token=c71nnkaad3ieuiu4d000&symbol=MCD HTTP/1.1" 200 None
2021-12-29 10:41:37,129 - DEBUG - Starting new HTTPS connection (1): api.powerbi.com:443
2021-12-29 10:41:37,275 - DEBUG - https://api.powerbi.com:443 "POST /beta/b67d722d-aa8a-4777-a169-ebeb7a6a3b67/datasets/520ae51f-637f-4efd-96be-dad192e05be4/rows?key=xOihNIQCsJUKPN0QCs93Ni3JCw0ULxfuul7LXbsyqDrprXUnu6NFehkGrhbxvnfxt9SZs3lQDqLdQjBstxp13g%3D%3D HTTP/1.1" 500 None
2021-12-29 10:41:37,280 - DEBUG - Starting new HTTPS connection (1): finnhub.io:443
2021-12-29 10:41:37,405 - DEBUG - https://finnhub.io:443 "GET /api/v1/stock/price-target?&token=c71nnkaad3ieuiu4d000&symbol=BTX HTTP/1.1" 200 None
2021-12-29 10:41:37,411 - DEBUG - Starting new HTTPS connection (1): api.powerbi.com:443
2021-12-29 10:41:37,553 - DEBUG - https://api.powerbi.com:443 "POST /beta/b67d722d-aa8a-4777-a169-ebeb7a6a3b67/datasets/520ae51f-637f-4efd-96be-dad192e05be4/rows?key=xOihNIQCsJUKPN0QCs93Ni3JCw0ULxfuul7LXbsyqDrprXUnu6NFehkGrhbxvnfxt9SZs3lQDqLdQjBstxp13g%3D%3D HTTP/1.1" 500 None
2021-12-29 10:41:37,557 - DEBUG - Starting new HTTPS connection (1): finnhub.io:443
2021-12-29 10:41:37,702 - DEBUG - https://finnhub.io:443 "GET /api/v1/stock/price-target?&token=c71nnkaad3ieuiu4d000&symbol=MSP HTTP/1.1" 200 None
2021-12-29 10:41:37,708 - DEBUG - Starting new HTTPS connection (1): api.powerbi.com:443
2021-12-29 10:41:37,857 - DEBUG - https://api.powerbi.com:443 "POST /beta/b67d722d-aa8a-4777-a169-ebeb7a6a3b67/datasets/520ae51f-637f-4efd-96be-dad192e05be4/rows?key=xOihNIQCsJUKPN0QCs93Ni3JCw0ULxfuul7LXbsyqDrprXUnu6NFehkGrhbxvnfxt9SZs3lQDqLdQjBstxp13g%3D%3D HTTP/1.1" 500 None
2021-12-29 10:41:37,861 - DEBUG - Starting new HTTPS connection (1): finnhub.io:443
2021-12-29 10:41:37,999 - DEBUG - https://finnhub.io:443 "GET /api/v1/stock/price-target?&token=c71nnkaad3ieuiu4d000&symbol=KNSA HTTP/1.1" 200 None
2021-12-29 10:41:38,002 - DEBUG - Starting new HTTPS connection (1): api.powerbi.com:443
2021-12-29 10:41:38,128 - DEBUG - https://api.powerbi.com:443 "POST /beta/b67d722d-aa8a-4777-a169-ebeb7a6a3b67/datasets/520ae51f-637f-4efd-96be-dad192e05be4/rows?key=xOihNIQCsJUKPN0QCs93Ni3JCw0ULxfuul7LXbsyqDrprXUnu6NFehkGrhbxvnfxt9SZs3lQDqLdQjBstxp13g%3D%3D HTTP/1.1" 500 None
2021-12-29 10:41:38,131 - DEBUG - Starting new HTTPS connection (1): finnhub.io:443
2021-12-29 10:43:11,039 - DEBUG - Starting new HTTPS connection (1): finnhub.io:443
2021-12-29 10:43:11,205 - DEBUG - https://finnhub.io:443 "GET /api/v1/stock/upgrade-downgrade?&token=c71nnkaad3ieuiu4d000 HTTP/1.1" 200 None
2021-12-29 10:43:11,233 - DEBUG - Starting new HTTPS connection (1): finnhub.io:443
2021-12-29 10:43:11,362 - DEBUG - https://finnhub.io:443 "GET /api/v1/stock/upgrade-downgrade?&token=c71nnkaad3ieuiu4d000 HTTP/1.1" 200 None
2021-12-29 10:43:11,393 - DEBUG - Starting new HTTPS connection (1): finnhub.io:443
2021-12-29 10:43:11,543 - DEBUG - https://finnhub.io:443 "GET /api/v1/stock/price-target?&token=c71nnkaad3ieuiu4d000&symbol=MEOH HTTP/1.1" 200 None
2021-12-29 10:43:11,548 - DEBUG - Starting new HTTPS connection (1): api.powerbi.com:443
2021-12-29 10:43:11,850 - DEBUG - https://api.powerbi.com:443 "POST /beta/b67d722d-aa8a-4777-a169-ebeb7a6a3b67/datasets/520ae51f-637f-4efd-96be-dad192e05be4/rows?key=xOihNIQCsJUKPN0QCs93Ni3JCw0ULxfuul7LXbsyqDrprXUnu6NFehkGrhbxvnfxt9SZs3lQDqLdQjBstxp13g%3D%3D HTTP/1.1" 500 None
2021-12-29 10:43:32,032 - DEBUG - Starting new HTTPS connection (1): finnhub.io:443
2021-12-29 10:43:32,186 - DEBUG - https://finnhub.io:443 "GET /api/v1/stock/upgrade-downgrade?&token=c71nnkaad3ieuiu4d000 HTTP/1.1" 200 None
2021-12-29 10:43:32,216 - DEBUG - Starting new HTTPS connection (1): finnhub.io:443
2021-12-29 10:43:32,345 - DEBUG - https://finnhub.io:443 "GET /api/v1/stock/upgrade-downgrade?&token=c71nnkaad3ieuiu4d000 HTTP/1.1" 200 None
2021-12-29 10:43:32,371 - DEBUG - Starting new HTTPS connection (1): finnhub.io:443
2021-12-29 10:43:32,500 - DEBUG - https://finnhub.io:443 "GET /api/v1/stock/price-target?&token=c71nnkaad3ieuiu4d000&symbol=MEOH HTTP/1.1" 200 None
2021-12-29 10:43:32,505 - DEBUG - Starting new HTTPS connection (1): api.powerbi.com:443
2021-12-29 10:43:32,722 - DEBUG - https://api.powerbi.com:443 "POST /beta/b67d722d-aa8a-4777-a169-ebeb7a6a3b67/datasets/520ae51f-637f-4efd-96be-dad192e05be4/rows?key=xOihNIQCsJUKPN0QCs93Ni3JCw0ULxfuul7LXbsyqDrprXUnu6NFehkGrhbxvnfxt9SZs3lQDqLdQjBstxp13g%3D%3D HTTP/1.1" 500 None
2021-12-29 10:43:32,727 - DEBUG - Starting new HTTPS connection (1): finnhub.io:443
2021-12-29 10:43:32,848 - DEBUG - https://finnhub.io:443 "GET /api/v1/stock/price-target?&token=c71nnkaad3ieuiu4d000&symbol=BRG HTTP/1.1" 200 None
2021-12-29 10:43:32,853 - DEBUG - Starting new HTTPS connection (1): api.powerbi.com:443
2021-12-29 10:43:33,001 - DEBUG - https://api.powerbi.com:443 "POST /beta/b67d722d-aa8a-4777-a169-ebeb7a6a3b67/datasets/520ae51f-637f-4efd-96be-dad192e05be4/rows?key=xOihNIQCsJUKPN0QCs93Ni3JCw0ULxfuul7LXbsyqDrprXUnu6NFehkGrhbxvnfxt9SZs3lQDqLdQjBstxp13g%3D%3D HTTP/1.1" 500 None
2021-12-29 10:43:33,006 - DEBUG - Starting new HTTPS connection (1): finnhub.io:443
2021-12-29 10:43:33,156 - DEBUG - https://finnhub.io:443 "GET /api/v1/stock/price-target?&token=c71nnkaad3ieuiu4d000&symbol=CTAS HTTP/1.1" 200 None
2021-12-29 10:43:33,159 - DEBUG - Starting new HTTPS connection (1): api.powerbi.com:443
2021-12-29 10:43:33,355 - DEBUG - https://api.powerbi.com:443 "POST /beta/b67d722d-aa8a-4777-a169-ebeb7a6a3b67/datasets/520ae51f-637f-4efd-96be-dad192e05be4/rows?key=xOihNIQCsJUKPN0QCs93Ni3JCw0ULxfuul7LXbsyqDrprXUnu6NFehkGrhbxvnfxt9SZs3lQDqLdQjBstxp13g%3D%3D HTTP/1.1" 500 None
2021-12-29 10:43:33,358 - DEBUG - Starting new HTTPS connection (1): finnhub.io:443
2021-12-29 10:43:33,476 - DEBUG - https://finnhub.io:443 "GET /api/v1/stock/price-target?&token=c71nnkaad3ieuiu4d000&symbol=EIX HTTP/1.1" 200 None
2021-12-29 10:43:33,479 - DEBUG - Starting new HTTPS connection (1): api.powerbi.com:443
2021-12-29 10:43:33,660 - DEBUG - https://api.powerbi.com:443 "POST /beta/b67d722d-aa8a-4777-a169-ebeb7a6a3b67/datasets/520ae51f-637f-4efd-96be-dad192e05be4/rows?key=xOihNIQCsJUKPN0QCs93Ni3JCw0ULxfuul7LXbsyqDrprXUnu6NFehkGrhbxvnfxt9SZs3lQDqLdQjBstxp13g%3D%3D HTTP/1.1" 500 None
2021-12-29 10:43:33,663 - DEBUG - Starting new HTTPS connection (1): finnhub.io:443
2021-12-29 17:34:19,174 - DEBUG - Starting new HTTPS connection (1): finnhub.io:443
2021-12-29 17:34:19,375 - DEBUG - https://finnhub.io:443 "GET /api/v1/stock/upgrade-downgrade?&token=c71nnkaad3ieuiu4d000 HTTP/1.1" 200 None
2021-12-29 17:34:19,409 - DEBUG - Starting new HTTPS connection (1): finnhub.io:443
2021-12-29 17:34:19,564 - DEBUG - https://finnhub.io:443 "GET /api/v1/stock/upgrade-downgrade?&token=c71nnkaad3ieuiu4d000 HTTP/1.1" 200 None
2021-12-29 17:34:19,605 - DEBUG - Starting new HTTPS connection (1): finnhub.io:443
2021-12-29 17:34:19,724 - DEBUG - https://finnhub.io:443 "GET /api/v1/stock/price-target?&token=c71nnkaad3ieuiu4d000&symbol=MEOH HTTP/1.1" 200 None
2021-12-29 17:35:11,723 - DEBUG - Starting new HTTPS connection (1): finnhub.io:443
2021-12-29 17:35:11,860 - DEBUG - https://finnhub.io:443 "GET /api/v1/stock/upgrade-downgrade?&token=c71nnkaad3ieuiu4d000 HTTP/1.1" 200 None
2021-12-29 17:35:11,889 - DEBUG - Starting new HTTPS connection (1): finnhub.io:443
2021-12-29 17:35:12,034 - DEBUG - https://finnhub.io:443 "GET /api/v1/stock/upgrade-downgrade?&token=c71nnkaad3ieuiu4d000 HTTP/1.1" 200 None
2021-12-29 17:35:12,070 - DEBUG - Starting new HTTPS connection (1): finnhub.io:443
2021-12-29 17:35:12,211 - DEBUG - https://finnhub.io:443 "GET /api/v1/stock/price-target?&token=c71nnkaad3ieuiu4d000&symbol=MEOH HTTP/1.1" 200 None
2021-12-29 17:44:27,469 - DEBUG - Starting new HTTPS connection (1): finnhub.io:443
2021-12-29 17:44:27,651 - DEBUG - https://finnhub.io:443 "GET /api/v1/stock/upgrade-downgrade?&token=c71nnkaad3ieuiu4d000 HTTP/1.1" 200 None
2021-12-29 17:44:27,674 - DEBUG - Starting new HTTPS connection (1): finnhub.io:443
2021-12-29 17:44:27,803 - DEBUG - https://finnhub.io:443 "GET /api/v1/stock/upgrade-downgrade?&token=c71nnkaad3ieuiu4d000 HTTP/1.1" 200 None
2021-12-29 17:44:27,843 - DEBUG - Starting new HTTPS connection (1): finnhub.io:443
2021-12-29 17:44:27,973 - DEBUG - https://finnhub.io:443 "GET /api/v1/stock/price-target?&token=c71nnkaad3ieuiu4d000&symbol=MEOH HTTP/1.1" 200 None
2021-12-29 17:45:33,859 - DEBUG - Starting new HTTPS connection (1): finnhub.io:443
2021-12-29 17:45:33,993 - DEBUG - https://finnhub.io:443 "GET /api/v1/stock/upgrade-downgrade?&token=c71nnkaad3ieuiu4d000 HTTP/1.1" 200 None
2021-12-29 17:45:34,027 - DEBUG - Starting new HTTPS connection (1): finnhub.io:443
2021-12-29 17:45:34,143 - DEBUG - https://finnhub.io:443 "GET /api/v1/stock/upgrade-downgrade?&token=c71nnkaad3ieuiu4d000 HTTP/1.1" 200 None
2021-12-29 17:45:34,168 - DEBUG - Starting new HTTPS connection (1): finnhub.io:443
2021-12-29 17:45:34,313 - DEBUG - https://finnhub.io:443 "GET /api/v1/stock/price-target?&token=c71nnkaad3ieuiu4d000&symbol=MEOH HTTP/1.1" 200 None
2021-12-29 17:46:54,561 - DEBUG - Starting new HTTPS connection (1): finnhub.io:443
2021-12-29 17:46:54,708 - DEBUG - https://finnhub.io:443 "GET /api/v1/stock/upgrade-downgrade?&token=c71nnkaad3ieuiu4d000 HTTP/1.1" 200 None
2021-12-29 17:46:54,730 - DEBUG - Starting new HTTPS connection (1): finnhub.io:443
2021-12-29 17:46:54,859 - DEBUG - https://finnhub.io:443 "GET /api/v1/stock/upgrade-downgrade?&token=c71nnkaad3ieuiu4d000 HTTP/1.1" 200 None
2021-12-29 17:46:54,884 - DEBUG - Starting new HTTPS connection (1): finnhub.io:443
2021-12-29 17:46:55,003 - DEBUG - https://finnhub.io:443 "GET /api/v1/stock/price-target?&token=c71nnkaad3ieuiu4d000&symbol=MEOH HTTP/1.1" 200 None
2021-12-29 17:47:12,827 - DEBUG - Starting new HTTPS connection (1): finnhub.io:443
2021-12-29 17:47:12,966 - DEBUG - https://finnhub.io:443 "GET /api/v1/stock/upgrade-downgrade?&token=c71nnkaad3ieuiu4d000 HTTP/1.1" 200 None
2021-12-29 17:47:13,005 - DEBUG - Starting new HTTPS connection (1): finnhub.io:443
2021-12-29 17:47:13,133 - DEBUG - https://finnhub.io:443 "GET /api/v1/stock/upgrade-downgrade?&token=c71nnkaad3ieuiu4d000 HTTP/1.1" 200 None
2021-12-29 17:47:13,157 - DEBUG - Starting new HTTPS connection (1): finnhub.io:443
2021-12-29 17:47:13,287 - DEBUG - https://finnhub.io:443 "GET /api/v1/stock/price-target?&token=c71nnkaad3ieuiu4d000&symbol=MEOH HTTP/1.1" 200 None
2021-12-29 17:47:13,291 - DEBUG - Starting new HTTPS connection (1): api.powerbi.com:443
2021-12-29 17:47:13,726 - DEBUG - https://api.powerbi.com:443 "POST /beta/b67d722d-aa8a-4777-a169-ebeb7a6a3b67/datasets/520ae51f-637f-4efd-96be-dad192e05be4/rows?key=xOihNIQCsJUKPN0QCs93Ni3JCw0ULxfuul7LXbsyqDrprXUnu6NFehkGrhbxvnfxt9SZs3lQDqLdQjBstxp13g%3D%3D HTTP/1.1" 200 0
2021-12-29 17:47:13,730 - DEBUG - Starting new HTTPS connection (1): finnhub.io:443
2021-12-29 17:47:13,863 - DEBUG - https://finnhub.io:443 "GET /api/v1/stock/price-target?&token=c71nnkaad3ieuiu4d000&symbol=BRG HTTP/1.1" 200 None
2021-12-29 17:47:13,866 - DEBUG - Starting new HTTPS connection (1): api.powerbi.com:443
2021-12-29 17:47:14,047 - DEBUG - https://api.powerbi.com:443 "POST /beta/b67d722d-aa8a-4777-a169-ebeb7a6a3b67/datasets/520ae51f-637f-4efd-96be-dad192e05be4/rows?key=xOihNIQCsJUKPN0QCs93Ni3JCw0ULxfuul7LXbsyqDrprXUnu6NFehkGrhbxvnfxt9SZs3lQDqLdQjBstxp13g%3D%3D HTTP/1.1" 200 0
2021-12-29 17:47:14,050 - DEBUG - Starting new HTTPS connection (1): finnhub.io:443
2021-12-29 17:47:14,171 - DEBUG - https://finnhub.io:443 "GET /api/v1/stock/price-target?&token=c71nnkaad3ieuiu4d000&symbol=CTAS HTTP/1.1" 200 None
2021-12-29 17:47:14,175 - DEBUG - Starting new HTTPS connection (1): api.powerbi.com:443
2021-12-29 17:47:14,452 - DEBUG - https://api.powerbi.com:443 "POST /beta/b67d722d-aa8a-4777-a169-ebeb7a6a3b67/datasets/520ae51f-637f-4efd-96be-dad192e05be4/rows?key=xOihNIQCsJUKPN0QCs93Ni3JCw0ULxfuul7LXbsyqDrprXUnu6NFehkGrhbxvnfxt9SZs3lQDqLdQjBstxp13g%3D%3D HTTP/1.1" 200 0
2021-12-29 17:47:14,455 - DEBUG - Starting new HTTPS connection (1): finnhub.io:443
2021-12-29 17:47:14,591 - DEBUG - https://finnhub.io:443 "GET /api/v1/stock/price-target?&token=c71nnkaad3ieuiu4d000&symbol=EIX HTTP/1.1" 200 None
2021-12-29 17:47:14,595 - DEBUG - Starting new HTTPS connection (1): api.powerbi.com:443
2021-12-29 17:47:14,828 - DEBUG - https://api.powerbi.com:443 "POST /beta/b67d722d-aa8a-4777-a169-ebeb7a6a3b67/datasets/520ae51f-637f-4efd-96be-dad192e05be4/rows?key=xOihNIQCsJUKPN0QCs93Ni3JCw0ULxfuul7LXbsyqDrprXUnu6NFehkGrhbxvnfxt9SZs3lQDqLdQjBstxp13g%3D%3D HTTP/1.1" 200 0
2021-12-29 17:47:14,831 - DEBUG - Starting new HTTPS connection (1): finnhub.io:443
2021-12-29 17:47:14,963 - DEBUG - https://finnhub.io:443 "GET /api/v1/stock/price-target?&token=c71nnkaad3ieuiu4d000&symbol=MCD HTTP/1.1" 200 None
2021-12-29 17:47:14,966 - DEBUG - Starting new HTTPS connection (1): api.powerbi.com:443
2021-12-29 17:47:15,236 - DEBUG - https://api.powerbi.com:443 "POST /beta/b67d722d-aa8a-4777-a169-ebeb7a6a3b67/datasets/520ae51f-637f-4efd-96be-dad192e05be4/rows?key=xOihNIQCsJUKPN0QCs93Ni3JCw0ULxfuul7LXbsyqDrprXUnu6NFehkGrhbxvnfxt9SZs3lQDqLdQjBstxp13g%3D%3D HTTP/1.1" 200 0
2021-12-29 17:47:15,239 - DEBUG - Starting new HTTPS connection (1): finnhub.io:443
2021-12-29 17:47:15,358 - DEBUG - https://finnhub.io:443 "GET /api/v1/stock/price-target?&token=c71nnkaad3ieuiu4d000&symbol=BTX HTTP/1.1" 200 None
2021-12-29 17:47:15,365 - DEBUG - Starting new HTTPS connection (1): api.powerbi.com:443
2021-12-29 17:47:15,654 - DEBUG - https://api.powerbi.com:443 "POST /beta/b67d722d-aa8a-4777-a169-ebeb7a6a3b67/datasets/520ae51f-637f-4efd-96be-dad192e05be4/rows?key=xOihNIQCsJUKPN0QCs93Ni3JCw0ULxfuul7LXbsyqDrprXUnu6NFehkGrhbxvnfxt9SZs3lQDqLdQjBstxp13g%3D%3D HTTP/1.1" 200 0
2021-12-29 17:47:15,657 - DEBUG - Starting new HTTPS connection (1): finnhub.io:443
2021-12-29 17:47:15,836 - DEBUG - https://finnhub.io:443 "GET /api/v1/stock/price-target?&token=c71nnkaad3ieuiu4d000&symbol=MSP HTTP/1.1" 200 None
2021-12-29 17:47:15,840 - DEBUG - Starting new HTTPS connection (1): api.powerbi.com:443
2021-12-29 17:47:16,082 - DEBUG - https://api.powerbi.com:443 "POST /beta/b67d722d-aa8a-4777-a169-ebeb7a6a3b67/datasets/520ae51f-637f-4efd-96be-dad192e05be4/rows?key=xOihNIQCsJUKPN0QCs93Ni3JCw0ULxfuul7LXbsyqDrprXUnu6NFehkGrhbxvnfxt9SZs3lQDqLdQjBstxp13g%3D%3D HTTP/1.1" 200 0
2021-12-29 17:47:16,087 - DEBUG - Starting new HTTPS connection (1): finnhub.io:443
2021-12-29 17:47:16,211 - DEBUG - https://finnhub.io:443 "GET /api/v1/stock/price-target?&token=c71nnkaad3ieuiu4d000&symbol=KNSA HTTP/1.1" 200 None
2021-12-29 17:47:16,216 - DEBUG - Starting new HTTPS connection (1): api.powerbi.com:443
2021-12-29 17:47:16,478 - DEBUG - https://api.powerbi.com:443 "POST /beta/b67d722d-aa8a-4777-a169-ebeb7a6a3b67/datasets/520ae51f-637f-4efd-96be-dad192e05be4/rows?key=xOihNIQCsJUKPN0QCs93Ni3JCw0ULxfuul7LXbsyqDrprXUnu6NFehkGrhbxvnfxt9SZs3lQDqLdQjBstxp13g%3D%3D HTTP/1.1" 200 0
2021-12-29 17:47:16,482 - DEBUG - Starting new HTTPS connection (1): finnhub.io:443
2021-12-29 17:47:16,599 - DEBUG - https://finnhub.io:443 "GET /api/v1/stock/price-target?&token=c71nnkaad3ieuiu4d000&symbol=CLBT HTTP/1.1" 200 None
2021-12-29 17:47:16,604 - DEBUG - Starting new HTTPS connection (1): api.powerbi.com:443
2021-12-29 17:47:16,809 - DEBUG - https://api.powerbi.com:443 "POST /beta/b67d722d-aa8a-4777-a169-ebeb7a6a3b67/datasets/520ae51f-637f-4efd-96be-dad192e05be4/rows?key=xOihNIQCsJUKPN0QCs93Ni3JCw0ULxfuul7LXbsyqDrprXUnu6NFehkGrhbxvnfxt9SZs3lQDqLdQjBstxp13g%3D%3D HTTP/1.1" 200 0
2021-12-29 17:47:16,813 - DEBUG - Starting new HTTPS connection (1): finnhub.io:443
2021-12-29 17:47:17,013 - DEBUG - https://finnhub.io:443 "GET /api/v1/stock/price-target?&token=c71nnkaad3ieuiu4d000&symbol=NRIX HTTP/1.1" 200 None
2021-12-29 17:47:17,018 - DEBUG - Starting new HTTPS connection (1): api.powerbi.com:443
2021-12-29 17:47:17,267 - DEBUG - https://api.powerbi.com:443 "POST /beta/b67d722d-aa8a-4777-a169-ebeb7a6a3b67/datasets/520ae51f-637f-4efd-96be-dad192e05be4/rows?key=xOihNIQCsJUKPN0QCs93Ni3JCw0ULxfuul7LXbsyqDrprXUnu6NFehkGrhbxvnfxt9SZs3lQDqLdQjBstxp13g%3D%3D HTTP/1.1" 200 0
2021-12-29 17:47:17,272 - DEBUG - Starting new HTTPS connection (1): finnhub.io:443
2021-12-29 17:47:17,404 - DEBUG - https://finnhub.io:443 "GET /api/v1/stock/price-target?&token=c71nnkaad3ieuiu4d000&symbol=DVAX HTTP/1.1" 200 None
2021-12-29 17:47:17,408 - DEBUG - Starting new HTTPS connection (1): api.powerbi.com:443
2021-12-29 17:47:17,611 - DEBUG - https://api.powerbi.com:443 "POST /beta/b67d722d-aa8a-4777-a169-ebeb7a6a3b67/datasets/520ae51f-637f-4efd-96be-dad192e05be4/rows?key=xOihNIQCsJUKPN0QCs93Ni3JCw0ULxfuul7LXbsyqDrprXUnu6NFehkGrhbxvnfxt9SZs3lQDqLdQjBstxp13g%3D%3D HTTP/1.1" 200 0
2021-12-29 17:47:17,616 - DEBUG - Starting new HTTPS connection (1): finnhub.io:443
2021-12-29 17:47:17,745 - DEBUG - https://finnhub.io:443 "GET /api/v1/stock/price-target?&token=c71nnkaad3ieuiu4d000&symbol=WING HTTP/1.1" 200 None
2021-12-29 17:47:17,749 - DEBUG - Starting new HTTPS connection (1): api.powerbi.com:443
2021-12-29 17:47:17,967 - DEBUG - https://api.powerbi.com:443 "POST /beta/b67d722d-aa8a-4777-a169-ebeb7a6a3b67/datasets/520ae51f-637f-4efd-96be-dad192e05be4/rows?key=xOihNIQCsJUKPN0QCs93Ni3JCw0ULxfuul7LXbsyqDrprXUnu6NFehkGrhbxvnfxt9SZs3lQDqLdQjBstxp13g%3D%3D HTTP/1.1" 200 0
2021-12-29 17:47:17,970 - DEBUG - Starting new HTTPS connection (1): finnhub.io:443
2021-12-29 17:47:18,100 - DEBUG - https://finnhub.io:443 "GET /api/v1/stock/price-target?&token=c71nnkaad3ieuiu4d000&symbol=NABL HTTP/1.1" 200 None
2021-12-29 17:47:18,104 - DEBUG - Starting new HTTPS connection (1): api.powerbi.com:443
2021-12-29 17:47:18,295 - DEBUG - https://api.powerbi.com:443 "POST /beta/b67d722d-aa8a-4777-a169-ebeb7a6a3b67/datasets/520ae51f-637f-4efd-96be-dad192e05be4/rows?key=xOihNIQCsJUKPN0QCs93Ni3JCw0ULxfuul7LXbsyqDrprXUnu6NFehkGrhbxvnfxt9SZs3lQDqLdQjBstxp13g%3D%3D HTTP/1.1" 200 0
2021-12-29 17:47:18,299 - DEBUG - Starting new HTTPS connection (1): finnhub.io:443
2021-12-29 17:47:18,430 - DEBUG - https://finnhub.io:443 "GET /api/v1/stock/price-target?&token=c71nnkaad3ieuiu4d000&symbol=TENB HTTP/1.1" 200 None
2021-12-29 17:47:18,435 - DEBUG - Starting new HTTPS connection (1): api.powerbi.com:443
2021-12-29 17:47:18,699 - DEBUG - https://api.powerbi.com:443 "POST /beta/b67d722d-aa8a-4777-a169-ebeb7a6a3b67/datasets/520ae51f-637f-4efd-96be-dad192e05be4/rows?key=xOihNIQCsJUKPN0QCs93Ni3JCw0ULxfuul7LXbsyqDrprXUnu6NFehkGrhbxvnfxt9SZs3lQDqLdQjBstxp13g%3D%3D HTTP/1.1" 200 0
2021-12-29 17:47:18,704 - DEBUG - Starting new HTTPS connection (1): finnhub.io:443
2021-12-29 17:47:18,827 - DEBUG - https://finnhub.io:443 "GET /api/v1/stock/price-target?&token=c71nnkaad3ieuiu4d000&symbol=AKAM HTTP/1.1" 200 None
2021-12-29 17:47:18,832 - DEBUG - Starting new HTTPS connection (1): api.powerbi.com:443
2021-12-29 17:47:19,049 - DEBUG - https://api.powerbi.com:443 "POST /beta/b67d722d-aa8a-4777-a169-ebeb7a6a3b67/datasets/520ae51f-637f-4efd-96be-dad192e05be4/rows?key=xOihNIQCsJUKPN0QCs93Ni3JCw0ULxfuul7LXbsyqDrprXUnu6NFehkGrhbxvnfxt9SZs3lQDqLdQjBstxp13g%3D%3D HTTP/1.1" 200 0
2021-12-29 18:04:08,391 - DEBUG - Starting new HTTPS connection (1): finnhub.io:443
2021-12-29 18:04:08,593 - DEBUG - https://finnhub.io:443 "GET /api/v1/stock/upgrade-downgrade?&token=c71nnkaad3ieuiu4d000 HTTP/1.1" 200 None
2021-12-29 18:04:08,620 - DEBUG - Starting new HTTPS connection (1): finnhub.io:443
2021-12-29 18:04:08,765 - DEBUG - https://finnhub.io:443 "GET /api/v1/stock/upgrade-downgrade?&token=c71nnkaad3ieuiu4d000 HTTP/1.1" 200 None
2021-12-29 18:04:08,793 - DEBUG - Starting new HTTPS connection (1): finnhub.io:443
2021-12-29 18:04:08,990 - DEBUG - https://finnhub.io:443 "GET /api/v1/stock/price-target?&token=c71nnkaad3ieuiu4d000&symbol=ALRM HTTP/1.1" 200 None
2021-12-29 18:04:08,996 - DEBUG - Starting new HTTPS connection (1): api.powerbi.com:443
2021-12-29 18:04:09,342 - DEBUG - https://api.powerbi.com:443 "POST /beta/b67d722d-aa8a-4777-a169-ebeb7a6a3b67/datasets/520ae51f-637f-4efd-96be-dad192e05be4/rows?key=xOihNIQCsJUKPN0QCs93Ni3JCw0ULxfuul7LXbsyqDrprXUnu6NFehkGrhbxvnfxt9SZs3lQDqLdQjBstxp13g%3D%3D HTTP/1.1" 200 0
2021-12-29 18:04:09,347 - DEBUG - Starting new HTTPS connection (1): finnhub.io:443
2021-12-29 18:04:09,516 - DEBUG - https://finnhub.io:443 "GET /api/v1/stock/price-target?&token=c71nnkaad3ieuiu4d000&symbol=MPC HTTP/1.1" 200 None
2021-12-29 18:04:09,521 - DEBUG - Starting new HTTPS connection (1): api.powerbi.com:443
2021-12-29 18:04:09,792 - DEBUG - https://api.powerbi.com:443 "POST /beta/b67d722d-aa8a-4777-a169-ebeb7a6a3b67/datasets/520ae51f-637f-4efd-96be-dad192e05be4/rows?key=xOihNIQCsJUKPN0QCs93Ni3JCw0ULxfuul7LXbsyqDrprXUnu6NFehkGrhbxvnfxt9SZs3lQDqLdQjBstxp13g%3D%3D HTTP/1.1" 200 0
2021-12-29 18:04:09,797 - DEBUG - Starting new HTTPS connection (1): finnhub.io:443
2021-12-29 18:04:09,987 - DEBUG - https://finnhub.io:443 "GET /api/v1/stock/price-target?&token=c71nnkaad3ieuiu4d000&symbol=PRTS HTTP/1.1" 200 None
2021-12-29 18:04:09,993 - DEBUG - Starting new HTTPS connection (1): api.powerbi.com:443
2021-12-29 18:04:10,198 - DEBUG - https://api.powerbi.com:443 "POST /beta/b67d722d-aa8a-4777-a169-ebeb7a6a3b67/datasets/520ae51f-637f-4efd-96be-dad192e05be4/rows?key=xOihNIQCsJUKPN0QCs93Ni3JCw0ULxfuul7LXbsyqDrprXUnu6NFehkGrhbxvnfxt9SZs3lQDqLdQjBstxp13g%3D%3D HTTP/1.1" 200 0
2021-12-29 18:04:10,203 - DEBUG - Starting new HTTPS connection (1): finnhub.io:443
2021-12-29 18:04:10,336 - DEBUG - https://finnhub.io:443 "GET /api/v1/stock/price-target?&token=c71nnkaad3ieuiu4d000&symbol=CSV HTTP/1.1" 200 None
2021-12-29 18:04:10,341 - DEBUG - Starting new HTTPS connection (1): api.powerbi.com:443
2021-12-29 18:04:10,560 - DEBUG - https://api.powerbi.com:443 "POST /beta/b67d722d-aa8a-4777-a169-ebeb7a6a3b67/datasets/520ae51f-637f-4efd-96be-dad192e05be4/rows?key=xOihNIQCsJUKPN0QCs93Ni3JCw0ULxfuul7LXbsyqDrprXUnu6NFehkGrhbxvnfxt9SZs3lQDqLdQjBstxp13g%3D%3D HTTP/1.1" 200 0
2021-12-29 18:04:10,565 - DEBUG - Starting new HTTPS connection (1): finnhub.io:443
2021-12-29 18:04:10,699 - DEBUG - https://finnhub.io:443 "GET /api/v1/stock/price-target?&token=c71nnkaad3ieuiu4d000&symbol=ATY HTTP/1.1" 200 None
2021-12-29 18:04:10,704 - DEBUG - Starting new HTTPS connection (1): api.powerbi.com:443
2021-12-29 18:04:10,883 - DEBUG - https://api.powerbi.com:443 "POST /beta/b67d722d-aa8a-4777-a169-ebeb7a6a3b67/datasets/520ae51f-637f-4efd-96be-dad192e05be4/rows?key=xOihNIQCsJUKPN0QCs93Ni3JCw0ULxfuul7LXbsyqDrprXUnu6NFehkGrhbxvnfxt9SZs3lQDqLdQjBstxp13g%3D%3D HTTP/1.1" 200 0
2021-12-29 18:04:10,888 - DEBUG - Starting new HTTPS connection (1): finnhub.io:443
2021-12-29 18:04:11,015 - DEBUG - https://finnhub.io:443 "GET /api/v1/stock/price-target?&token=c71nnkaad3ieuiu4d000&symbol=BQ HTTP/1.1" 200 None
2021-12-29 18:04:11,020 - DEBUG - Starting new HTTPS connection (1): api.powerbi.com:443
2021-12-29 18:04:11,248 - DEBUG - https://api.powerbi.com:443 "POST /beta/b67d722d-aa8a-4777-a169-ebeb7a6a3b67/datasets/520ae51f-637f-4efd-96be-dad192e05be4/rows?key=xOihNIQCsJUKPN0QCs93Ni3JCw0ULxfuul7LXbsyqDrprXUnu6NFehkGrhbxvnfxt9SZs3lQDqLdQjBstxp13g%3D%3D HTTP/1.1" 200 0
2021-12-29 18:04:11,252 - DEBUG - Starting new HTTPS connection (1): finnhub.io:443
2021-12-29 18:04:11,434 - DEBUG - https://finnhub.io:443 "GET /api/v1/stock/price-target?&token=c71nnkaad3ieuiu4d000&symbol=CURI HTTP/1.1" 200 None
2021-12-29 18:04:11,437 - DEBUG - Starting new HTTPS connection (1): api.powerbi.com:443
2021-12-29 18:04:11,652 - DEBUG - https://api.powerbi.com:443 "POST /beta/b67d722d-aa8a-4777-a169-ebeb7a6a3b67/datasets/520ae51f-637f-4efd-96be-dad192e05be4/rows?key=xOihNIQCsJUKPN0QCs93Ni3JCw0ULxfuul7LXbsyqDrprXUnu6NFehkGrhbxvnfxt9SZs3lQDqLdQjBstxp13g%3D%3D HTTP/1.1" 200 0
2021-12-29 18:04:11,655 - DEBUG - Starting new HTTPS connection (1): finnhub.io:443
2021-12-29 18:04:11,811 - DEBUG - https://finnhub.io:443 "GET /api/v1/stock/price-target?&token=c71nnkaad3ieuiu4d000&symbol=FUBO HTTP/1.1" 200 None
2021-12-29 18:04:11,815 - DEBUG - Starting new HTTPS connection (1): api.powerbi.com:443
2021-12-29 18:04:12,073 - DEBUG - https://api.powerbi.com:443 "POST /beta/b67d722d-aa8a-4777-a169-ebeb7a6a3b67/datasets/520ae51f-637f-4efd-96be-dad192e05be4/rows?key=xOihNIQCsJUKPN0QCs93Ni3JCw0ULxfuul7LXbsyqDrprXUnu6NFehkGrhbxvnfxt9SZs3lQDqLdQjBstxp13g%3D%3D HTTP/1.1" 200 0
2021-12-29 18:04:12,076 - DEBUG - Starting new HTTPS connection (1): finnhub.io:443
2021-12-29 18:04:12,190 - DEBUG - https://finnhub.io:443 "GET /api/v1/stock/price-target?&token=c71nnkaad3ieuiu4d000&symbol=MCHX HTTP/1.1" 200 None
2021-12-29 18:04:12,193 - DEBUG - Starting new HTTPS connection (1): api.powerbi.com:443
2021-12-29 18:04:12,368 - DEBUG - https://api.powerbi.com:443 "POST /beta/b67d722d-aa8a-4777-a169-ebeb7a6a3b67/datasets/520ae51f-637f-4efd-96be-dad192e05be4/rows?key=xOihNIQCsJUKPN0QCs93Ni3JCw0ULxfuul7LXbsyqDrprXUnu6NFehkGrhbxvnfxt9SZs3lQDqLdQjBstxp13g%3D%3D HTTP/1.1" 200 0
2021-12-29 18:04:12,371 - DEBUG - Starting new HTTPS connection (1): finnhub.io:443
2021-12-29 18:04:12,506 - DEBUG - https://finnhub.io:443 "GET /api/v1/stock/price-target?&token=c71nnkaad3ieuiu4d000&symbol=PHUN HTTP/1.1" 200 None
2021-12-29 18:04:12,523 - DEBUG - Starting new HTTPS connection (1): api.powerbi.com:443
2021-12-29 18:04:12,720 - DEBUG - https://api.powerbi.com:443 "POST /beta/b67d722d-aa8a-4777-a169-ebeb7a6a3b67/datasets/520ae51f-637f-4efd-96be-dad192e05be4/rows?key=xOihNIQCsJUKPN0QCs93Ni3JCw0ULxfuul7LXbsyqDrprXUnu6NFehkGrhbxvnfxt9SZs3lQDqLdQjBstxp13g%3D%3D HTTP/1.1" 200 0
2021-12-29 18:04:12,724 - DEBUG - Starting new HTTPS connection (1): finnhub.io:443
2021-12-29 18:04:12,882 - DEBUG - https://finnhub.io:443 "GET /api/v1/stock/price-target?&token=c71nnkaad3ieuiu4d000&symbol=QH HTTP/1.1" 200 None
2021-12-29 18:04:12,886 - DEBUG - Starting new HTTPS connection (1): api.powerbi.com:443
2021-12-29 18:04:13,154 - DEBUG - https://api.powerbi.com:443 "POST /beta/b67d722d-aa8a-4777-a169-ebeb7a6a3b67/datasets/520ae51f-637f-4efd-96be-dad192e05be4/rows?key=xOihNIQCsJUKPN0QCs93Ni3JCw0ULxfuul7LXbsyqDrprXUnu6NFehkGrhbxvnfxt9SZs3lQDqLdQjBstxp13g%3D%3D HTTP/1.1" 200 0
2021-12-29 18:04:13,157 - DEBUG - Starting new HTTPS connection (1): finnhub.io:443
2021-12-29 18:04:13,289 - DEBUG - https://finnhub.io:443 "GET /api/v1/stock/price-target?&token=c71nnkaad3ieuiu4d000&symbol=RIOT HTTP/1.1" 200 None
2021-12-29 18:04:13,293 - DEBUG - Starting new HTTPS connection (1): api.powerbi.com:443
2021-12-29 18:04:13,478 - DEBUG - https://api.powerbi.com:443 "POST /beta/b67d722d-aa8a-4777-a169-ebeb7a6a3b67/datasets/520ae51f-637f-4efd-96be-dad192e05be4/rows?key=xOihNIQCsJUKPN0QCs93Ni3JCw0ULxfuul7LXbsyqDrprXUnu6NFehkGrhbxvnfxt9SZs3lQDqLdQjBstxp13g%3D%3D HTTP/1.1" 200 0
2021-12-29 18:04:13,482 - DEBUG - Starting new HTTPS connection (1): finnhub.io:443
2021-12-29 18:04:13,621 - DEBUG - https://finnhub.io:443 "GET /api/v1/stock/price-target?&token=c71nnkaad3ieuiu4d000&symbol=SHOP HTTP/1.1" 200 None
2021-12-29 18:04:13,625 - DEBUG - Starting new HTTPS connection (1): api.powerbi.com:443
2021-12-29 18:04:13,807 - DEBUG - https://api.powerbi.com:443 "POST /beta/b67d722d-aa8a-4777-a169-ebeb7a6a3b67/datasets/520ae51f-637f-4efd-96be-dad192e05be4/rows?key=xOihNIQCsJUKPN0QCs93Ni3JCw0ULxfuul7LXbsyqDrprXUnu6NFehkGrhbxvnfxt9SZs3lQDqLdQjBstxp13g%3D%3D HTTP/1.1" 200 0
2021-12-29 18:04:13,810 - DEBUG - Starting new HTTPS connection (1): finnhub.io:443
2021-12-29 18:04:13,930 - DEBUG - https://finnhub.io:443 "GET /api/v1/stock/price-target?&token=c71nnkaad3ieuiu4d000&symbol=VRS HTTP/1.1" 200 None
2021-12-29 18:04:13,933 - DEBUG - Starting new HTTPS connection (1): api.powerbi.com:443
2021-12-29 18:04:14,167 - DEBUG - https://api.powerbi.com:443 "POST /beta/b67d722d-aa8a-4777-a169-ebeb7a6a3b67/datasets/520ae51f-637f-4efd-96be-dad192e05be4/rows?key=xOihNIQCsJUKPN0QCs93Ni3JCw0ULxfuul7LXbsyqDrprXUnu6NFehkGrhbxvnfxt9SZs3lQDqLdQjBstxp13g%3D%3D HTTP/1.1" 200 0
2021-12-29 18:04:14,170 - DEBUG - Starting new HTTPS connection (1): finnhub.io:443
2021-12-29 18:04:14,305 - DEBUG - https://finnhub.io:443 "GET /api/v1/stock/price-target?&token=c71nnkaad3ieuiu4d000&symbol=BMRC HTTP/1.1" 200 None
2021-12-29 18:04:14,309 - DEBUG - Starting new HTTPS connection (1): api.powerbi.com:443
2021-12-29 18:04:14,539 - DEBUG - https://api.powerbi.com:443 "POST /beta/b67d722d-aa8a-4777-a169-ebeb7a6a3b67/datasets/520ae51f-637f-4efd-96be-dad192e05be4/rows?key=xOihNIQCsJUKPN0QCs93Ni3JCw0ULxfuul7LXbsyqDrprXUnu6NFehkGrhbxvnfxt9SZs3lQDqLdQjBstxp13g%3D%3D HTTP/1.1" 200 0
2021-12-29 18:04:14,542 - DEBUG - Starting new HTTPS connection (1): finnhub.io:443
2021-12-29 18:04:14,687 - DEBUG - https://finnhub.io:443 "GET /api/v1/stock/price-target?&token=c71nnkaad3ieuiu4d000&symbol=HTBK HTTP/1.1" 200 None
2021-12-29 18:04:14,691 - DEBUG - Starting new HTTPS connection (1): api.powerbi.com:443
2021-12-29 18:04:14,905 - DEBUG - https://api.powerbi.com:443 "POST /beta/b67d722d-aa8a-4777-a169-ebeb7a6a3b67/datasets/520ae51f-637f-4efd-96be-dad192e05be4/rows?key=xOihNIQCsJUKPN0QCs93Ni3JCw0ULxfuul7LXbsyqDrprXUnu6NFehkGrhbxvnfxt9SZs3lQDqLdQjBstxp13g%3D%3D HTTP/1.1" 200 0
2021-12-29 18:04:14,909 - DEBUG - Starting new HTTPS connection (1): finnhub.io:443
2021-12-29 18:04:15,079 - DEBUG - https://finnhub.io:443 "GET /api/v1/stock/price-target?&token=c71nnkaad3ieuiu4d000&symbol=ALLK HTTP/1.1" 200 None
2021-12-29 18:04:15,083 - DEBUG - Starting new HTTPS connection (1): api.powerbi.com:443
2021-12-29 18:04:15,325 - DEBUG - https://api.powerbi.com:443 "POST /beta/b67d722d-aa8a-4777-a169-ebeb7a6a3b67/datasets/520ae51f-637f-4efd-96be-dad192e05be4/rows?key=xOihNIQCsJUKPN0QCs93Ni3JCw0ULxfuul7LXbsyqDrprXUnu6NFehkGrhbxvnfxt9SZs3lQDqLdQjBstxp13g%3D%3D HTTP/1.1" 200 0
2021-12-29 18:04:15,328 - DEBUG - Starting new HTTPS connection (1): finnhub.io:443
2021-12-29 18:04:15,473 - DEBUG - https://finnhub.io:443 "GET /api/v1/stock/price-target?&token=c71nnkaad3ieuiu4d000&symbol=TSLA HTTP/1.1" 200 None
2021-12-29 18:04:15,477 - DEBUG - Starting new HTTPS connection (1): api.powerbi.com:443
2021-12-29 18:04:15,672 - DEBUG - https://api.powerbi.com:443 "POST /beta/b67d722d-aa8a-4777-a169-ebeb7a6a3b67/datasets/520ae51f-637f-4efd-96be-dad192e05be4/rows?key=xOihNIQCsJUKPN0QCs93Ni3JCw0ULxfuul7LXbsyqDrprXUnu6NFehkGrhbxvnfxt9SZs3lQDqLdQjBstxp13g%3D%3D HTTP/1.1" 200 0
2021-12-29 18:04:15,675 - DEBUG - Starting new HTTPS connection (1): finnhub.io:443
2021-12-29 18:04:15,823 - DEBUG - https://finnhub.io:443 "GET /api/v1/stock/price-target?&token=c71nnkaad3ieuiu4d000&symbol=HLT HTTP/1.1" 200 None
2021-12-29 18:04:15,826 - DEBUG - Starting new HTTPS connection (1): api.powerbi.com:443
2021-12-29 18:04:16,060 - DEBUG - https://api.powerbi.com:443 "POST /beta/b67d722d-aa8a-4777-a169-ebeb7a6a3b67/datasets/520ae51f-637f-4efd-96be-dad192e05be4/rows?key=xOihNIQCsJUKPN0QCs93Ni3JCw0ULxfuul7LXbsyqDrprXUnu6NFehkGrhbxvnfxt9SZs3lQDqLdQjBstxp13g%3D%3D HTTP/1.1" 200 0
2021-12-29 18:04:16,063 - DEBUG - Starting new HTTPS connection (1): finnhub.io:443
2021-12-29 18:04:16,189 - DEBUG - https://finnhub.io:443 "GET /api/v1/stock/price-target?&token=c71nnkaad3ieuiu4d000&symbol=TRUE HTTP/1.1" 200 None
2021-12-29 18:04:16,192 - DEBUG - Starting new HTTPS connection (1): api.powerbi.com:443
2021-12-29 18:04:16,352 - DEBUG - https://api.powerbi.com:443 "POST /beta/b67d722d-aa8a-4777-a169-ebeb7a6a3b67/datasets/520ae51f-637f-4efd-96be-dad192e05be4/rows?key=xOihNIQCsJUKPN0QCs93Ni3JCw0ULxfuul7LXbsyqDrprXUnu6NFehkGrhbxvnfxt9SZs3lQDqLdQjBstxp13g%3D%3D HTTP/1.1" 200 0
2021-12-29 18:04:16,355 - DEBUG - Starting new HTTPS connection (1): finnhub.io:443
2021-12-29 18:04:16,476 - DEBUG - https://finnhub.io:443 "GET /api/v1/stock/price-target?&token=c71nnkaad3ieuiu4d000&symbol=ADSE HTTP/1.1" 200 None
2021-12-29 18:04:16,479 - DEBUG - Starting new HTTPS connection (1): api.powerbi.com:443
2021-12-29 18:04:16,748 - DEBUG - https://api.powerbi.com:443 "POST /beta/b67d722d-aa8a-4777-a169-ebeb7a6a3b67/datasets/520ae51f-637f-4efd-96be-dad192e05be4/rows?key=xOihNIQCsJUKPN0QCs93Ni3JCw0ULxfuul7LXbsyqDrprXUnu6NFehkGrhbxvnfxt9SZs3lQDqLdQjBstxp13g%3D%3D HTTP/1.1" 200 0
2021-12-29 18:04:16,752 - DEBUG - Starting new HTTPS connection (1): finnhub.io:443
2021-12-29 18:04:16,988 - DEBUG - https://finnhub.io:443 "GET /api/v1/stock/price-target?&token=c71nnkaad3ieuiu4d000&symbol=SBEA HTTP/1.1" 200 None
2021-12-29 18:04:16,992 - DEBUG - Starting new HTTPS connection (1): api.powerbi.com:443
2021-12-29 18:04:17,198 - DEBUG - https://api.powerbi.com:443 "POST /beta/b67d722d-aa8a-4777-a169-ebeb7a6a3b67/datasets/520ae51f-637f-4efd-96be-dad192e05be4/rows?key=xOihNIQCsJUKPN0QCs93Ni3JCw0ULxfuul7LXbsyqDrprXUnu6NFehkGrhbxvnfxt9SZs3lQDqLdQjBstxp13g%3D%3D HTTP/1.1" 200 0
2021-12-29 18:04:17,201 - DEBUG - Starting new HTTPS connection (1): finnhub.io:443
2021-12-29 18:04:17,336 - DEBUG - https://finnhub.io:443 "GET /api/v1/stock/price-target?&token=c71nnkaad3ieuiu4d000&symbol=VLO HTTP/1.1" 200 None
2021-12-29 18:04:17,341 - DEBUG - Starting new HTTPS connection (1): api.powerbi.com:443
2021-12-29 18:04:17,559 - DEBUG - https://api.powerbi.com:443 "POST /beta/b67d722d-aa8a-4777-a169-ebeb7a6a3b67/datasets/520ae51f-637f-4efd-96be-dad192e05be4/rows?key=xOihNIQCsJUKPN0QCs93Ni3JCw0ULxfuul7LXbsyqDrprXUnu6NFehkGrhbxvnfxt9SZs3lQDqLdQjBstxp13g%3D%3D HTTP/1.1" 200 0
2021-12-29 18:04:17,562 - DEBUG - Starting new HTTPS connection (1): finnhub.io:443
2021-12-29 18:04:17,690 - DEBUG - https://finnhub.io:443 "GET /api/v1/stock/price-target?&token=c71nnkaad3ieuiu4d000&symbol=DK HTTP/1.1" 200 None
2021-12-29 18:04:17,695 - DEBUG - Starting new HTTPS connection (1): api.powerbi.com:443
2021-12-29 18:04:18,252 - DEBUG - https://api.powerbi.com:443 "POST /beta/b67d722d-aa8a-4777-a169-ebeb7a6a3b67/datasets/520ae51f-637f-4efd-96be-dad192e05be4/rows?key=xOihNIQCsJUKPN0QCs93Ni3JCw0ULxfuul7LXbsyqDrprXUnu6NFehkGrhbxvnfxt9SZs3lQDqLdQjBstxp13g%3D%3D HTTP/1.1" 200 0
2021-12-29 18:04:18,256 - DEBUG - Starting new HTTPS connection (1): finnhub.io:443
2021-12-29 18:04:18,488 - DEBUG - https://finnhub.io:443 "GET /api/v1/stock/price-target?&token=c71nnkaad3ieuiu4d000&symbol=HFC HTTP/1.1" 200 None
2021-12-29 18:04:18,491 - DEBUG - Starting new HTTPS connection (1): api.powerbi.com:443
2021-12-29 18:04:18,681 - DEBUG - https://api.powerbi.com:443 "POST /beta/b67d722d-aa8a-4777-a169-ebeb7a6a3b67/datasets/520ae51f-637f-4efd-96be-dad192e05be4/rows?key=xOihNIQCsJUKPN0QCs93Ni3JCw0ULxfuul7LXbsyqDrprXUnu6NFehkGrhbxvnfxt9SZs3lQDqLdQjBstxp13g%3D%3D HTTP/1.1" 200 0
2021-12-29 18:04:18,684 - DEBUG - Starting new HTTPS connection (1): finnhub.io:443
2021-12-29 18:04:18,805 - DEBUG - https://finnhub.io:443 "GET /api/v1/stock/price-target?&token=c71nnkaad3ieuiu4d000&symbol=PBF HTTP/1.1" 200 None
2021-12-29 18:04:18,809 - DEBUG - Starting new HTTPS connection (1): api.powerbi.com:443
2021-12-29 18:04:19,006 - DEBUG - https://api.powerbi.com:443 "POST /beta/b67d722d-aa8a-4777-a169-ebeb7a6a3b67/datasets/520ae51f-637f-4efd-96be-dad192e05be4/rows?key=xOihNIQCsJUKPN0QCs93Ni3JCw0ULxfuul7LXbsyqDrprXUnu6NFehkGrhbxvnfxt9SZs3lQDqLdQjBstxp13g%3D%3D HTTP/1.1" 200 0
2021-12-29 18:04:19,009 - DEBUG - Starting new HTTPS connection (1): finnhub.io:443
2021-12-29 18:04:19,147 - DEBUG - https://finnhub.io:443 "GET /api/v1/stock/price-target?&token=c71nnkaad3ieuiu4d000&symbol=PSX HTTP/1.1" 200 None
2021-12-29 18:04:19,151 - DEBUG - Starting new HTTPS connection (1): api.powerbi.com:443
2021-12-29 18:04:19,322 - DEBUG - https://api.powerbi.com:443 "POST /beta/b67d722d-aa8a-4777-a169-ebeb7a6a3b67/datasets/520ae51f-637f-4efd-96be-dad192e05be4/rows?key=xOihNIQCsJUKPN0QCs93Ni3JCw0ULxfuul7LXbsyqDrprXUnu6NFehkGrhbxvnfxt9SZs3lQDqLdQjBstxp13g%3D%3D HTTP/1.1" 200 0
2021-12-29 18:04:19,326 - DEBUG - Starting new HTTPS connection (1): finnhub.io:443
2021-12-29 18:04:19,466 - DEBUG - https://finnhub.io:443 "GET /api/v1/stock/price-target?&token=c71nnkaad3ieuiu4d000&symbol=PIK HTTP/1.1" 200 None
2021-12-29 18:04:19,471 - DEBUG - Starting new HTTPS connection (1): api.powerbi.com:443
2021-12-29 18:04:19,776 - DEBUG - https://api.powerbi.com:443 "POST /beta/b67d722d-aa8a-4777-a169-ebeb7a6a3b67/datasets/520ae51f-637f-4efd-96be-dad192e05be4/rows?key=xOihNIQCsJUKPN0QCs93Ni3JCw0ULxfuul7LXbsyqDrprXUnu6NFehkGrhbxvnfxt9SZs3lQDqLdQjBstxp13g%3D%3D HTTP/1.1" 200 0
2021-12-29 18:04:19,780 - DEBUG - Starting new HTTPS connection (1): finnhub.io:443
2021-12-29 18:04:19,915 - DEBUG - https://finnhub.io:443 "GET /api/v1/stock/price-target?&token=c71nnkaad3ieuiu4d000&symbol=CTV HTTP/1.1" 200 None
2021-12-29 18:04:19,920 - DEBUG - Starting new HTTPS connection (1): api.powerbi.com:443
2021-12-29 18:04:20,124 - DEBUG - https://api.powerbi.com:443 "POST /beta/b67d722d-aa8a-4777-a169-ebeb7a6a3b67/datasets/520ae51f-637f-4efd-96be-dad192e05be4/rows?key=xOihNIQCsJUKPN0QCs93Ni3JCw0ULxfuul7LXbsyqDrprXUnu6NFehkGrhbxvnfxt9SZs3lQDqLdQjBstxp13g%3D%3D HTTP/1.1" 200 0
2021-12-29 18:04:20,128 - DEBUG - Starting new HTTPS connection (1): finnhub.io:443
2021-12-29 18:04:20,260 - DEBUG - https://finnhub.io:443 "GET /api/v1/stock/price-target?&token=c71nnkaad3ieuiu4d000&symbol=BBIO HTTP/1.1" 200 None
2021-12-29 18:04:20,265 - DEBUG - Starting new HTTPS connection (1): api.powerbi.com:443
2021-12-29 18:04:20,464 - DEBUG - https://api.powerbi.com:443 "POST /beta/b67d722d-aa8a-4777-a169-ebeb7a6a3b67/datasets/520ae51f-637f-4efd-96be-dad192e05be4/rows?key=xOihNIQCsJUKPN0QCs93Ni3JCw0ULxfuul7LXbsyqDrprXUnu6NFehkGrhbxvnfxt9SZs3lQDqLdQjBstxp13g%3D%3D HTTP/1.1" 200 0
2021-12-29 18:04:20,467 - DEBUG - Starting new HTTPS connection (1): finnhub.io:443
2021-12-29 18:04:20,584 - DEBUG - https://finnhub.io:443 "GET /api/v1/stock/price-target?&token=c71nnkaad3ieuiu4d000&symbol=EVGO HTTP/1.1" 200 None
2021-12-29 18:04:20,587 - DEBUG - Starting new HTTPS connection (1): api.powerbi.com:443
2021-12-29 18:04:20,794 - DEBUG - https://api.powerbi.com:443 "POST /beta/b67d722d-aa8a-4777-a169-ebeb7a6a3b67/datasets/520ae51f-637f-4efd-96be-dad192e05be4/rows?key=xOihNIQCsJUKPN0QCs93Ni3JCw0ULxfuul7LXbsyqDrprXUnu6NFehkGrhbxvnfxt9SZs3lQDqLdQjBstxp13g%3D%3D HTTP/1.1" 200 0
2021-12-29 18:04:20,797 - DEBUG - Starting new HTTPS connection (1): finnhub.io:443
2021-12-29 18:04:20,932 - DEBUG - https://finnhub.io:443 "GET /api/v1/stock/price-target?&token=c71nnkaad3ieuiu4d000&symbol=BXSL HTTP/1.1" 200 None
2021-12-29 18:04:20,935 - DEBUG - Starting new HTTPS connection (1): api.powerbi.com:443
2021-12-29 18:04:21,122 - DEBUG - https://api.powerbi.com:443 "POST /beta/b67d722d-aa8a-4777-a169-ebeb7a6a3b67/datasets/520ae51f-637f-4efd-96be-dad192e05be4/rows?key=xOihNIQCsJUKPN0QCs93Ni3JCw0ULxfuul7LXbsyqDrprXUnu6NFehkGrhbxvnfxt9SZs3lQDqLdQjBstxp13g%3D%3D HTTP/1.1" 200 0
2021-12-29 18:04:21,125 - DEBUG - Starting new HTTPS connection (1): finnhub.io:443
2021-12-29 18:04:21,270 - DEBUG - https://finnhub.io:443 "GET /api/v1/stock/price-target?&token=c71nnkaad3ieuiu4d000&symbol=IQ HTTP/1.1" 200 None
2021-12-29 18:04:21,274 - DEBUG - Starting new HTTPS connection (1): api.powerbi.com:443
2021-12-29 18:04:21,476 - DEBUG - https://api.powerbi.com:443 "POST /beta/b67d722d-aa8a-4777-a169-ebeb7a6a3b67/datasets/520ae51f-637f-4efd-96be-dad192e05be4/rows?key=xOihNIQCsJUKPN0QCs93Ni3JCw0ULxfuul7LXbsyqDrprXUnu6NFehkGrhbxvnfxt9SZs3lQDqLdQjBstxp13g%3D%3D HTTP/1.1" 200 0
2021-12-29 18:04:21,480 - DEBUG - Starting new HTTPS connection (1): finnhub.io:443
2021-12-29 18:04:21,631 - DEBUG - https://finnhub.io:443 "GET /api/v1/stock/price-target?&token=c71nnkaad3ieuiu4d000&symbol=CIEN HTTP/1.1" 200 None
2021-12-29 18:04:21,634 - DEBUG - Starting new HTTPS connection (1): api.powerbi.com:443
2021-12-29 18:04:21,810 - DEBUG - https://api.powerbi.com:443 "POST /beta/b67d722d-aa8a-4777-a169-ebeb7a6a3b67/datasets/520ae51f-637f-4efd-96be-dad192e05be4/rows?key=xOihNIQCsJUKPN0QCs93Ni3JCw0ULxfuul7LXbsyqDrprXUnu6NFehkGrhbxvnfxt9SZs3lQDqLdQjBstxp13g%3D%3D HTTP/1.1" 200 0
2021-12-29 18:04:21,813 - DEBUG - Starting new HTTPS connection (1): finnhub.io:443
2021-12-29 18:04:21,974 - DEBUG - https://finnhub.io:443 "GET /api/v1/stock/price-target?&token=c71nnkaad3ieuiu4d000&symbol=BILI HTTP/1.1" 200 None
2021-12-29 18:04:21,977 - DEBUG - Starting new HTTPS connection (1): api.powerbi.com:443
2021-12-29 18:04:22,184 - DEBUG - https://api.powerbi.com:443 "POST /beta/b67d722d-aa8a-4777-a169-ebeb7a6a3b67/datasets/520ae51f-637f-4efd-96be-dad192e05be4/rows?key=xOihNIQCsJUKPN0QCs93Ni3JCw0ULxfuul7LXbsyqDrprXUnu6NFehkGrhbxvnfxt9SZs3lQDqLdQjBstxp13g%3D%3D HTTP/1.1" 200 0
2021-12-29 18:04:22,189 - DEBUG - Starting new HTTPS connection (1): finnhub.io:443
2021-12-29 18:04:22,345 - DEBUG - https://finnhub.io:443 "GET /api/v1/stock/price-target?&token=c71nnkaad3ieuiu4d000&symbol=TME HTTP/1.1" 200 None
2021-12-29 18:04:22,350 - DEBUG - Starting new HTTPS connection (1): api.powerbi.com:443
2021-12-29 18:04:22,542 - DEBUG - https://api.powerbi.com:443 "POST /beta/b67d722d-aa8a-4777-a169-ebeb7a6a3b67/datasets/520ae51f-637f-4efd-96be-dad192e05be4/rows?key=xOihNIQCsJUKPN0QCs93Ni3JCw0ULxfuul7LXbsyqDrprXUnu6NFehkGrhbxvnfxt9SZs3lQDqLdQjBstxp13g%3D%3D HTTP/1.1" 200 0
2021-12-29 18:04:22,546 - DEBUG - Starting new HTTPS connection (1): finnhub.io:443
2021-12-29 18:04:22,683 - DEBUG - https://finnhub.io:443 "GET /api/v1/stock/price-target?&token=c71nnkaad3ieuiu4d000&symbol=FFIV HTTP/1.1" 200 None
2021-12-29 18:04:22,688 - DEBUG - Starting new HTTPS connection (1): api.powerbi.com:443
2021-12-29 18:04:22,887 - DEBUG - https://api.powerbi.com:443 "POST /beta/b67d722d-aa8a-4777-a169-ebeb7a6a3b67/datasets/520ae51f-637f-4efd-96be-dad192e05be4/rows?key=xOihNIQCsJUKPN0QCs93Ni3JCw0ULxfuul7LXbsyqDrprXUnu6NFehkGrhbxvnfxt9SZs3lQDqLdQjBstxp13g%3D%3D HTTP/1.1" 200 0
2021-12-29 18:04:22,906 - DEBUG - Starting new HTTPS connection (1): finnhub.io:443
2021-12-29 18:04:23,042 - DEBUG - https://finnhub.io:443 "GET /api/v1/stock/price-target?&token=c71nnkaad3ieuiu4d000&symbol=EXTR HTTP/1.1" 200 None
2021-12-29 18:04:23,048 - DEBUG - Starting new HTTPS connection (1): api.powerbi.com:443
2021-12-29 18:04:23,242 - DEBUG - https://api.powerbi.com:443 "POST /beta/b67d722d-aa8a-4777-a169-ebeb7a6a3b67/datasets/520ae51f-637f-4efd-96be-dad192e05be4/rows?key=xOihNIQCsJUKPN0QCs93Ni3JCw0ULxfuul7LXbsyqDrprXUnu6NFehkGrhbxvnfxt9SZs3lQDqLdQjBstxp13g%3D%3D HTTP/1.1" 200 0
2021-12-29 18:04:23,248 - DEBUG - Starting new HTTPS connection (1): finnhub.io:443
2021-12-29 18:04:23,372 - DEBUG - https://finnhub.io:443 "GET /api/v1/stock/price-target?&token=c71nnkaad3ieuiu4d000&symbol=EQOS HTTP/1.1" 200 None
2021-12-29 18:04:23,378 - DEBUG - Starting new HTTPS connection (1): api.powerbi.com:443
2021-12-29 18:04:23,617 - DEBUG - https://api.powerbi.com:443 "POST /beta/b67d722d-aa8a-4777-a169-ebeb7a6a3b67/datasets/520ae51f-637f-4efd-96be-dad192e05be4/rows?key=xOihNIQCsJUKPN0QCs93Ni3JCw0ULxfuul7LXbsyqDrprXUnu6NFehkGrhbxvnfxt9SZs3lQDqLdQjBstxp13g%3D%3D HTTP/1.1" 200 0
2021-12-29 18:04:23,622 - DEBUG - Starting new HTTPS connection (1): finnhub.io:443
2021-12-29 18:04:23,760 - DEBUG - https://finnhub.io:443 "GET /api/v1/stock/price-target?&token=c71nnkaad3ieuiu4d000&symbol=MTSI HTTP/1.1" 200 None
2021-12-29 18:04:23,766 - DEBUG - Starting new HTTPS connection (1): api.powerbi.com:443
2021-12-29 18:04:23,962 - DEBUG - https://api.powerbi.com:443 "POST /beta/b67d722d-aa8a-4777-a169-ebeb7a6a3b67/datasets/520ae51f-637f-4efd-96be-dad192e05be4/rows?key=xOihNIQCsJUKPN0QCs93Ni3JCw0ULxfuul7LXbsyqDrprXUnu6NFehkGrhbxvnfxt9SZs3lQDqLdQjBstxp13g%3D%3D HTTP/1.1" 200 0
2021-12-29 18:04:23,967 - DEBUG - Starting new HTTPS connection (1): finnhub.io:443
2021-12-29 18:04:24,108 - DEBUG - https://finnhub.io:443 "GET /api/v1/stock/price-target?&token=c71nnkaad3ieuiu4d000&symbol=BBIO HTTP/1.1" 200 None
2021-12-29 18:04:24,113 - DEBUG - Starting new HTTPS connection (1): api.powerbi.com:443
2021-12-29 18:04:24,327 - DEBUG - https://api.powerbi.com:443 "POST /beta/b67d722d-aa8a-4777-a169-ebeb7a6a3b67/datasets/520ae51f-637f-4efd-96be-dad192e05be4/rows?key=xOihNIQCsJUKPN0QCs93Ni3JCw0ULxfuul7LXbsyqDrprXUnu6NFehkGrhbxvnfxt9SZs3lQDqLdQjBstxp13g%3D%3D HTTP/1.1" 200 0
2021-12-29 18:04:24,332 - DEBUG - Starting new HTTPS connection (1): finnhub.io:443
2021-12-29 18:04:24,499 - DEBUG - https://finnhub.io:443 "GET /api/v1/stock/price-target?&token=c71nnkaad3ieuiu4d000&symbol=INNV HTTP/1.1" 200 None
2021-12-29 18:04:24,505 - DEBUG - Starting new HTTPS connection (1): api.powerbi.com:443
2021-12-29 18:04:24,725 - DEBUG - https://api.powerbi.com:443 "POST /beta/b67d722d-aa8a-4777-a169-ebeb7a6a3b67/datasets/520ae51f-637f-4efd-96be-dad192e05be4/rows?key=xOihNIQCsJUKPN0QCs93Ni3JCw0ULxfuul7LXbsyqDrprXUnu6NFehkGrhbxvnfxt9SZs3lQDqLdQjBstxp13g%3D%3D HTTP/1.1" 200 0
2021-12-29 18:04:24,730 - DEBUG - Starting new HTTPS connection (1): finnhub.io:443
2021-12-29 18:04:24,866 - DEBUG - https://finnhub.io:443 "GET /api/v1/stock/price-target?&token=c71nnkaad3ieuiu4d000&symbol=CVNA HTTP/1.1" 200 None
2021-12-29 18:04:24,872 - DEBUG - Starting new HTTPS connection (1): api.powerbi.com:443
2021-12-29 18:04:25,072 - DEBUG - https://api.powerbi.com:443 "POST /beta/b67d722d-aa8a-4777-a169-ebeb7a6a3b67/datasets/520ae51f-637f-4efd-96be-dad192e05be4/rows?key=xOihNIQCsJUKPN0QCs93Ni3JCw0ULxfuul7LXbsyqDrprXUnu6NFehkGrhbxvnfxt9SZs3lQDqLdQjBstxp13g%3D%3D HTTP/1.1" 200 0
2021-12-29 18:04:25,077 - DEBUG - Starting new HTTPS connection (1): finnhub.io:443
2021-12-29 18:04:25,221 - DEBUG - https://finnhub.io:443 "GET /api/v1/stock/price-target?&token=c71nnkaad3ieuiu4d000&symbol=EVBG HTTP/1.1" 200 None
2021-12-29 18:04:25,226 - DEBUG - Starting new HTTPS connection (1): api.powerbi.com:443
2021-12-29 18:04:25,419 - DEBUG - https://api.powerbi.com:443 "POST /beta/b67d722d-aa8a-4777-a169-ebeb7a6a3b67/datasets/520ae51f-637f-4efd-96be-dad192e05be4/rows?key=xOihNIQCsJUKPN0QCs93Ni3JCw0ULxfuul7LXbsyqDrprXUnu6NFehkGrhbxvnfxt9SZs3lQDqLdQjBstxp13g%3D%3D HTTP/1.1" 200 0
2021-12-29 18:04:25,424 - DEBUG - Starting new HTTPS connection (1): finnhub.io:443
2021-12-29 18:04:25,558 - DEBUG - https://finnhub.io:443 "GET /api/v1/stock/price-target?&token=c71nnkaad3ieuiu4d000&symbol=SOFI HTTP/1.1" 200 None
2021-12-29 18:04:25,563 - DEBUG - Starting new HTTPS connection (1): api.powerbi.com:443
2021-12-29 18:04:25,744 - DEBUG - https://api.powerbi.com:443 "POST /beta/b67d722d-aa8a-4777-a169-ebeb7a6a3b67/datasets/520ae51f-637f-4efd-96be-dad192e05be4/rows?key=xOihNIQCsJUKPN0QCs93Ni3JCw0ULxfuul7LXbsyqDrprXUnu6NFehkGrhbxvnfxt9SZs3lQDqLdQjBstxp13g%3D%3D HTTP/1.1" 200 0
2021-12-29 18:04:25,750 - DEBUG - Starting new HTTPS connection (1): finnhub.io:443
2021-12-29 18:04:25,891 - DEBUG - https://finnhub.io:443 "GET /api/v1/stock/price-target?&token=c71nnkaad3ieuiu4d000&symbol=CURV HTTP/1.1" 200 None
2021-12-29 18:04:25,897 - DEBUG - Starting new HTTPS connection (1): api.powerbi.com:443
2021-12-29 18:04:26,087 - DEBUG - https://api.powerbi.com:443 "POST /beta/b67d722d-aa8a-4777-a169-ebeb7a6a3b67/datasets/520ae51f-637f-4efd-96be-dad192e05be4/rows?key=xOihNIQCsJUKPN0QCs93Ni3JCw0ULxfuul7LXbsyqDrprXUnu6NFehkGrhbxvnfxt9SZs3lQDqLdQjBstxp13g%3D%3D HTTP/1.1" 200 0
2021-12-29 18:04:26,092 - DEBUG - Starting new HTTPS connection (1): finnhub.io:443
2021-12-29 18:04:26,224 - DEBUG - https://finnhub.io:443 "GET /api/v1/stock/price-target?&token=c71nnkaad3ieuiu4d000&symbol=CHK HTTP/1.1" 200 None
2021-12-29 18:04:26,229 - DEBUG - Starting new HTTPS connection (1): api.powerbi.com:443
2021-12-29 18:04:26,418 - DEBUG - https://api.powerbi.com:443 "POST /beta/b67d722d-aa8a-4777-a169-ebeb7a6a3b67/datasets/520ae51f-637f-4efd-96be-dad192e05be4/rows?key=xOihNIQCsJUKPN0QCs93Ni3JCw0ULxfuul7LXbsyqDrprXUnu6NFehkGrhbxvnfxt9SZs3lQDqLdQjBstxp13g%3D%3D HTTP/1.1" 200 0
2021-12-29 18:04:26,423 - DEBUG - Starting new HTTPS connection (1): finnhub.io:443
2021-12-29 18:04:26,568 - DEBUG - https://finnhub.io:443 "GET /api/v1/stock/price-target?&token=c71nnkaad3ieuiu4d000&symbol=WEBR HTTP/1.1" 200 None
2021-12-29 18:04:26,574 - DEBUG - Starting new HTTPS connection (1): api.powerbi.com:443
2021-12-29 18:04:26,822 - DEBUG - https://api.powerbi.com:443 "POST /beta/b67d722d-aa8a-4777-a169-ebeb7a6a3b67/datasets/520ae51f-637f-4efd-96be-dad192e05be4/rows?key=xOihNIQCsJUKPN0QCs93Ni3JCw0ULxfuul7LXbsyqDrprXUnu6NFehkGrhbxvnfxt9SZs3lQDqLdQjBstxp13g%3D%3D HTTP/1.1" 200 0
2021-12-29 18:04:26,827 - DEBUG - Starting new HTTPS connection (1): finnhub.io:443
2021-12-29 18:04:26,951 - DEBUG - https://finnhub.io:443 "GET /api/v1/stock/price-target?&token=c71nnkaad3ieuiu4d000&symbol=SGH HTTP/1.1" 200 None
2021-12-29 18:04:26,957 - DEBUG - Starting new HTTPS connection (1): api.powerbi.com:443
2021-12-29 18:04:27,151 - DEBUG - https://api.powerbi.com:443 "POST /beta/b67d722d-aa8a-4777-a169-ebeb7a6a3b67/datasets/520ae51f-637f-4efd-96be-dad192e05be4/rows?key=xOihNIQCsJUKPN0QCs93Ni3JCw0ULxfuul7LXbsyqDrprXUnu6NFehkGrhbxvnfxt9SZs3lQDqLdQjBstxp13g%3D%3D HTTP/1.1" 200 0
2021-12-29 18:04:27,157 - DEBUG - Starting new HTTPS connection (1): finnhub.io:443
2021-12-29 18:04:27,282 - DEBUG - https://finnhub.io:443 "GET /api/v1/stock/price-target?&token=c71nnkaad3ieuiu4d000&symbol=CLR HTTP/1.1" 200 None
2021-12-29 18:04:27,287 - DEBUG - Starting new HTTPS connection (1): api.powerbi.com:443
2021-12-29 18:04:27,498 - DEBUG - https://api.powerbi.com:443 "POST /beta/b67d722d-aa8a-4777-a169-ebeb7a6a3b67/datasets/520ae51f-637f-4efd-96be-dad192e05be4/rows?key=xOihNIQCsJUKPN0QCs93Ni3JCw0ULxfuul7LXbsyqDrprXUnu6NFehkGrhbxvnfxt9SZs3lQDqLdQjBstxp13g%3D%3D HTTP/1.1" 200 0
2021-12-29 18:04:27,503 - DEBUG - Starting new HTTPS connection (1): finnhub.io:443
2021-12-29 18:04:27,646 - DEBUG - https://finnhub.io:443 "GET /api/v1/stock/price-target?&token=c71nnkaad3ieuiu4d000&symbol=MNRL HTTP/1.1" 200 None
2021-12-29 18:04:27,651 - DEBUG - Starting new HTTPS connection (1): api.powerbi.com:443
2021-12-29 18:04:27,885 - DEBUG - https://api.powerbi.com:443 "POST /beta/b67d722d-aa8a-4777-a169-ebeb7a6a3b67/datasets/520ae51f-637f-4efd-96be-dad192e05be4/rows?key=xOihNIQCsJUKPN0QCs93Ni3JCw0ULxfuul7LXbsyqDrprXUnu6NFehkGrhbxvnfxt9SZs3lQDqLdQjBstxp13g%3D%3D HTTP/1.1" 200 0
2021-12-29 18:04:27,890 - DEBUG - Starting new HTTPS connection (1): finnhub.io:443
2021-12-29 18:04:28,027 - DEBUG - https://finnhub.io:443 "GET /api/v1/stock/price-target?&token=c71nnkaad3ieuiu4d000&symbol=GME HTTP/1.1" 200 None
2021-12-29 18:04:28,033 - DEBUG - Starting new HTTPS connection (1): api.powerbi.com:443
2021-12-29 18:04:28,210 - DEBUG - https://api.powerbi.com:443 "POST /beta/b67d722d-aa8a-4777-a169-ebeb7a6a3b67/datasets/520ae51f-637f-4efd-96be-dad192e05be4/rows?key=xOihNIQCsJUKPN0QCs93Ni3JCw0ULxfuul7LXbsyqDrprXUnu6NFehkGrhbxvnfxt9SZs3lQDqLdQjBstxp13g%3D%3D HTTP/1.1" 200 0
2021-12-29 18:04:28,215 - DEBUG - Starting new HTTPS connection (1): finnhub.io:443
2021-12-29 18:04:28,363 - DEBUG - https://finnhub.io:443 "GET /api/v1/stock/price-target?&token=c71nnkaad3ieuiu4d000&symbol=VSCO HTTP/1.1" 200 None
2021-12-29 18:04:28,368 - DEBUG - Starting new HTTPS connection (1): api.powerbi.com:443
2021-12-29 18:04:28,555 - DEBUG - https://api.powerbi.com:443 "POST /beta/b67d722d-aa8a-4777-a169-ebeb7a6a3b67/datasets/520ae51f-637f-4efd-96be-dad192e05be4/rows?key=xOihNIQCsJUKPN0QCs93Ni3JCw0ULxfuul7LXbsyqDrprXUnu6NFehkGrhbxvnfxt9SZs3lQDqLdQjBstxp13g%3D%3D HTTP/1.1" 200 0
2021-12-29 18:04:28,559 - DEBUG - Starting new HTTPS connection (1): finnhub.io:443
2021-12-29 18:04:28,693 - DEBUG - https://finnhub.io:443 "GET /api/v1/stock/price-target?&token=c71nnkaad3ieuiu4d000&symbol=FL HTTP/1.1" 200 None
2021-12-29 18:04:28,698 - DEBUG - Starting new HTTPS connection (1): api.powerbi.com:443
2021-12-29 18:04:28,881 - DEBUG - https://api.powerbi.com:443 "POST /beta/b67d722d-aa8a-4777-a169-ebeb7a6a3b67/datasets/520ae51f-637f-4efd-96be-dad192e05be4/rows?key=xOihNIQCsJUKPN0QCs93Ni3JCw0ULxfuul7LXbsyqDrprXUnu6NFehkGrhbxvnfxt9SZs3lQDqLdQjBstxp13g%3D%3D HTTP/1.1" 200 0
2021-12-29 18:04:28,886 - DEBUG - Starting new HTTPS connection (1): finnhub.io:443
2021-12-29 18:04:29,004 - DEBUG - https://finnhub.io:443 "GET /api/v1/stock/price-target?&token=c71nnkaad3ieuiu4d000&symbol=RVLV HTTP/1.1" 200 None
2021-12-29 18:04:29,009 - DEBUG - Starting new HTTPS connection (1): api.powerbi.com:443
2021-12-29 18:04:29,213 - DEBUG - https://api.powerbi.com:443 "POST /beta/b67d722d-aa8a-4777-a169-ebeb7a6a3b67/datasets/520ae51f-637f-4efd-96be-dad192e05be4/rows?key=xOihNIQCsJUKPN0QCs93Ni3JCw0ULxfuul7LXbsyqDrprXUnu6NFehkGrhbxvnfxt9SZs3lQDqLdQjBstxp13g%3D%3D HTTP/1.1" 200 0
2021-12-29 18:04:29,218 - DEBUG - Starting new HTTPS connection (1): finnhub.io:443
2021-12-29 18:04:29,357 - DEBUG - https://finnhub.io:443 "GET /api/v1/stock/price-target?&token=c71nnkaad3ieuiu4d000&symbol=LUCD HTTP/1.1" 200 None
2021-12-29 18:04:29,363 - DEBUG - Starting new HTTPS connection (1): api.powerbi.com:443
2021-12-29 18:04:29,577 - DEBUG - https://api.powerbi.com:443 "POST /beta/b67d722d-aa8a-4777-a169-ebeb7a6a3b67/datasets/520ae51f-637f-4efd-96be-dad192e05be4/rows?key=xOihNIQCsJUKPN0QCs93Ni3JCw0ULxfuul7LXbsyqDrprXUnu6NFehkGrhbxvnfxt9SZs3lQDqLdQjBstxp13g%3D%3D HTTP/1.1" 200 0
2021-12-29 18:04:29,582 - DEBUG - Starting new HTTPS connection (1): finnhub.io:443
2021-12-29 18:04:29,751 - DEBUG - https://finnhub.io:443 "GET /api/v1/stock/price-target?&token=c71nnkaad3ieuiu4d000&symbol=SM HTTP/1.1" 200 None
2021-12-29 18:04:29,757 - DEBUG - Starting new HTTPS connection (1): api.powerbi.com:443
2021-12-29 18:04:29,966 - DEBUG - https://api.powerbi.com:443 "POST /beta/b67d722d-aa8a-4777-a169-ebeb7a6a3b67/datasets/520ae51f-637f-4efd-96be-dad192e05be4/rows?key=xOihNIQCsJUKPN0QCs93Ni3JCw0ULxfuul7LXbsyqDrprXUnu6NFehkGrhbxvnfxt9SZs3lQDqLdQjBstxp13g%3D%3D HTTP/1.1" 200 0
2021-12-29 18:04:29,971 - DEBUG - Starting new HTTPS connection (1): finnhub.io:443
2021-12-29 18:04:30,102 - DEBUG - https://finnhub.io:443 "GET /api/v1/stock/price-target?&token=c71nnkaad3ieuiu4d000&symbol=OCDX HTTP/1.1" 200 None
2021-12-29 18:04:30,108 - DEBUG - Starting new HTTPS connection (1): api.powerbi.com:443
2021-12-29 18:04:30,305 - DEBUG - https://api.powerbi.com:443 "POST /beta/b67d722d-aa8a-4777-a169-ebeb7a6a3b67/datasets/520ae51f-637f-4efd-96be-dad192e05be4/rows?key=xOihNIQCsJUKPN0QCs93Ni3JCw0ULxfuul7LXbsyqDrprXUnu6NFehkGrhbxvnfxt9SZs3lQDqLdQjBstxp13g%3D%3D HTTP/1.1" 200 0
2021-12-29 18:04:30,310 - DEBUG - Starting new HTTPS connection (1): finnhub.io:443
2021-12-29 18:04:30,449 - DEBUG - https://finnhub.io:443 "GET /api/v1/stock/price-target?&token=c71nnkaad3ieuiu4d000&symbol=INNV HTTP/1.1" 200 None
2021-12-29 18:04:30,455 - DEBUG - Starting new HTTPS connection (1): api.powerbi.com:443
2021-12-29 18:04:30,665 - DEBUG - https://api.powerbi.com:443 "POST /beta/b67d722d-aa8a-4777-a169-ebeb7a6a3b67/datasets/520ae51f-637f-4efd-96be-dad192e05be4/rows?key=xOihNIQCsJUKPN0QCs93Ni3JCw0ULxfuul7LXbsyqDrprXUnu6NFehkGrhbxvnfxt9SZs3lQDqLdQjBstxp13g%3D%3D HTTP/1.1" 200 0
2021-12-29 18:04:30,670 - DEBUG - Starting new HTTPS connection (1): finnhub.io:443
2021-12-29 18:04:30,808 - DEBUG - https://finnhub.io:443 "GET /api/v1/stock/price-target?&token=c71nnkaad3ieuiu4d000&symbol=OCDX HTTP/1.1" 200 None
2021-12-29 18:04:30,813 - DEBUG - Starting new HTTPS connection (1): api.powerbi.com:443
2021-12-29 18:04:30,993 - DEBUG - https://api.powerbi.com:443 "POST /beta/b67d722d-aa8a-4777-a169-ebeb7a6a3b67/datasets/520ae51f-637f-4efd-96be-dad192e05be4/rows?key=xOihNIQCsJUKPN0QCs93Ni3JCw0ULxfuul7LXbsyqDrprXUnu6NFehkGrhbxvnfxt9SZs3lQDqLdQjBstxp13g%3D%3D HTTP/1.1" 200 0
2021-12-29 18:04:30,998 - DEBUG - Starting new HTTPS connection (1): finnhub.io:443
2021-12-29 18:04:31,137 - DEBUG - https://finnhub.io:443 "GET /api/v1/stock/price-target?&token=c71nnkaad3ieuiu4d000&symbol=CTV HTTP/1.1" 200 None
2021-12-29 18:04:31,143 - DEBUG - Starting new HTTPS connection (1): api.powerbi.com:443
2021-12-29 18:04:31,338 - DEBUG - https://api.powerbi.com:443 "POST /beta/b67d722d-aa8a-4777-a169-ebeb7a6a3b67/datasets/520ae51f-637f-4efd-96be-dad192e05be4/rows?key=xOihNIQCsJUKPN0QCs93Ni3JCw0ULxfuul7LXbsyqDrprXUnu6NFehkGrhbxvnfxt9SZs3lQDqLdQjBstxp13g%3D%3D HTTP/1.1" 200 0
2021-12-29 18:04:31,342 - DEBUG - Starting new HTTPS connection (1): finnhub.io:443
2021-12-29 18:04:31,473 - DEBUG - https://finnhub.io:443 "GET /api/v1/stock/price-target?&token=c71nnkaad3ieuiu4d000&symbol=TMQ HTTP/1.1" 200 None
2021-12-29 18:04:31,478 - DEBUG - Starting new HTTPS connection (1): api.powerbi.com:443
2021-12-29 18:04:31,683 - DEBUG - https://api.powerbi.com:443 "POST /beta/b67d722d-aa8a-4777-a169-ebeb7a6a3b67/datasets/520ae51f-637f-4efd-96be-dad192e05be4/rows?key=xOihNIQCsJUKPN0QCs93Ni3JCw0ULxfuul7LXbsyqDrprXUnu6NFehkGrhbxvnfxt9SZs3lQDqLdQjBstxp13g%3D%3D HTTP/1.1" 200 0
2021-12-29 18:04:31,688 - DEBUG - Starting new HTTPS connection (1): finnhub.io:443
2021-12-29 18:04:31,864 - DEBUG - https://finnhub.io:443 "GET /api/v1/stock/price-target?&token=c71nnkaad3ieuiu4d000&symbol=UBA HTTP/1.1" 200 None
2021-12-29 18:04:31,869 - DEBUG - Starting new HTTPS connection (1): api.powerbi.com:443
2021-12-29 18:04:32,071 - DEBUG - https://api.powerbi.com:443 "POST /beta/b67d722d-aa8a-4777-a169-ebeb7a6a3b67/datasets/520ae51f-637f-4efd-96be-dad192e05be4/rows?key=xOihNIQCsJUKPN0QCs93Ni3JCw0ULxfuul7LXbsyqDrprXUnu6NFehkGrhbxvnfxt9SZs3lQDqLdQjBstxp13g%3D%3D HTTP/1.1" 200 0
2021-12-29 18:04:32,077 - DEBUG - Starting new HTTPS connection (1): finnhub.io:443
2021-12-29 18:04:32,222 - DEBUG - https://finnhub.io:443 "GET /api/v1/stock/price-target?&token=c71nnkaad3ieuiu4d000&symbol=OCDX HTTP/1.1" 200 None
2021-12-29 18:04:32,228 - DEBUG - Starting new HTTPS connection (1): api.powerbi.com:443
2021-12-29 18:04:32,417 - DEBUG - https://api.powerbi.com:443 "POST /beta/b67d722d-aa8a-4777-a169-ebeb7a6a3b67/datasets/520ae51f-637f-4efd-96be-dad192e05be4/rows?key=xOihNIQCsJUKPN0QCs93Ni3JCw0ULxfuul7LXbsyqDrprXUnu6NFehkGrhbxvnfxt9SZs3lQDqLdQjBstxp13g%3D%3D HTTP/1.1" 200 0
2021-12-29 18:04:32,422 - DEBUG - Starting new HTTPS connection (1): finnhub.io:443
2021-12-29 18:04:32,553 - DEBUG - https://finnhub.io:443 "GET /api/v1/stock/price-target?&token=c71nnkaad3ieuiu4d000&symbol=CVS HTTP/1.1" 200 None
2021-12-29 18:04:32,559 - DEBUG - Starting new HTTPS connection (1): api.powerbi.com:443
2021-12-29 18:04:32,761 - DEBUG - https://api.powerbi.com:443 "POST /beta/b67d722d-aa8a-4777-a169-ebeb7a6a3b67/datasets/520ae51f-637f-4efd-96be-dad192e05be4/rows?key=xOihNIQCsJUKPN0QCs93Ni3JCw0ULxfuul7LXbsyqDrprXUnu6NFehkGrhbxvnfxt9SZs3lQDqLdQjBstxp13g%3D%3D HTTP/1.1" 200 0
2021-12-29 18:04:32,766 - DEBUG - Starting new HTTPS connection (1): finnhub.io:443
2021-12-29 18:04:32,900 - DEBUG - https://finnhub.io:443 "GET /api/v1/stock/price-target?&token=c71nnkaad3ieuiu4d000&symbol=QRTEA HTTP/1.1" 200 None
2021-12-29 18:04:32,906 - DEBUG - Starting new HTTPS connection (1): api.powerbi.com:443
2021-12-29 18:04:33,127 - DEBUG - https://api.powerbi.com:443 "POST /beta/b67d722d-aa8a-4777-a169-ebeb7a6a3b67/datasets/520ae51f-637f-4efd-96be-dad192e05be4/rows?key=xOihNIQCsJUKPN0QCs93Ni3JCw0ULxfuul7LXbsyqDrprXUnu6NFehkGrhbxvnfxt9SZs3lQDqLdQjBstxp13g%3D%3D HTTP/1.1" 200 0
2021-12-29 18:04:33,132 - DEBUG - Starting new HTTPS connection (1): finnhub.io:443
2021-12-29 18:04:33,283 - DEBUG - https://finnhub.io:443 "GET /api/v1/stock/price-target?&token=c71nnkaad3ieuiu4d000&symbol=PTON HTTP/1.1" 200 None
2021-12-29 18:04:33,289 - DEBUG - Starting new HTTPS connection (1): api.powerbi.com:443
2021-12-29 18:04:33,492 - DEBUG - https://api.powerbi.com:443 "POST /beta/b67d722d-aa8a-4777-a169-ebeb7a6a3b67/datasets/520ae51f-637f-4efd-96be-dad192e05be4/rows?key=xOihNIQCsJUKPN0QCs93Ni3JCw0ULxfuul7LXbsyqDrprXUnu6NFehkGrhbxvnfxt9SZs3lQDqLdQjBstxp13g%3D%3D HTTP/1.1" 200 0
2021-12-29 18:04:33,497 - DEBUG - Starting new HTTPS connection (1): finnhub.io:443
2021-12-29 18:04:33,751 - DEBUG - https://finnhub.io:443 "GET /api/v1/stock/price-target?&token=c71nnkaad3ieuiu4d000&symbol=PAYX HTTP/1.1" 200 None
2021-12-29 18:04:33,756 - DEBUG - Starting new HTTPS connection (1): api.powerbi.com:443
2021-12-29 18:04:33,964 - DEBUG - https://api.powerbi.com:443 "POST /beta/b67d722d-aa8a-4777-a169-ebeb7a6a3b67/datasets/520ae51f-637f-4efd-96be-dad192e05be4/rows?key=xOihNIQCsJUKPN0QCs93Ni3JCw0ULxfuul7LXbsyqDrprXUnu6NFehkGrhbxvnfxt9SZs3lQDqLdQjBstxp13g%3D%3D HTTP/1.1" 200 0
2021-12-29 18:04:33,969 - DEBUG - Starting new HTTPS connection (1): finnhub.io:443
2021-12-29 18:04:34,154 - DEBUG - https://finnhub.io:443 "GET /api/v1/stock/price-target?&token=c71nnkaad3ieuiu4d000&symbol=SGTX HTTP/1.1" 200 None
2021-12-29 18:04:34,159 - DEBUG - Starting new HTTPS connection (1): api.powerbi.com:443
2021-12-29 18:04:34,368 - DEBUG - https://api.powerbi.com:443 "POST /beta/b67d722d-aa8a-4777-a169-ebeb7a6a3b67/datasets/520ae51f-637f-4efd-96be-dad192e05be4/rows?key=xOihNIQCsJUKPN0QCs93Ni3JCw0ULxfuul7LXbsyqDrprXUnu6NFehkGrhbxvnfxt9SZs3lQDqLdQjBstxp13g%3D%3D HTTP/1.1" 200 0
2021-12-29 18:04:34,374 - DEBUG - Starting new HTTPS connection (1): finnhub.io:443
2021-12-29 18:04:34,488 - DEBUG - https://finnhub.io:443 "GET /api/v1/stock/price-target?&token=c71nnkaad3ieuiu4d000&symbol=ALLK HTTP/1.1" 200 None
2021-12-29 18:04:34,494 - DEBUG - Starting new HTTPS connection (1): api.powerbi.com:443
2021-12-29 18:04:34,731 - DEBUG - https://api.powerbi.com:443 "POST /beta/b67d722d-aa8a-4777-a169-ebeb7a6a3b67/datasets/520ae51f-637f-4efd-96be-dad192e05be4/rows?key=xOihNIQCsJUKPN0QCs93Ni3JCw0ULxfuul7LXbsyqDrprXUnu6NFehkGrhbxvnfxt9SZs3lQDqLdQjBstxp13g%3D%3D HTTP/1.1" 200 0
2021-12-29 18:04:34,736 - DEBUG - Starting new HTTPS connection (1): finnhub.io:443
2021-12-29 18:04:34,879 - DEBUG - https://finnhub.io:443 "GET /api/v1/stock/price-target?&token=c71nnkaad3ieuiu4d000&symbol=BIIB HTTP/1.1" 200 None
2021-12-29 18:04:34,885 - DEBUG - Starting new HTTPS connection (1): api.powerbi.com:443
2021-12-29 18:04:35,091 - DEBUG - https://api.powerbi.com:443 "POST /beta/b67d722d-aa8a-4777-a169-ebeb7a6a3b67/datasets/520ae51f-637f-4efd-96be-dad192e05be4/rows?key=xOihNIQCsJUKPN0QCs93Ni3JCw0ULxfuul7LXbsyqDrprXUnu6NFehkGrhbxvnfxt9SZs3lQDqLdQjBstxp13g%3D%3D HTTP/1.1" 200 0
2021-12-29 18:04:35,095 - DEBUG - Starting new HTTPS connection (1): finnhub.io:443
2021-12-29 18:04:35,251 - DEBUG - https://finnhub.io:443 "GET /api/v1/stock/price-target?&token=c71nnkaad3ieuiu4d000&symbol=LOGC HTTP/1.1" 200 None
2021-12-29 18:04:35,257 - DEBUG - Starting new HTTPS connection (1): api.powerbi.com:443
2021-12-29 18:04:35,450 - DEBUG - https://api.powerbi.com:443 "POST /beta/b67d722d-aa8a-4777-a169-ebeb7a6a3b67/datasets/520ae51f-637f-4efd-96be-dad192e05be4/rows?key=xOihNIQCsJUKPN0QCs93Ni3JCw0ULxfuul7LXbsyqDrprXUnu6NFehkGrhbxvnfxt9SZs3lQDqLdQjBstxp13g%3D%3D HTTP/1.1" 200 0
2021-12-29 18:04:35,455 - DEBUG - Starting new HTTPS connection (1): finnhub.io:443
2021-12-29 18:04:35,597 - DEBUG - https://finnhub.io:443 "GET /api/v1/stock/price-target?&token=c71nnkaad3ieuiu4d000&symbol=IBP HTTP/1.1" 200 None
2021-12-29 18:04:35,603 - DEBUG - Starting new HTTPS connection (1): api.powerbi.com:443
2021-12-29 18:04:35,810 - DEBUG - https://api.powerbi.com:443 "POST /beta/b67d722d-aa8a-4777-a169-ebeb7a6a3b67/datasets/520ae51f-637f-4efd-96be-dad192e05be4/rows?key=xOihNIQCsJUKPN0QCs93Ni3JCw0ULxfuul7LXbsyqDrprXUnu6NFehkGrhbxvnfxt9SZs3lQDqLdQjBstxp13g%3D%3D HTTP/1.1" 200 0
2021-12-29 18:04:35,815 - DEBUG - Starting new HTTPS connection (1): finnhub.io:443
2021-12-29 18:04:35,970 - DEBUG - https://finnhub.io:443 "GET /api/v1/stock/price-target?&token=c71nnkaad3ieuiu4d000&symbol=BLD HTTP/1.1" 200 None
2021-12-29 18:04:35,975 - DEBUG - Starting new HTTPS connection (1): api.powerbi.com:443
2021-12-29 18:04:36,166 - DEBUG - https://api.powerbi.com:443 "POST /beta/b67d722d-aa8a-4777-a169-ebeb7a6a3b67/datasets/520ae51f-637f-4efd-96be-dad192e05be4/rows?key=xOihNIQCsJUKPN0QCs93Ni3JCw0ULxfuul7LXbsyqDrprXUnu6NFehkGrhbxvnfxt9SZs3lQDqLdQjBstxp13g%3D%3D HTTP/1.1" 200 0
2021-12-29 18:04:36,171 - DEBUG - Starting new HTTPS connection (1): finnhub.io:443
2021-12-29 18:04:36,313 - DEBUG - https://finnhub.io:443 "GET /api/v1/stock/price-target?&token=c71nnkaad3ieuiu4d000&symbol=CMS HTTP/1.1" 200 None
2021-12-29 18:04:36,319 - DEBUG - Starting new HTTPS connection (1): api.powerbi.com:443
2021-12-29 18:04:36,493 - DEBUG - https://api.powerbi.com:443 "POST /beta/b67d722d-aa8a-4777-a169-ebeb7a6a3b67/datasets/520ae51f-637f-4efd-96be-dad192e05be4/rows?key=xOihNIQCsJUKPN0QCs93Ni3JCw0ULxfuul7LXbsyqDrprXUnu6NFehkGrhbxvnfxt9SZs3lQDqLdQjBstxp13g%3D%3D HTTP/1.1" 200 0
2021-12-29 18:04:36,498 - DEBUG - Starting new HTTPS connection (1): finnhub.io:443
2021-12-29 18:04:36,641 - DEBUG - https://finnhub.io:443 "GET /api/v1/stock/price-target?&token=c71nnkaad3ieuiu4d000&symbol=PAYX HTTP/1.1" 200 None
2021-12-29 18:04:36,646 - DEBUG - Starting new HTTPS connection (1): api.powerbi.com:443
2021-12-29 18:04:36,835 - DEBUG - https://api.powerbi.com:443 "POST /beta/b67d722d-aa8a-4777-a169-ebeb7a6a3b67/datasets/520ae51f-637f-4efd-96be-dad192e05be4/rows?key=xOihNIQCsJUKPN0QCs93Ni3JCw0ULxfuul7LXbsyqDrprXUnu6NFehkGrhbxvnfxt9SZs3lQDqLdQjBstxp13g%3D%3D HTTP/1.1" 200 0
2021-12-29 18:04:36,840 - DEBUG - Starting new HTTPS connection (1): finnhub.io:443
2021-12-29 18:04:36,978 - DEBUG - https://finnhub.io:443 "GET /api/v1/stock/price-target?&token=c71nnkaad3ieuiu4d000&symbol=BOOM HTTP/1.1" 200 None
2021-12-29 18:04:36,983 - DEBUG - Starting new HTTPS connection (1): api.powerbi.com:443
2021-12-29 18:04:37,179 - DEBUG - https://api.powerbi.com:443 "POST /beta/b67d722d-aa8a-4777-a169-ebeb7a6a3b67/datasets/520ae51f-637f-4efd-96be-dad192e05be4/rows?key=xOihNIQCsJUKPN0QCs93Ni3JCw0ULxfuul7LXbsyqDrprXUnu6NFehkGrhbxvnfxt9SZs3lQDqLdQjBstxp13g%3D%3D HTTP/1.1" 200 0
2021-12-29 18:04:37,184 - DEBUG - Starting new HTTPS connection (1): finnhub.io:443
2021-12-29 18:04:37,352 - DEBUG - https://finnhub.io:443 "GET /api/v1/stock/price-target?&token=c71nnkaad3ieuiu4d000&symbol=CLVR HTTP/1.1" 200 None
2021-12-29 18:04:37,358 - DEBUG - Starting new HTTPS connection (1): api.powerbi.com:443
2021-12-29 18:04:37,547 - DEBUG - https://api.powerbi.com:443 "POST /beta/b67d722d-aa8a-4777-a169-ebeb7a6a3b67/datasets/520ae51f-637f-4efd-96be-dad192e05be4/rows?key=xOihNIQCsJUKPN0QCs93Ni3JCw0ULxfuul7LXbsyqDrprXUnu6NFehkGrhbxvnfxt9SZs3lQDqLdQjBstxp13g%3D%3D HTTP/1.1" 200 0
2021-12-29 18:04:37,552 - DEBUG - Starting new HTTPS connection (1): finnhub.io:443
2021-12-29 18:04:37,709 - DEBUG - https://finnhub.io:443 "GET /api/v1/stock/price-target?&token=c71nnkaad3ieuiu4d000&symbol=SKIN HTTP/1.1" 200 None
2021-12-29 18:04:37,715 - DEBUG - Starting new HTTPS connection (1): api.powerbi.com:443
2021-12-29 18:04:37,902 - DEBUG - https://api.powerbi.com:443 "POST /beta/b67d722d-aa8a-4777-a169-ebeb7a6a3b67/datasets/520ae51f-637f-4efd-96be-dad192e05be4/rows?key=xOihNIQCsJUKPN0QCs93Ni3JCw0ULxfuul7LXbsyqDrprXUnu6NFehkGrhbxvnfxt9SZs3lQDqLdQjBstxp13g%3D%3D HTTP/1.1" 200 0
2021-12-29 18:04:37,907 - DEBUG - Starting new HTTPS connection (1): finnhub.io:443
2021-12-29 18:04:38,055 - DEBUG - https://finnhub.io:443 "GET /api/v1/stock/price-target?&token=c71nnkaad3ieuiu4d000&symbol=ALLK HTTP/1.1" 200 None
2021-12-29 18:04:38,060 - DEBUG - Starting new HTTPS connection (1): api.powerbi.com:443
2021-12-29 18:04:38,260 - DEBUG - https://api.powerbi.com:443 "POST /beta/b67d722d-aa8a-4777-a169-ebeb7a6a3b67/datasets/520ae51f-637f-4efd-96be-dad192e05be4/rows?key=xOihNIQCsJUKPN0QCs93Ni3JCw0ULxfuul7LXbsyqDrprXUnu6NFehkGrhbxvnfxt9SZs3lQDqLdQjBstxp13g%3D%3D HTTP/1.1" 200 0
2021-12-29 18:04:38,265 - DEBUG - Starting new HTTPS connection (1): finnhub.io:443
2021-12-29 18:04:38,398 - DEBUG - https://finnhub.io:443 "GET /api/v1/stock/price-target?&token=c71nnkaad3ieuiu4d000&symbol=PRCH HTTP/1.1" 200 None
2021-12-29 18:04:38,403 - DEBUG - Starting new HTTPS connection (1): api.powerbi.com:443
2021-12-29 18:04:38,608 - DEBUG - https://api.powerbi.com:443 "POST /beta/b67d722d-aa8a-4777-a169-ebeb7a6a3b67/datasets/520ae51f-637f-4efd-96be-dad192e05be4/rows?key=xOihNIQCsJUKPN0QCs93Ni3JCw0ULxfuul7LXbsyqDrprXUnu6NFehkGrhbxvnfxt9SZs3lQDqLdQjBstxp13g%3D%3D HTTP/1.1" 200 0
2021-12-29 18:04:38,613 - DEBUG - Starting new HTTPS connection (1): finnhub.io:443
2021-12-29 18:04:38,762 - DEBUG - https://finnhub.io:443 "GET /api/v1/stock/price-target?&token=c71nnkaad3ieuiu4d000&symbol=CTAS HTTP/1.1" 200 None
2021-12-29 18:04:38,768 - DEBUG - Starting new HTTPS connection (1): api.powerbi.com:443
2021-12-29 18:04:38,978 - DEBUG - https://api.powerbi.com:443 "POST /beta/b67d722d-aa8a-4777-a169-ebeb7a6a3b67/datasets/520ae51f-637f-4efd-96be-dad192e05be4/rows?key=xOihNIQCsJUKPN0QCs93Ni3JCw0ULxfuul7LXbsyqDrprXUnu6NFehkGrhbxvnfxt9SZs3lQDqLdQjBstxp13g%3D%3D HTTP/1.1" 200 0
2021-12-29 18:04:38,983 - DEBUG - Starting new HTTPS connection (1): finnhub.io:443
2021-12-29 18:04:39,118 - DEBUG - https://finnhub.io:443 "GET /api/v1/stock/price-target?&token=c71nnkaad3ieuiu4d000&symbol=EGP HTTP/1.1" 200 None
2021-12-29 18:04:39,123 - DEBUG - Starting new HTTPS connection (1): api.powerbi.com:443
2021-12-29 18:04:39,307 - DEBUG - https://api.powerbi.com:443 "POST /beta/b67d722d-aa8a-4777-a169-ebeb7a6a3b67/datasets/520ae51f-637f-4efd-96be-dad192e05be4/rows?key=xOihNIQCsJUKPN0QCs93Ni3JCw0ULxfuul7LXbsyqDrprXUnu6NFehkGrhbxvnfxt9SZs3lQDqLdQjBstxp13g%3D%3D HTTP/1.1" 200 0
2021-12-29 18:04:39,311 - DEBUG - Starting new HTTPS connection (1): finnhub.io:443
2021-12-29 18:04:39,455 - DEBUG - https://finnhub.io:443 "GET /api/v1/stock/price-target?&token=c71nnkaad3ieuiu4d000&symbol=TRNO HTTP/1.1" 200 None
2021-12-29 18:04:39,460 - DEBUG - Starting new HTTPS connection (1): api.powerbi.com:443
2021-12-29 18:04:39,667 - DEBUG - https://api.powerbi.com:443 "POST /beta/b67d722d-aa8a-4777-a169-ebeb7a6a3b67/datasets/520ae51f-637f-4efd-96be-dad192e05be4/rows?key=xOihNIQCsJUKPN0QCs93Ni3JCw0ULxfuul7LXbsyqDrprXUnu6NFehkGrhbxvnfxt9SZs3lQDqLdQjBstxp13g%3D%3D HTTP/1.1" 200 0
2021-12-29 18:04:39,672 - DEBUG - Starting new HTTPS connection (1): finnhub.io:443
2021-12-29 18:04:39,822 - DEBUG - https://finnhub.io:443 "GET /api/v1/stock/price-target?&token=c71nnkaad3ieuiu4d000&symbol=AVO HTTP/1.1" 200 None
2021-12-29 18:04:39,828 - DEBUG - Starting new HTTPS connection (1): api.powerbi.com:443
2021-12-29 18:04:40,006 - DEBUG - https://api.powerbi.com:443 "POST /beta/b67d722d-aa8a-4777-a169-ebeb7a6a3b67/datasets/520ae51f-637f-4efd-96be-dad192e05be4/rows?key=xOihNIQCsJUKPN0QCs93Ni3JCw0ULxfuul7LXbsyqDrprXUnu6NFehkGrhbxvnfxt9SZs3lQDqLdQjBstxp13g%3D%3D HTTP/1.1" 200 0
2021-12-29 18:04:40,011 - DEBUG - Starting new HTTPS connection (1): finnhub.io:443
2021-12-29 18:04:40,134 - DEBUG - https://finnhub.io:443 "GET /api/v1/stock/price-target?&token=c71nnkaad3ieuiu4d000&symbol=KMX HTTP/1.1" 200 None
2021-12-29 18:04:40,139 - DEBUG - Starting new HTTPS connection (1): api.powerbi.com:443
2021-12-29 18:04:40,339 - DEBUG - https://api.powerbi.com:443 "POST /beta/b67d722d-aa8a-4777-a169-ebeb7a6a3b67/datasets/520ae51f-637f-4efd-96be-dad192e05be4/rows?key=xOihNIQCsJUKPN0QCs93Ni3JCw0ULxfuul7LXbsyqDrprXUnu6NFehkGrhbxvnfxt9SZs3lQDqLdQjBstxp13g%3D%3D HTTP/1.1" 200 0
2021-12-29 18:04:40,344 - DEBUG - Starting new HTTPS connection (1): finnhub.io:443
2021-12-29 18:04:40,535 - DEBUG - https://finnhub.io:443 "GET /api/v1/stock/price-target?&token=c71nnkaad3ieuiu4d000&symbol=SOFI HTTP/1.1" 200 None
2021-12-29 18:04:40,540 - DEBUG - Starting new HTTPS connection (1): api.powerbi.com:443
2021-12-29 18:04:40,728 - DEBUG - https://api.powerbi.com:443 "POST /beta/b67d722d-aa8a-4777-a169-ebeb7a6a3b67/datasets/520ae51f-637f-4efd-96be-dad192e05be4/rows?key=xOihNIQCsJUKPN0QCs93Ni3JCw0ULxfuul7LXbsyqDrprXUnu6NFehkGrhbxvnfxt9SZs3lQDqLdQjBstxp13g%3D%3D HTTP/1.1" 200 0
2021-12-29 18:04:40,733 - DEBUG - Starting new HTTPS connection (1): finnhub.io:443
2021-12-29 18:04:40,880 - DEBUG - https://finnhub.io:443 "GET /api/v1/stock/price-target?&token=c71nnkaad3ieuiu4d000&symbol=VINC HTTP/1.1" 200 None
2021-12-29 18:04:40,886 - DEBUG - Starting new HTTPS connection (1): api.powerbi.com:443
2021-12-29 18:04:41,070 - DEBUG - https://api.powerbi.com:443 "POST /beta/b67d722d-aa8a-4777-a169-ebeb7a6a3b67/datasets/520ae51f-637f-4efd-96be-dad192e05be4/rows?key=xOihNIQCsJUKPN0QCs93Ni3JCw0ULxfuul7LXbsyqDrprXUnu6NFehkGrhbxvnfxt9SZs3lQDqLdQjBstxp13g%3D%3D HTTP/1.1" 200 0
2021-12-29 18:04:41,076 - DEBUG - Starting new HTTPS connection (1): finnhub.io:443
2021-12-29 18:04:41,201 - DEBUG - https://finnhub.io:443 "GET /api/v1/stock/price-target?&token=c71nnkaad3ieuiu4d000&symbol=SPAQ HTTP/1.1" 200 None
2021-12-29 18:04:41,206 - DEBUG - Starting new HTTPS connection (1): api.powerbi.com:443
2021-12-29 18:04:41,402 - DEBUG - https://api.powerbi.com:443 "POST /beta/b67d722d-aa8a-4777-a169-ebeb7a6a3b67/datasets/520ae51f-637f-4efd-96be-dad192e05be4/rows?key=xOihNIQCsJUKPN0QCs93Ni3JCw0ULxfuul7LXbsyqDrprXUnu6NFehkGrhbxvnfxt9SZs3lQDqLdQjBstxp13g%3D%3D HTTP/1.1" 200 0
2021-12-29 18:04:41,407 - DEBUG - Starting new HTTPS connection (1): finnhub.io:443
2021-12-29 18:04:41,549 - DEBUG - https://finnhub.io:443 "GET /api/v1/stock/price-target?&token=c71nnkaad3ieuiu4d000&symbol=GRPN HTTP/1.1" 200 None
2021-12-29 18:04:41,554 - DEBUG - Starting new HTTPS connection (1): api.powerbi.com:443
2021-12-29 18:04:41,744 - DEBUG - https://api.powerbi.com:443 "POST /beta/b67d722d-aa8a-4777-a169-ebeb7a6a3b67/datasets/520ae51f-637f-4efd-96be-dad192e05be4/rows?key=xOihNIQCsJUKPN0QCs93Ni3JCw0ULxfuul7LXbsyqDrprXUnu6NFehkGrhbxvnfxt9SZs3lQDqLdQjBstxp13g%3D%3D HTTP/1.1" 200 0
2021-12-29 18:04:41,749 - DEBUG - Starting new HTTPS connection (1): finnhub.io:443
2021-12-29 18:04:41,894 - DEBUG - https://finnhub.io:443 "GET /api/v1/stock/price-target?&token=c71nnkaad3ieuiu4d000&symbol=ELEV HTTP/1.1" 200 None
2021-12-29 18:04:41,899 - DEBUG - Starting new HTTPS connection (1): api.powerbi.com:443
2021-12-29 18:04:42,085 - DEBUG - https://api.powerbi.com:443 "POST /beta/b67d722d-aa8a-4777-a169-ebeb7a6a3b67/datasets/520ae51f-637f-4efd-96be-dad192e05be4/rows?key=xOihNIQCsJUKPN0QCs93Ni3JCw0ULxfuul7LXbsyqDrprXUnu6NFehkGrhbxvnfxt9SZs3lQDqLdQjBstxp13g%3D%3D HTTP/1.1" 200 0
2021-12-29 18:04:42,090 - DEBUG - Starting new HTTPS connection (1): finnhub.io:443
2021-12-29 18:04:42,245 - DEBUG - https://finnhub.io:443 "GET /api/v1/stock/price-target?&token=c71nnkaad3ieuiu4d000&symbol=OSMT HTTP/1.1" 200 None
2021-12-29 18:04:42,250 - DEBUG - Starting new HTTPS connection (1): api.powerbi.com:443
2021-12-29 18:04:42,530 - DEBUG - https://api.powerbi.com:443 "POST /beta/b67d722d-aa8a-4777-a169-ebeb7a6a3b67/datasets/520ae51f-637f-4efd-96be-dad192e05be4/rows?key=xOihNIQCsJUKPN0QCs93Ni3JCw0ULxfuul7LXbsyqDrprXUnu6NFehkGrhbxvnfxt9SZs3lQDqLdQjBstxp13g%3D%3D HTTP/1.1" 200 0
2021-12-29 18:04:42,535 - DEBUG - Starting new HTTPS connection (1): finnhub.io:443
2021-12-29 18:04:42,662 - DEBUG - https://finnhub.io:443 "GET /api/v1/stock/price-target?&token=c71nnkaad3ieuiu4d000&symbol=IKNA HTTP/1.1" 200 None
2021-12-29 18:04:42,667 - DEBUG - Starting new HTTPS connection (1): api.powerbi.com:443
2021-12-29 18:04:42,874 - DEBUG - https://api.powerbi.com:443 "POST /beta/b67d722d-aa8a-4777-a169-ebeb7a6a3b67/datasets/520ae51f-637f-4efd-96be-dad192e05be4/rows?key=xOihNIQCsJUKPN0QCs93Ni3JCw0ULxfuul7LXbsyqDrprXUnu6NFehkGrhbxvnfxt9SZs3lQDqLdQjBstxp13g%3D%3D HTTP/1.1" 200 0
2021-12-29 18:04:42,879 - DEBUG - Starting new HTTPS connection (1): finnhub.io:443
2021-12-29 18:04:43,014 - DEBUG - https://finnhub.io:443 "GET /api/v1/stock/price-target?&token=c71nnkaad3ieuiu4d000&symbol=PAYX HTTP/1.1" 200 None
2021-12-29 18:04:43,019 - DEBUG - Starting new HTTPS connection (1): api.powerbi.com:443
2021-12-29 18:04:43,230 - DEBUG - https://api.powerbi.com:443 "POST /beta/b67d722d-aa8a-4777-a169-ebeb7a6a3b67/datasets/520ae51f-637f-4efd-96be-dad192e05be4/rows?key=xOihNIQCsJUKPN0QCs93Ni3JCw0ULxfuul7LXbsyqDrprXUnu6NFehkGrhbxvnfxt9SZs3lQDqLdQjBstxp13g%3D%3D HTTP/1.1" 200 0
2021-12-29 18:04:43,235 - DEBUG - Starting new HTTPS connection (1): finnhub.io:443
2021-12-29 18:04:43,366 - DEBUG - https://finnhub.io:443 "GET /api/v1/stock/price-target?&token=c71nnkaad3ieuiu4d000&symbol=CTAS HTTP/1.1" 200 None
2021-12-29 18:04:43,372 - DEBUG - Starting new HTTPS connection (1): api.powerbi.com:443
2021-12-29 18:04:43,573 - DEBUG - https://api.powerbi.com:443 "POST /beta/b67d722d-aa8a-4777-a169-ebeb7a6a3b67/datasets/520ae51f-637f-4efd-96be-dad192e05be4/rows?key=xOihNIQCsJUKPN0QCs93Ni3JCw0ULxfuul7LXbsyqDrprXUnu6NFehkGrhbxvnfxt9SZs3lQDqLdQjBstxp13g%3D%3D HTTP/1.1" 200 0
2021-12-29 18:04:43,578 - DEBUG - Starting new HTTPS connection (1): finnhub.io:443
2021-12-29 18:04:43,716 - DEBUG - https://finnhub.io:443 "GET /api/v1/stock/price-target?&token=c71nnkaad3ieuiu4d000&symbol=HYZN HTTP/1.1" 200 None
2021-12-29 18:04:43,721 - DEBUG - Starting new HTTPS connection (1): api.powerbi.com:443
2021-12-29 18:04:43,918 - DEBUG - https://api.powerbi.com:443 "POST /beta/b67d722d-aa8a-4777-a169-ebeb7a6a3b67/datasets/520ae51f-637f-4efd-96be-dad192e05be4/rows?key=xOihNIQCsJUKPN0QCs93Ni3JCw0ULxfuul7LXbsyqDrprXUnu6NFehkGrhbxvnfxt9SZs3lQDqLdQjBstxp13g%3D%3D HTTP/1.1" 200 0
2021-12-29 18:04:43,923 - DEBUG - Starting new HTTPS connection (1): finnhub.io:443
2021-12-29 18:04:44,080 - DEBUG - https://finnhub.io:443 "GET /api/v1/stock/price-target?&token=c71nnkaad3ieuiu4d000&symbol=TMUS HTTP/1.1" 200 None
2021-12-29 18:04:44,086 - DEBUG - Starting new HTTPS connection (1): api.powerbi.com:443
2021-12-29 18:04:44,273 - DEBUG - https://api.powerbi.com:443 "POST /beta/b67d722d-aa8a-4777-a169-ebeb7a6a3b67/datasets/520ae51f-637f-4efd-96be-dad192e05be4/rows?key=xOihNIQCsJUKPN0QCs93Ni3JCw0ULxfuul7LXbsyqDrprXUnu6NFehkGrhbxvnfxt9SZs3lQDqLdQjBstxp13g%3D%3D HTTP/1.1" 200 0
2021-12-29 18:04:44,278 - DEBUG - Starting new HTTPS connection (1): finnhub.io:443
2021-12-29 18:04:44,425 - DEBUG - https://finnhub.io:443 "GET /api/v1/stock/price-target?&token=c71nnkaad3ieuiu4d000&symbol=VZ HTTP/1.1" 200 None
2021-12-29 18:04:44,430 - DEBUG - Starting new HTTPS connection (1): api.powerbi.com:443
2021-12-29 18:04:44,620 - DEBUG - https://api.powerbi.com:443 "POST /beta/b67d722d-aa8a-4777-a169-ebeb7a6a3b67/datasets/520ae51f-637f-4efd-96be-dad192e05be4/rows?key=xOihNIQCsJUKPN0QCs93Ni3JCw0ULxfuul7LXbsyqDrprXUnu6NFehkGrhbxvnfxt9SZs3lQDqLdQjBstxp13g%3D%3D HTTP/1.1" 200 0
2021-12-29 18:04:44,625 - DEBUG - Starting new HTTPS connection (1): finnhub.io:443
2021-12-29 18:04:44,760 - DEBUG - https://finnhub.io:443 "GET /api/v1/stock/price-target?&token=c71nnkaad3ieuiu4d000&symbol=T HTTP/1.1" 200 None
2021-12-29 18:04:44,765 - DEBUG - Starting new HTTPS connection (1): api.powerbi.com:443
2021-12-29 18:04:44,969 - DEBUG - https://api.powerbi.com:443 "POST /beta/b67d722d-aa8a-4777-a169-ebeb7a6a3b67/datasets/520ae51f-637f-4efd-96be-dad192e05be4/rows?key=xOihNIQCsJUKPN0QCs93Ni3JCw0ULxfuul7LXbsyqDrprXUnu6NFehkGrhbxvnfxt9SZs3lQDqLdQjBstxp13g%3D%3D HTTP/1.1" 200 0
2021-12-29 18:04:44,974 - DEBUG - Starting new HTTPS connection (1): finnhub.io:443
2021-12-29 18:04:45,108 - DEBUG - https://finnhub.io:443 "GET /api/v1/stock/price-target?&token=c71nnkaad3ieuiu4d000&symbol=STNE HTTP/1.1" 200 None
2021-12-29 18:04:45,114 - DEBUG - Starting new HTTPS connection (1): api.powerbi.com:443
2021-12-29 18:04:45,306 - DEBUG - https://api.powerbi.com:443 "POST /beta/b67d722d-aa8a-4777-a169-ebeb7a6a3b67/datasets/520ae51f-637f-4efd-96be-dad192e05be4/rows?key=xOihNIQCsJUKPN0QCs93Ni3JCw0ULxfuul7LXbsyqDrprXUnu6NFehkGrhbxvnfxt9SZs3lQDqLdQjBstxp13g%3D%3D HTTP/1.1" 200 0
2021-12-29 18:04:45,311 - DEBUG - Starting new HTTPS connection (1): finnhub.io:443
2021-12-29 18:04:45,448 - DEBUG - https://finnhub.io:443 "GET /api/v1/stock/price-target?&token=c71nnkaad3ieuiu4d000&symbol=AAPL HTTP/1.1" 200 None
2021-12-29 18:04:45,454 - DEBUG - Starting new HTTPS connection (1): api.powerbi.com:443
2021-12-29 18:04:45,658 - DEBUG - https://api.powerbi.com:443 "POST /beta/b67d722d-aa8a-4777-a169-ebeb7a6a3b67/datasets/520ae51f-637f-4efd-96be-dad192e05be4/rows?key=xOihNIQCsJUKPN0QCs93Ni3JCw0ULxfuul7LXbsyqDrprXUnu6NFehkGrhbxvnfxt9SZs3lQDqLdQjBstxp13g%3D%3D HTTP/1.1" 200 0
2021-12-29 18:04:45,663 - DEBUG - Starting new HTTPS connection (1): finnhub.io:443
2021-12-29 18:04:45,867 - DEBUG - https://finnhub.io:443 "GET /api/v1/stock/price-target?&token=c71nnkaad3ieuiu4d000&symbol=ANET HTTP/1.1" 200 None
2021-12-29 18:04:45,872 - DEBUG - Starting new HTTPS connection (1): api.powerbi.com:443
2021-12-29 18:04:46,075 - DEBUG - https://api.powerbi.com:443 "POST /beta/b67d722d-aa8a-4777-a169-ebeb7a6a3b67/datasets/520ae51f-637f-4efd-96be-dad192e05be4/rows?key=xOihNIQCsJUKPN0QCs93Ni3JCw0ULxfuul7LXbsyqDrprXUnu6NFehkGrhbxvnfxt9SZs3lQDqLdQjBstxp13g%3D%3D HTTP/1.1" 200 0
2021-12-29 18:04:46,080 - DEBUG - Starting new HTTPS connection (1): finnhub.io:443
2021-12-29 18:04:46,274 - DEBUG - https://finnhub.io:443 "GET /api/v1/stock/price-target?&token=c71nnkaad3ieuiu4d000&symbol=CRCT HTTP/1.1" 200 None
2021-12-29 18:04:46,279 - DEBUG - Starting new HTTPS connection (1): api.powerbi.com:443
2021-12-29 18:04:46,484 - DEBUG - https://api.powerbi.com:443 "POST /beta/b67d722d-aa8a-4777-a169-ebeb7a6a3b67/datasets/520ae51f-637f-4efd-96be-dad192e05be4/rows?key=xOihNIQCsJUKPN0QCs93Ni3JCw0ULxfuul7LXbsyqDrprXUnu6NFehkGrhbxvnfxt9SZs3lQDqLdQjBstxp13g%3D%3D HTTP/1.1" 200 0
2021-12-29 18:04:46,489 - DEBUG - Starting new HTTPS connection (1): finnhub.io:443
2021-12-29 18:04:46,640 - DEBUG - https://finnhub.io:443 "GET /api/v1/stock/price-target?&token=c71nnkaad3ieuiu4d000&symbol=CSCO HTTP/1.1" 200 None
2021-12-29 18:04:46,645 - DEBUG - Starting new HTTPS connection (1): api.powerbi.com:443
2021-12-29 18:04:46,839 - DEBUG - https://api.powerbi.com:443 "POST /beta/b67d722d-aa8a-4777-a169-ebeb7a6a3b67/datasets/520ae51f-637f-4efd-96be-dad192e05be4/rows?key=xOihNIQCsJUKPN0QCs93Ni3JCw0ULxfuul7LXbsyqDrprXUnu6NFehkGrhbxvnfxt9SZs3lQDqLdQjBstxp13g%3D%3D HTTP/1.1" 200 0
2021-12-29 18:04:46,844 - DEBUG - Starting new HTTPS connection (1): finnhub.io:443
2021-12-29 18:04:46,957 - DEBUG - https://finnhub.io:443 "GET /api/v1/stock/price-target?&token=c71nnkaad3ieuiu4d000&symbol=GIS HTTP/1.1" 200 None
2021-12-29 18:04:46,962 - DEBUG - Starting new HTTPS connection (1): api.powerbi.com:443
2021-12-29 18:04:47,167 - DEBUG - https://api.powerbi.com:443 "POST /beta/b67d722d-aa8a-4777-a169-ebeb7a6a3b67/datasets/520ae51f-637f-4efd-96be-dad192e05be4/rows?key=xOihNIQCsJUKPN0QCs93Ni3JCw0ULxfuul7LXbsyqDrprXUnu6NFehkGrhbxvnfxt9SZs3lQDqLdQjBstxp13g%3D%3D HTTP/1.1" 200 0
2021-12-29 18:04:47,172 - DEBUG - Starting new HTTPS connection (1): finnhub.io:443
2021-12-29 18:04:47,317 - DEBUG - https://finnhub.io:443 "GET /api/v1/stock/price-target?&token=c71nnkaad3ieuiu4d000&symbol=IRBT HTTP/1.1" 200 None
2021-12-29 18:04:47,323 - DEBUG - Starting new HTTPS connection (1): api.powerbi.com:443
2021-12-29 18:04:47,526 - DEBUG - https://api.powerbi.com:443 "POST /beta/b67d722d-aa8a-4777-a169-ebeb7a6a3b67/datasets/520ae51f-637f-4efd-96be-dad192e05be4/rows?key=xOihNIQCsJUKPN0QCs93Ni3JCw0ULxfuul7LXbsyqDrprXUnu6NFehkGrhbxvnfxt9SZs3lQDqLdQjBstxp13g%3D%3D HTTP/1.1" 200 0
2021-12-29 18:04:47,531 - DEBUG - Starting new HTTPS connection (1): finnhub.io:443
2021-12-29 18:04:47,700 - DEBUG - https://finnhub.io:443 "GET /api/v1/stock/price-target?&token=c71nnkaad3ieuiu4d000&symbol=PINS HTTP/1.1" 200 None
2021-12-29 18:04:47,704 - DEBUG - Starting new HTTPS connection (1): api.powerbi.com:443
2021-12-29 18:04:47,916 - DEBUG - https://api.powerbi.com:443 "POST /beta/b67d722d-aa8a-4777-a169-ebeb7a6a3b67/datasets/520ae51f-637f-4efd-96be-dad192e05be4/rows?key=xOihNIQCsJUKPN0QCs93Ni3JCw0ULxfuul7LXbsyqDrprXUnu6NFehkGrhbxvnfxt9SZs3lQDqLdQjBstxp13g%3D%3D HTTP/1.1" 200 0
2021-12-29 18:04:47,921 - DEBUG - Starting new HTTPS connection (1): finnhub.io:443
2021-12-29 18:04:48,045 - DEBUG - https://finnhub.io:443 "GET /api/v1/stock/price-target?&token=c71nnkaad3ieuiu4d000&symbol=TUP HTTP/1.1" 200 None
2021-12-29 18:04:48,051 - DEBUG - Starting new HTTPS connection (1): api.powerbi.com:443
2021-12-29 18:04:48,250 - DEBUG - https://api.powerbi.com:443 "POST /beta/b67d722d-aa8a-4777-a169-ebeb7a6a3b67/datasets/520ae51f-637f-4efd-96be-dad192e05be4/rows?key=xOihNIQCsJUKPN0QCs93Ni3JCw0ULxfuul7LXbsyqDrprXUnu6NFehkGrhbxvnfxt9SZs3lQDqLdQjBstxp13g%3D%3D HTTP/1.1" 200 0
2021-12-29 18:04:48,255 - DEBUG - Starting new HTTPS connection (1): finnhub.io:443
2021-12-29 18:04:48,388 - DEBUG - https://finnhub.io:443 "GET /api/v1/stock/price-target?&token=c71nnkaad3ieuiu4d000&symbol=ATR HTTP/1.1" 200 None
2021-12-29 18:04:48,394 - DEBUG - Starting new HTTPS connection (1): api.powerbi.com:443
2021-12-29 18:04:48,592 - DEBUG - https://api.powerbi.com:443 "POST /beta/b67d722d-aa8a-4777-a169-ebeb7a6a3b67/datasets/520ae51f-637f-4efd-96be-dad192e05be4/rows?key=xOihNIQCsJUKPN0QCs93Ni3JCw0ULxfuul7LXbsyqDrprXUnu6NFehkGrhbxvnfxt9SZs3lQDqLdQjBstxp13g%3D%3D HTTP/1.1" 200 0
2021-12-29 18:04:48,598 - DEBUG - Starting new HTTPS connection (1): finnhub.io:443
2021-12-29 18:04:48,750 - DEBUG - https://finnhub.io:443 "GET /api/v1/stock/price-target?&token=c71nnkaad3ieuiu4d000&symbol=ALLK HTTP/1.1" 200 None
2021-12-29 18:04:48,756 - DEBUG - Starting new HTTPS connection (1): api.powerbi.com:443
2021-12-29 18:04:48,962 - DEBUG - https://api.powerbi.com:443 "POST /beta/b67d722d-aa8a-4777-a169-ebeb7a6a3b67/datasets/520ae51f-637f-4efd-96be-dad192e05be4/rows?key=xOihNIQCsJUKPN0QCs93Ni3JCw0ULxfuul7LXbsyqDrprXUnu6NFehkGrhbxvnfxt9SZs3lQDqLdQjBstxp13g%3D%3D HTTP/1.1" 200 0
2021-12-29 18:04:48,967 - DEBUG - Starting new HTTPS connection (1): finnhub.io:443
2021-12-29 18:04:49,141 - DEBUG - https://finnhub.io:443 "GET /api/v1/stock/price-target?&token=c71nnkaad3ieuiu4d000&symbol=ALLK HTTP/1.1" 200 None
2021-12-29 18:04:49,146 - DEBUG - Starting new HTTPS connection (1): api.powerbi.com:443
2021-12-29 18:04:49,356 - DEBUG - https://api.powerbi.com:443 "POST /beta/b67d722d-aa8a-4777-a169-ebeb7a6a3b67/datasets/520ae51f-637f-4efd-96be-dad192e05be4/rows?key=xOihNIQCsJUKPN0QCs93Ni3JCw0ULxfuul7LXbsyqDrprXUnu6NFehkGrhbxvnfxt9SZs3lQDqLdQjBstxp13g%3D%3D HTTP/1.1" 200 0
2021-12-29 18:04:49,361 - DEBUG - Starting new HTTPS connection (1): finnhub.io:443
2021-12-29 18:04:49,485 - DEBUG - https://finnhub.io:443 "GET /api/v1/stock/price-target?&token=c71nnkaad3ieuiu4d000&symbol=SRE HTTP/1.1" 200 None
2021-12-29 18:04:49,490 - DEBUG - Starting new HTTPS connection (1): api.powerbi.com:443
2021-12-29 18:04:49,696 - DEBUG - https://api.powerbi.com:443 "POST /beta/b67d722d-aa8a-4777-a169-ebeb7a6a3b67/datasets/520ae51f-637f-4efd-96be-dad192e05be4/rows?key=xOihNIQCsJUKPN0QCs93Ni3JCw0ULxfuul7LXbsyqDrprXUnu6NFehkGrhbxvnfxt9SZs3lQDqLdQjBstxp13g%3D%3D HTTP/1.1" 200 0
2021-12-29 18:04:49,701 - DEBUG - Starting new HTTPS connection (1): finnhub.io:443
2021-12-29 18:04:49,832 - DEBUG - https://finnhub.io:443 "GET /api/v1/stock/price-target?&token=c71nnkaad3ieuiu4d000&symbol=WBA HTTP/1.1" 200 None
2021-12-29 18:04:49,837 - DEBUG - Starting new HTTPS connection (1): api.powerbi.com:443
2021-12-29 18:04:50,031 - DEBUG - https://api.powerbi.com:443 "POST /beta/b67d722d-aa8a-4777-a169-ebeb7a6a3b67/datasets/520ae51f-637f-4efd-96be-dad192e05be4/rows?key=xOihNIQCsJUKPN0QCs93Ni3JCw0ULxfuul7LXbsyqDrprXUnu6NFehkGrhbxvnfxt9SZs3lQDqLdQjBstxp13g%3D%3D HTTP/1.1" 200 0
2021-12-29 18:04:50,037 - DEBUG - Starting new HTTPS connection (1): finnhub.io:443
2021-12-29 18:04:50,173 - DEBUG - https://finnhub.io:443 "GET /api/v1/stock/price-target?&token=c71nnkaad3ieuiu4d000&symbol=ACAD HTTP/1.1" 200 None
2021-12-29 18:04:50,178 - DEBUG - Starting new HTTPS connection (1): api.powerbi.com:443
2021-12-29 18:04:50,389 - DEBUG - https://api.powerbi.com:443 "POST /beta/b67d722d-aa8a-4777-a169-ebeb7a6a3b67/datasets/520ae51f-637f-4efd-96be-dad192e05be4/rows?key=xOihNIQCsJUKPN0QCs93Ni3JCw0ULxfuul7LXbsyqDrprXUnu6NFehkGrhbxvnfxt9SZs3lQDqLdQjBstxp13g%3D%3D HTTP/1.1" 200 0
2021-12-29 18:04:50,394 - DEBUG - Starting new HTTPS connection (1): finnhub.io:443
2021-12-29 18:04:50,537 - DEBUG - https://finnhub.io:443 "GET /api/v1/stock/price-target?&token=c71nnkaad3ieuiu4d000&symbol=CAMP HTTP/1.1" 200 None
2021-12-29 18:04:50,542 - DEBUG - Starting new HTTPS connection (1): api.powerbi.com:443
2021-12-29 18:04:50,745 - DEBUG - https://api.powerbi.com:443 "POST /beta/b67d722d-aa8a-4777-a169-ebeb7a6a3b67/datasets/520ae51f-637f-4efd-96be-dad192e05be4/rows?key=xOihNIQCsJUKPN0QCs93Ni3JCw0ULxfuul7LXbsyqDrprXUnu6NFehkGrhbxvnfxt9SZs3lQDqLdQjBstxp13g%3D%3D HTTP/1.1" 200 0
2021-12-29 18:04:50,750 - DEBUG - Starting new HTTPS connection (1): finnhub.io:443
2021-12-29 18:04:50,891 - DEBUG - https://finnhub.io:443 "GET /api/v1/stock/price-target?&token=c71nnkaad3ieuiu4d000&symbol=ALLK HTTP/1.1" 200 None
2021-12-29 18:04:50,896 - DEBUG - Starting new HTTPS connection (1): api.powerbi.com:443
2021-12-29 18:04:51,107 - DEBUG - https://api.powerbi.com:443 "POST /beta/b67d722d-aa8a-4777-a169-ebeb7a6a3b67/datasets/520ae51f-637f-4efd-96be-dad192e05be4/rows?key=xOihNIQCsJUKPN0QCs93Ni3JCw0ULxfuul7LXbsyqDrprXUnu6NFehkGrhbxvnfxt9SZs3lQDqLdQjBstxp13g%3D%3D HTTP/1.1" 200 0
2021-12-29 18:04:51,112 - DEBUG - Starting new HTTPS connection (1): finnhub.io:443
2021-12-29 18:04:51,250 - DEBUG - https://finnhub.io:443 "GET /api/v1/stock/price-target?&token=c71nnkaad3ieuiu4d000&symbol=WMG HTTP/1.1" 200 None
2021-12-29 18:04:51,256 - DEBUG - Starting new HTTPS connection (1): api.powerbi.com:443
2021-12-29 18:04:51,783 - DEBUG - https://api.powerbi.com:443 "POST /beta/b67d722d-aa8a-4777-a169-ebeb7a6a3b67/datasets/520ae51f-637f-4efd-96be-dad192e05be4/rows?key=xOihNIQCsJUKPN0QCs93Ni3JCw0ULxfuul7LXbsyqDrprXUnu6NFehkGrhbxvnfxt9SZs3lQDqLdQjBstxp13g%3D%3D HTTP/1.1" 200 0
2021-12-29 18:04:51,788 - DEBUG - Starting new HTTPS connection (1): finnhub.io:443
2021-12-29 18:04:51,950 - DEBUG - https://finnhub.io:443 "GET /api/v1/stock/price-target?&token=c71nnkaad3ieuiu4d000&symbol=CGNT HTTP/1.1" 200 None
2021-12-29 18:04:51,956 - DEBUG - Starting new HTTPS connection (1): api.powerbi.com:443
2021-12-29 18:04:52,150 - DEBUG - https://api.powerbi.com:443 "POST /beta/b67d722d-aa8a-4777-a169-ebeb7a6a3b67/datasets/520ae51f-637f-4efd-96be-dad192e05be4/rows?key=xOihNIQCsJUKPN0QCs93Ni3JCw0ULxfuul7LXbsyqDrprXUnu6NFehkGrhbxvnfxt9SZs3lQDqLdQjBstxp13g%3D%3D HTTP/1.1" 200 0
2021-12-29 18:04:52,155 - DEBUG - Starting new HTTPS connection (1): finnhub.io:443
2021-12-29 18:04:52,305 - DEBUG - https://finnhub.io:443 "GET /api/v1/stock/price-target?&token=c71nnkaad3ieuiu4d000&symbol=BIIB HTTP/1.1" 200 None
2021-12-29 18:04:52,310 - DEBUG - Starting new HTTPS connection (1): api.powerbi.com:443
2021-12-29 18:04:52,515 - DEBUG - https://api.powerbi.com:443 "POST /beta/b67d722d-aa8a-4777-a169-ebeb7a6a3b67/datasets/520ae51f-637f-4efd-96be-dad192e05be4/rows?key=xOihNIQCsJUKPN0QCs93Ni3JCw0ULxfuul7LXbsyqDrprXUnu6NFehkGrhbxvnfxt9SZs3lQDqLdQjBstxp13g%3D%3D HTTP/1.1" 200 0
2021-12-29 18:04:52,520 - DEBUG - Starting new HTTPS connection (1): finnhub.io:443
2021-12-29 18:04:52,678 - DEBUG - https://finnhub.io:443 "GET /api/v1/stock/price-target?&token=c71nnkaad3ieuiu4d000&symbol=WK HTTP/1.1" 200 None
2021-12-29 18:04:52,683 - DEBUG - Starting new HTTPS connection (1): api.powerbi.com:443
2021-12-29 18:04:52,903 - DEBUG - https://api.powerbi.com:443 "POST /beta/b67d722d-aa8a-4777-a169-ebeb7a6a3b67/datasets/520ae51f-637f-4efd-96be-dad192e05be4/rows?key=xOihNIQCsJUKPN0QCs93Ni3JCw0ULxfuul7LXbsyqDrprXUnu6NFehkGrhbxvnfxt9SZs3lQDqLdQjBstxp13g%3D%3D HTTP/1.1" 200 0
2021-12-29 18:04:52,908 - DEBUG - Starting new HTTPS connection (1): finnhub.io:443
2021-12-29 18:04:53,059 - DEBUG - https://finnhub.io:443 "GET /api/v1/stock/price-target?&token=c71nnkaad3ieuiu4d000&symbol=FDS HTTP/1.1" 200 None
2021-12-29 18:04:53,064 - DEBUG - Starting new HTTPS connection (1): api.powerbi.com:443
2021-12-29 18:04:53,246 - DEBUG - https://api.powerbi.com:443 "POST /beta/b67d722d-aa8a-4777-a169-ebeb7a6a3b67/datasets/520ae51f-637f-4efd-96be-dad192e05be4/rows?key=xOihNIQCsJUKPN0QCs93Ni3JCw0ULxfuul7LXbsyqDrprXUnu6NFehkGrhbxvnfxt9SZs3lQDqLdQjBstxp13g%3D%3D HTTP/1.1" 429 176
2021-12-29 18:04:53,251 - DEBUG - Starting new HTTPS connection (1): finnhub.io:443
2021-12-29 18:04:53,386 - DEBUG - https://finnhub.io:443 "GET /api/v1/stock/price-target?&token=c71nnkaad3ieuiu4d000&symbol=FDS HTTP/1.1" 200 None
2021-12-29 18:04:53,392 - DEBUG - Starting new HTTPS connection (1): api.powerbi.com:443
2021-12-29 18:04:53,552 - DEBUG - https://api.powerbi.com:443 "POST /beta/b67d722d-aa8a-4777-a169-ebeb7a6a3b67/datasets/520ae51f-637f-4efd-96be-dad192e05be4/rows?key=xOihNIQCsJUKPN0QCs93Ni3JCw0ULxfuul7LXbsyqDrprXUnu6NFehkGrhbxvnfxt9SZs3lQDqLdQjBstxp13g%3D%3D HTTP/1.1" 429 176
2021-12-29 18:04:53,557 - DEBUG - Starting new HTTPS connection (1): finnhub.io:443
2021-12-29 18:04:53,717 - DEBUG - https://finnhub.io:443 "GET /api/v1/stock/price-target?&token=c71nnkaad3ieuiu4d000&symbol=SM HTTP/1.1" 200 None
2021-12-29 18:04:53,723 - DEBUG - Starting new HTTPS connection (1): api.powerbi.com:443
2021-12-29 18:04:53,893 - DEBUG - https://api.powerbi.com:443 "POST /beta/b67d722d-aa8a-4777-a169-ebeb7a6a3b67/datasets/520ae51f-637f-4efd-96be-dad192e05be4/rows?key=xOihNIQCsJUKPN0QCs93Ni3JCw0ULxfuul7LXbsyqDrprXUnu6NFehkGrhbxvnfxt9SZs3lQDqLdQjBstxp13g%3D%3D HTTP/1.1" 429 176
2021-12-29 18:04:53,897 - DEBUG - Starting new HTTPS connection (1): finnhub.io:443
2021-12-29 18:04:54,037 - DEBUG - https://finnhub.io:443 "GET /api/v1/stock/price-target?&token=c71nnkaad3ieuiu4d000&symbol=FDS HTTP/1.1" 200 None
2021-12-29 18:04:54,043 - DEBUG - Starting new HTTPS connection (1): api.powerbi.com:443
2021-12-29 18:04:54,219 - DEBUG - https://api.powerbi.com:443 "POST /beta/b67d722d-aa8a-4777-a169-ebeb7a6a3b67/datasets/520ae51f-637f-4efd-96be-dad192e05be4/rows?key=xOihNIQCsJUKPN0QCs93Ni3JCw0ULxfuul7LXbsyqDrprXUnu6NFehkGrhbxvnfxt9SZs3lQDqLdQjBstxp13g%3D%3D HTTP/1.1" 429 176
2021-12-29 18:04:54,224 - DEBUG - Starting new HTTPS connection (1): finnhub.io:443
2021-12-29 18:04:54,361 - DEBUG - https://finnhub.io:443 "GET /api/v1/stock/price-target?&token=c71nnkaad3ieuiu4d000&symbol=FNV HTTP/1.1" 200 None
2021-12-29 18:04:54,366 - DEBUG - Starting new HTTPS connection (1): api.powerbi.com:443
2021-12-29 18:04:54,526 - DEBUG - https://api.powerbi.com:443 "POST /beta/b67d722d-aa8a-4777-a169-ebeb7a6a3b67/datasets/520ae51f-637f-4efd-96be-dad192e05be4/rows?key=xOihNIQCsJUKPN0QCs93Ni3JCw0ULxfuul7LXbsyqDrprXUnu6NFehkGrhbxvnfxt9SZs3lQDqLdQjBstxp13g%3D%3D HTTP/1.1" 429 176
2021-12-29 18:04:54,531 - DEBUG - Starting new HTTPS connection (1): finnhub.io:443
2021-12-29 18:04:54,665 - DEBUG - https://finnhub.io:443 "GET /api/v1/stock/price-target?&token=c71nnkaad3ieuiu4d000&symbol=GIS HTTP/1.1" 200 None
2021-12-29 18:04:54,670 - DEBUG - Starting new HTTPS connection (1): api.powerbi.com:443
2021-12-29 18:04:54,849 - DEBUG - https://api.powerbi.com:443 "POST /beta/b67d722d-aa8a-4777-a169-ebeb7a6a3b67/datasets/520ae51f-637f-4efd-96be-dad192e05be4/rows?key=xOihNIQCsJUKPN0QCs93Ni3JCw0ULxfuul7LXbsyqDrprXUnu6NFehkGrhbxvnfxt9SZs3lQDqLdQjBstxp13g%3D%3D HTTP/1.1" 429 176
2021-12-29 18:04:54,854 - DEBUG - Starting new HTTPS connection (1): finnhub.io:443
2021-12-29 18:04:54,991 - DEBUG - https://finnhub.io:443 "GET /api/v1/stock/price-target?&token=c71nnkaad3ieuiu4d000&symbol=PEAR HTTP/1.1" 200 None
2021-12-29 18:04:54,996 - DEBUG - Starting new HTTPS connection (1): api.powerbi.com:443
2021-12-29 18:04:55,151 - DEBUG - https://api.powerbi.com:443 "POST /beta/b67d722d-aa8a-4777-a169-ebeb7a6a3b67/datasets/520ae51f-637f-4efd-96be-dad192e05be4/rows?key=xOihNIQCsJUKPN0QCs93Ni3JCw0ULxfuul7LXbsyqDrprXUnu6NFehkGrhbxvnfxt9SZs3lQDqLdQjBstxp13g%3D%3D HTTP/1.1" 429 176
2021-12-29 18:04:55,157 - DEBUG - Starting new HTTPS connection (1): finnhub.io:443
2021-12-29 18:04:55,298 - DEBUG - https://finnhub.io:443 "GET /api/v1/stock/price-target?&token=c71nnkaad3ieuiu4d000&symbol=ED HTTP/1.1" 200 None
2021-12-29 18:04:55,303 - DEBUG - Starting new HTTPS connection (1): api.powerbi.com:443
2021-12-29 18:04:55,456 - DEBUG - https://api.powerbi.com:443 "POST /beta/b67d722d-aa8a-4777-a169-ebeb7a6a3b67/datasets/520ae51f-637f-4efd-96be-dad192e05be4/rows?key=xOihNIQCsJUKPN0QCs93Ni3JCw0ULxfuul7LXbsyqDrprXUnu6NFehkGrhbxvnfxt9SZs3lQDqLdQjBstxp13g%3D%3D HTTP/1.1" 429 176
2021-12-29 18:04:55,461 - DEBUG - Starting new HTTPS connection (1): finnhub.io:443
2021-12-29 18:04:55,596 - DEBUG - https://finnhub.io:443 "GET /api/v1/stock/price-target?&token=c71nnkaad3ieuiu4d000&symbol=CAMP HTTP/1.1" 200 None
2021-12-29 18:04:55,601 - DEBUG - Starting new HTTPS connection (1): api.powerbi.com:443
2021-12-29 18:04:55,770 - DEBUG - https://api.powerbi.com:443 "POST /beta/b67d722d-aa8a-4777-a169-ebeb7a6a3b67/datasets/520ae51f-637f-4efd-96be-dad192e05be4/rows?key=xOihNIQCsJUKPN0QCs93Ni3JCw0ULxfuul7LXbsyqDrprXUnu6NFehkGrhbxvnfxt9SZs3lQDqLdQjBstxp13g%3D%3D HTTP/1.1" 429 176
2021-12-29 18:04:55,776 - DEBUG - Starting new HTTPS connection (1): finnhub.io:443
2021-12-29 18:04:55,920 - DEBUG - https://finnhub.io:443 "GET /api/v1/stock/price-target?&token=c71nnkaad3ieuiu4d000&symbol=EPAC HTTP/1.1" 200 None
2021-12-29 18:04:55,926 - DEBUG - Starting new HTTPS connection (1): api.powerbi.com:443
2021-12-29 18:04:56,075 - DEBUG - https://api.powerbi.com:443 "POST /beta/b67d722d-aa8a-4777-a169-ebeb7a6a3b67/datasets/520ae51f-637f-4efd-96be-dad192e05be4/rows?key=xOihNIQCsJUKPN0QCs93Ni3JCw0ULxfuul7LXbsyqDrprXUnu6NFehkGrhbxvnfxt9SZs3lQDqLdQjBstxp13g%3D%3D HTTP/1.1" 429 176
2021-12-29 18:04:56,080 - DEBUG - Starting new HTTPS connection (1): finnhub.io:443
2021-12-29 18:04:56,239 - DEBUG - https://finnhub.io:443 "GET /api/v1/stock/price-target?&token=c71nnkaad3ieuiu4d000&symbol=APAM HTTP/1.1" 200 None
2021-12-29 18:04:56,245 - DEBUG - Starting new HTTPS connection (1): api.powerbi.com:443
2021-12-29 18:04:56,443 - DEBUG - https://api.powerbi.com:443 "POST /beta/b67d722d-aa8a-4777-a169-ebeb7a6a3b67/datasets/520ae51f-637f-4efd-96be-dad192e05be4/rows?key=xOihNIQCsJUKPN0QCs93Ni3JCw0ULxfuul7LXbsyqDrprXUnu6NFehkGrhbxvnfxt9SZs3lQDqLdQjBstxp13g%3D%3D HTTP/1.1" 429 176
2021-12-29 18:04:56,448 - DEBUG - Starting new HTTPS connection (1): finnhub.io:443
2021-12-29 18:04:56,588 - DEBUG - https://finnhub.io:443 "GET /api/v1/stock/price-target?&token=c71nnkaad3ieuiu4d000&symbol=MD HTTP/1.1" 200 None
2021-12-29 18:04:56,594 - DEBUG - Starting new HTTPS connection (1): api.powerbi.com:443
2021-12-29 18:04:56,747 - DEBUG - https://api.powerbi.com:443 "POST /beta/b67d722d-aa8a-4777-a169-ebeb7a6a3b67/datasets/520ae51f-637f-4efd-96be-dad192e05be4/rows?key=xOihNIQCsJUKPN0QCs93Ni3JCw0ULxfuul7LXbsyqDrprXUnu6NFehkGrhbxvnfxt9SZs3lQDqLdQjBstxp13g%3D%3D HTTP/1.1" 429 176
2021-12-29 18:04:56,752 - DEBUG - Starting new HTTPS connection (1): finnhub.io:443
2021-12-29 18:04:56,880 - DEBUG - https://finnhub.io:443 "GET /api/v1/stock/price-target?&token=c71nnkaad3ieuiu4d000&symbol=FDS HTTP/1.1" 200 None
2021-12-29 18:04:56,885 - DEBUG - Starting new HTTPS connection (1): api.powerbi.com:443
2021-12-29 18:04:57,041 - DEBUG - https://api.powerbi.com:443 "POST /beta/b67d722d-aa8a-4777-a169-ebeb7a6a3b67/datasets/520ae51f-637f-4efd-96be-dad192e05be4/rows?key=xOihNIQCsJUKPN0QCs93Ni3JCw0ULxfuul7LXbsyqDrprXUnu6NFehkGrhbxvnfxt9SZs3lQDqLdQjBstxp13g%3D%3D HTTP/1.1" 429 176
2021-12-29 18:04:57,046 - DEBUG - Starting new HTTPS connection (1): finnhub.io:443
2021-12-29 18:04:57,184 - DEBUG - https://finnhub.io:443 "GET /api/v1/stock/price-target?&token=c71nnkaad3ieuiu4d000&symbol=GIS HTTP/1.1" 200 None
2021-12-29 18:04:57,189 - DEBUG - Starting new HTTPS connection (1): api.powerbi.com:443
2021-12-29 18:04:57,358 - DEBUG - https://api.powerbi.com:443 "POST /beta/b67d722d-aa8a-4777-a169-ebeb7a6a3b67/datasets/520ae51f-637f-4efd-96be-dad192e05be4/rows?key=xOihNIQCsJUKPN0QCs93Ni3JCw0ULxfuul7LXbsyqDrprXUnu6NFehkGrhbxvnfxt9SZs3lQDqLdQjBstxp13g%3D%3D HTTP/1.1" 429 176
2021-12-29 18:04:57,363 - DEBUG - Starting new HTTPS connection (1): finnhub.io:443
2021-12-29 18:04:57,514 - DEBUG - https://finnhub.io:443 "GET /api/v1/stock/price-target?&token=c71nnkaad3ieuiu4d000&symbol=STEP HTTP/1.1" 200 None
2021-12-29 18:04:57,519 - DEBUG - Starting new HTTPS connection (1): api.powerbi.com:443
2021-12-29 18:04:57,741 - DEBUG - https://api.powerbi.com:443 "POST /beta/b67d722d-aa8a-4777-a169-ebeb7a6a3b67/datasets/520ae51f-637f-4efd-96be-dad192e05be4/rows?key=xOihNIQCsJUKPN0QCs93Ni3JCw0ULxfuul7LXbsyqDrprXUnu6NFehkGrhbxvnfxt9SZs3lQDqLdQjBstxp13g%3D%3D HTTP/1.1" 429 176
2021-12-29 18:04:57,746 - DEBUG - Starting new HTTPS connection (1): finnhub.io:443
2021-12-29 18:04:57,944 - DEBUG - https://finnhub.io:443 "GET /api/v1/stock/price-target?&token=c71nnkaad3ieuiu4d000&symbol=WSM HTTP/1.1" 200 None
2021-12-29 18:04:57,949 - DEBUG - Starting new HTTPS connection (1): api.powerbi.com:443
2021-12-29 18:04:58,045 - DEBUG - https://api.powerbi.com:443 "POST /beta/b67d722d-aa8a-4777-a169-ebeb7a6a3b67/datasets/520ae51f-637f-4efd-96be-dad192e05be4/rows?key=xOihNIQCsJUKPN0QCs93Ni3JCw0ULxfuul7LXbsyqDrprXUnu6NFehkGrhbxvnfxt9SZs3lQDqLdQjBstxp13g%3D%3D HTTP/1.1" 429 104
2021-12-29 18:04:58,050 - DEBUG - Starting new HTTPS connection (1): finnhub.io:443
2021-12-29 18:04:58,186 - DEBUG - https://finnhub.io:443 "GET /api/v1/stock/price-target?&token=c71nnkaad3ieuiu4d000&symbol=KIDS HTTP/1.1" 200 None
2021-12-29 18:04:58,191 - DEBUG - Starting new HTTPS connection (1): api.powerbi.com:443
2021-12-29 18:04:58,301 - DEBUG - https://api.powerbi.com:443 "POST /beta/b67d722d-aa8a-4777-a169-ebeb7a6a3b67/datasets/520ae51f-637f-4efd-96be-dad192e05be4/rows?key=xOihNIQCsJUKPN0QCs93Ni3JCw0ULxfuul7LXbsyqDrprXUnu6NFehkGrhbxvnfxt9SZs3lQDqLdQjBstxp13g%3D%3D HTTP/1.1" 429 104
2021-12-29 18:04:58,306 - DEBUG - Starting new HTTPS connection (1): finnhub.io:443
2021-12-29 18:04:58,439 - DEBUG - https://finnhub.io:443 "GET /api/v1/stock/price-target?&token=c71nnkaad3ieuiu4d000&symbol=BIGC HTTP/1.1" 200 None
2021-12-29 18:04:58,445 - DEBUG - Starting new HTTPS connection (1): api.powerbi.com:443
2021-12-29 18:04:58,545 - DEBUG - https://api.powerbi.com:443 "POST /beta/b67d722d-aa8a-4777-a169-ebeb7a6a3b67/datasets/520ae51f-637f-4efd-96be-dad192e05be4/rows?key=xOihNIQCsJUKPN0QCs93Ni3JCw0ULxfuul7LXbsyqDrprXUnu6NFehkGrhbxvnfxt9SZs3lQDqLdQjBstxp13g%3D%3D HTTP/1.1" 429 104
2021-12-29 18:04:58,550 - DEBUG - Starting new HTTPS connection (1): finnhub.io:443
2021-12-29 18:04:58,691 - DEBUG - https://finnhub.io:443 "GET /api/v1/stock/price-target?&token=c71nnkaad3ieuiu4d000&symbol=CGNT HTTP/1.1" 200 None
2021-12-29 18:04:58,697 - DEBUG - Starting new HTTPS connection (1): api.powerbi.com:443
2021-12-29 18:04:58,798 - DEBUG - https://api.powerbi.com:443 "POST /beta/b67d722d-aa8a-4777-a169-ebeb7a6a3b67/datasets/520ae51f-637f-4efd-96be-dad192e05be4/rows?key=xOihNIQCsJUKPN0QCs93Ni3JCw0ULxfuul7LXbsyqDrprXUnu6NFehkGrhbxvnfxt9SZs3lQDqLdQjBstxp13g%3D%3D HTTP/1.1" 429 104
2021-12-29 18:04:58,803 - DEBUG - Starting new HTTPS connection (1): finnhub.io:443
2021-12-29 18:04:58,958 - DEBUG - https://finnhub.io:443 "GET /api/v1/stock/price-target?&token=c71nnkaad3ieuiu4d000&symbol=XPO HTTP/1.1" 200 None
2021-12-29 18:04:58,963 - DEBUG - Starting new HTTPS connection (1): api.powerbi.com:443
2021-12-29 18:04:59,057 - DEBUG - https://api.powerbi.com:443 "POST /beta/b67d722d-aa8a-4777-a169-ebeb7a6a3b67/datasets/520ae51f-637f-4efd-96be-dad192e05be4/rows?key=xOihNIQCsJUKPN0QCs93Ni3JCw0ULxfuul7LXbsyqDrprXUnu6NFehkGrhbxvnfxt9SZs3lQDqLdQjBstxp13g%3D%3D HTTP/1.1" 429 104
2021-12-29 18:04:59,062 - DEBUG - Starting new HTTPS connection (1): finnhub.io:443
2021-12-29 18:04:59,187 - DEBUG - https://finnhub.io:443 "GET /api/v1/stock/price-target?&token=c71nnkaad3ieuiu4d000&symbol=UPST HTTP/1.1" 200 None
2021-12-29 18:04:59,193 - DEBUG - Starting new HTTPS connection (1): api.powerbi.com:443
2021-12-29 18:04:59,312 - DEBUG - https://api.powerbi.com:443 "POST /beta/b67d722d-aa8a-4777-a169-ebeb7a6a3b67/datasets/520ae51f-637f-4efd-96be-dad192e05be4/rows?key=xOihNIQCsJUKPN0QCs93Ni3JCw0ULxfuul7LXbsyqDrprXUnu6NFehkGrhbxvnfxt9SZs3lQDqLdQjBstxp13g%3D%3D HTTP/1.1" 429 104
2021-12-29 18:04:59,318 - DEBUG - Starting new HTTPS connection (1): finnhub.io:443
2021-12-29 18:04:59,461 - DEBUG - https://finnhub.io:443 "GET /api/v1/stock/price-target?&token=c71nnkaad3ieuiu4d000&symbol=ALLK HTTP/1.1" 200 None
2021-12-29 18:04:59,466 - DEBUG - Starting new HTTPS connection (1): api.powerbi.com:443
2021-12-29 18:04:59,561 - DEBUG - https://api.powerbi.com:443 "POST /beta/b67d722d-aa8a-4777-a169-ebeb7a6a3b67/datasets/520ae51f-637f-4efd-96be-dad192e05be4/rows?key=xOihNIQCsJUKPN0QCs93Ni3JCw0ULxfuul7LXbsyqDrprXUnu6NFehkGrhbxvnfxt9SZs3lQDqLdQjBstxp13g%3D%3D HTTP/1.1" 429 104
2021-12-29 18:04:59,566 - DEBUG - Starting new HTTPS connection (1): finnhub.io:443
2021-12-29 18:04:59,700 - DEBUG - https://finnhub.io:443 "GET /api/v1/stock/price-target?&token=c71nnkaad3ieuiu4d000&symbol=RKLY HTTP/1.1" 200 None
2021-12-29 18:04:59,705 - DEBUG - Starting new HTTPS connection (1): api.powerbi.com:443
2021-12-29 18:04:59,811 - DEBUG - https://api.powerbi.com:443 "POST /beta/b67d722d-aa8a-4777-a169-ebeb7a6a3b67/datasets/520ae51f-637f-4efd-96be-dad192e05be4/rows?key=xOihNIQCsJUKPN0QCs93Ni3JCw0ULxfuul7LXbsyqDrprXUnu6NFehkGrhbxvnfxt9SZs3lQDqLdQjBstxp13g%3D%3D HTTP/1.1" 429 104
2021-12-29 18:04:59,816 - DEBUG - Starting new HTTPS connection (1): finnhub.io:443
2021-12-29 18:04:59,947 - DEBUG - https://finnhub.io:443 "GET /api/v1/stock/price-target?&token=c71nnkaad3ieuiu4d000&symbol=GPN HTTP/1.1" 200 None
2021-12-29 18:04:59,952 - DEBUG - Starting new HTTPS connection (1): api.powerbi.com:443
2021-12-29 18:05:00,070 - DEBUG - https://api.powerbi.com:443 "POST /beta/b67d722d-aa8a-4777-a169-ebeb7a6a3b67/datasets/520ae51f-637f-4efd-96be-dad192e05be4/rows?key=xOihNIQCsJUKPN0QCs93Ni3JCw0ULxfuul7LXbsyqDrprXUnu6NFehkGrhbxvnfxt9SZs3lQDqLdQjBstxp13g%3D%3D HTTP/1.1" 429 104
2021-12-29 18:05:00,075 - DEBUG - Starting new HTTPS connection (1): finnhub.io:443
2021-12-29 18:05:00,216 - DEBUG - https://finnhub.io:443 "GET /api/v1/stock/price-target?&token=c71nnkaad3ieuiu4d000&symbol=EVOP HTTP/1.1" 200 None
2021-12-29 18:05:00,221 - DEBUG - Starting new HTTPS connection (1): api.powerbi.com:443
2021-12-29 18:05:00,313 - DEBUG - https://api.powerbi.com:443 "POST /beta/b67d722d-aa8a-4777-a169-ebeb7a6a3b67/datasets/520ae51f-637f-4efd-96be-dad192e05be4/rows?key=xOihNIQCsJUKPN0QCs93Ni3JCw0ULxfuul7LXbsyqDrprXUnu6NFehkGrhbxvnfxt9SZs3lQDqLdQjBstxp13g%3D%3D HTTP/1.1" 429 104
2021-12-29 18:05:00,319 - DEBUG - Starting new HTTPS connection (1): finnhub.io:443
2021-12-29 18:05:00,460 - DEBUG - https://finnhub.io:443 "GET /api/v1/stock/price-target?&token=c71nnkaad3ieuiu4d000&symbol=CMPX HTTP/1.1" 200 None
2021-12-29 18:05:00,465 - DEBUG - Starting new HTTPS connection (1): api.powerbi.com:443
2021-12-29 18:05:00,558 - DEBUG - https://api.powerbi.com:443 "POST /beta/b67d722d-aa8a-4777-a169-ebeb7a6a3b67/datasets/520ae51f-637f-4efd-96be-dad192e05be4/rows?key=xOihNIQCsJUKPN0QCs93Ni3JCw0ULxfuul7LXbsyqDrprXUnu6NFehkGrhbxvnfxt9SZs3lQDqLdQjBstxp13g%3D%3D HTTP/1.1" 429 104
2021-12-29 18:05:00,562 - DEBUG - Starting new HTTPS connection (1): finnhub.io:443
2021-12-29 18:05:00,709 - DEBUG - https://finnhub.io:443 "GET /api/v1/stock/price-target?&token=c71nnkaad3ieuiu4d000&symbol=CGC HTTP/1.1" 200 None
2021-12-29 18:05:00,714 - DEBUG - Starting new HTTPS connection (1): api.powerbi.com:443
2021-12-29 18:05:00,817 - DEBUG - https://api.powerbi.com:443 "POST /beta/b67d722d-aa8a-4777-a169-ebeb7a6a3b67/datasets/520ae51f-637f-4efd-96be-dad192e05be4/rows?key=xOihNIQCsJUKPN0QCs93Ni3JCw0ULxfuul7LXbsyqDrprXUnu6NFehkGrhbxvnfxt9SZs3lQDqLdQjBstxp13g%3D%3D HTTP/1.1" 429 104
2021-12-29 18:05:00,822 - DEBUG - Starting new HTTPS connection (1): finnhub.io:443
2021-12-29 18:05:00,954 - DEBUG - https://finnhub.io:443 "GET /api/v1/stock/price-target?&token=c71nnkaad3ieuiu4d000&symbol=ABT HTTP/1.1" 200 None
2021-12-29 18:05:00,959 - DEBUG - Starting new HTTPS connection (1): api.powerbi.com:443
2021-12-29 18:05:01,067 - DEBUG - https://api.powerbi.com:443 "POST /beta/b67d722d-aa8a-4777-a169-ebeb7a6a3b67/datasets/520ae51f-637f-4efd-96be-dad192e05be4/rows?key=xOihNIQCsJUKPN0QCs93Ni3JCw0ULxfuul7LXbsyqDrprXUnu6NFehkGrhbxvnfxt9SZs3lQDqLdQjBstxp13g%3D%3D HTTP/1.1" 429 104
2021-12-29 18:05:01,072 - DEBUG - Starting new HTTPS connection (1): finnhub.io:443
2021-12-29 18:05:01,250 - DEBUG - https://finnhub.io:443 "GET /api/v1/stock/price-target?&token=c71nnkaad3ieuiu4d000&symbol=ALLK HTTP/1.1" 200 None
2021-12-29 18:05:01,255 - DEBUG - Starting new HTTPS connection (1): api.powerbi.com:443
2021-12-29 18:05:01,349 - DEBUG - https://api.powerbi.com:443 "POST /beta/b67d722d-aa8a-4777-a169-ebeb7a6a3b67/datasets/520ae51f-637f-4efd-96be-dad192e05be4/rows?key=xOihNIQCsJUKPN0QCs93Ni3JCw0ULxfuul7LXbsyqDrprXUnu6NFehkGrhbxvnfxt9SZs3lQDqLdQjBstxp13g%3D%3D HTTP/1.1" 429 104
2021-12-29 18:05:01,353 - DEBUG - Starting new HTTPS connection (1): finnhub.io:443
2021-12-29 18:05:01,627 - DEBUG - https://finnhub.io:443 "GET /api/v1/stock/price-target?&token=c71nnkaad3ieuiu4d000&symbol=FDS HTTP/1.1" 200 None
2021-12-29 18:05:01,632 - DEBUG - Starting new HTTPS connection (1): api.powerbi.com:443
2021-12-29 18:05:01,737 - DEBUG - https://api.powerbi.com:443 "POST /beta/b67d722d-aa8a-4777-a169-ebeb7a6a3b67/datasets/520ae51f-637f-4efd-96be-dad192e05be4/rows?key=xOihNIQCsJUKPN0QCs93Ni3JCw0ULxfuul7LXbsyqDrprXUnu6NFehkGrhbxvnfxt9SZs3lQDqLdQjBstxp13g%3D%3D HTTP/1.1" 429 104
2021-12-29 18:05:01,742 - DEBUG - Starting new HTTPS connection (1): finnhub.io:443
2021-12-29 18:05:01,940 - DEBUG - https://finnhub.io:443 "GET /api/v1/stock/price-target?&token=c71nnkaad3ieuiu4d000&symbol=NKE HTTP/1.1" 200 None
2021-12-29 18:05:01,946 - DEBUG - Starting new HTTPS connection (1): api.powerbi.com:443
2021-12-29 18:05:02,045 - DEBUG - https://api.powerbi.com:443 "POST /beta/b67d722d-aa8a-4777-a169-ebeb7a6a3b67/datasets/520ae51f-637f-4efd-96be-dad192e05be4/rows?key=xOihNIQCsJUKPN0QCs93Ni3JCw0ULxfuul7LXbsyqDrprXUnu6NFehkGrhbxvnfxt9SZs3lQDqLdQjBstxp13g%3D%3D HTTP/1.1" 429 104
2021-12-29 18:05:02,050 - DEBUG - Starting new HTTPS connection (1): finnhub.io:443
2021-12-29 18:05:02,189 - DEBUG - https://finnhub.io:443 "GET /api/v1/stock/price-target?&token=c71nnkaad3ieuiu4d000&symbol=FSLR HTTP/1.1" 200 None
2021-12-29 18:05:02,195 - DEBUG - Starting new HTTPS connection (1): api.powerbi.com:443
2021-12-29 18:05:02,302 - DEBUG - https://api.powerbi.com:443 "POST /beta/b67d722d-aa8a-4777-a169-ebeb7a6a3b67/datasets/520ae51f-637f-4efd-96be-dad192e05be4/rows?key=xOihNIQCsJUKPN0QCs93Ni3JCw0ULxfuul7LXbsyqDrprXUnu6NFehkGrhbxvnfxt9SZs3lQDqLdQjBstxp13g%3D%3D HTTP/1.1" 429 104
2021-12-29 18:05:02,307 - DEBUG - Starting new HTTPS connection (1): finnhub.io:443
2021-12-29 18:05:02,440 - DEBUG - https://finnhub.io:443 "GET /api/v1/stock/price-target?&token=c71nnkaad3ieuiu4d000&symbol=CAT HTTP/1.1" 200 None
2021-12-29 18:05:02,445 - DEBUG - Starting new HTTPS connection (1): api.powerbi.com:443
2021-12-29 18:05:02,553 - DEBUG - https://api.powerbi.com:443 "POST /beta/b67d722d-aa8a-4777-a169-ebeb7a6a3b67/datasets/520ae51f-637f-4efd-96be-dad192e05be4/rows?key=xOihNIQCsJUKPN0QCs93Ni3JCw0ULxfuul7LXbsyqDrprXUnu6NFehkGrhbxvnfxt9SZs3lQDqLdQjBstxp13g%3D%3D HTTP/1.1" 429 104
2021-12-29 18:05:02,558 - DEBUG - Starting new HTTPS connection (1): finnhub.io:443
2021-12-29 18:05:02,760 - DEBUG - https://finnhub.io:443 "GET /api/v1/stock/price-target?&token=c71nnkaad3ieuiu4d000&symbol=AGCO HTTP/1.1" 200 None
2021-12-29 18:05:02,765 - DEBUG - Starting new HTTPS connection (1): api.powerbi.com:443
2021-12-29 18:05:02,858 - DEBUG - https://api.powerbi.com:443 "POST /beta/b67d722d-aa8a-4777-a169-ebeb7a6a3b67/datasets/520ae51f-637f-4efd-96be-dad192e05be4/rows?key=xOihNIQCsJUKPN0QCs93Ni3JCw0ULxfuul7LXbsyqDrprXUnu6NFehkGrhbxvnfxt9SZs3lQDqLdQjBstxp13g%3D%3D HTTP/1.1" 429 104
2021-12-29 18:05:02,863 - DEBUG - Starting new HTTPS connection (1): finnhub.io:443
2021-12-29 18:05:03,058 - DEBUG - https://finnhub.io:443 "GET /api/v1/stock/price-target?&token=c71nnkaad3ieuiu4d000&symbol=CTMX HTTP/1.1" 200 None
2021-12-29 18:05:03,064 - DEBUG - Starting new HTTPS connection (1): api.powerbi.com:443
2021-12-29 18:05:03,169 - DEBUG - https://api.powerbi.com:443 "POST /beta/b67d722d-aa8a-4777-a169-ebeb7a6a3b67/datasets/520ae51f-637f-4efd-96be-dad192e05be4/rows?key=xOihNIQCsJUKPN0QCs93Ni3JCw0ULxfuul7LXbsyqDrprXUnu6NFehkGrhbxvnfxt9SZs3lQDqLdQjBstxp13g%3D%3D HTTP/1.1" 429 104
2021-12-29 18:05:03,174 - DEBUG - Starting new HTTPS connection (1): finnhub.io:443
2021-12-29 18:05:03,349 - DEBUG - https://finnhub.io:443 "GET /api/v1/stock/price-target?&token=c71nnkaad3ieuiu4d000&symbol=PCAR HTTP/1.1" 200 None
2021-12-29 18:05:03,354 - DEBUG - Starting new HTTPS connection (1): api.powerbi.com:443
2021-12-29 18:05:03,460 - DEBUG - https://api.powerbi.com:443 "POST /beta/b67d722d-aa8a-4777-a169-ebeb7a6a3b67/datasets/520ae51f-637f-4efd-96be-dad192e05be4/rows?key=xOihNIQCsJUKPN0QCs93Ni3JCw0ULxfuul7LXbsyqDrprXUnu6NFehkGrhbxvnfxt9SZs3lQDqLdQjBstxp13g%3D%3D HTTP/1.1" 429 104
2021-12-29 18:05:03,465 - DEBUG - Starting new HTTPS connection (1): finnhub.io:443
2021-12-29 18:05:03,638 - DEBUG - https://finnhub.io:443 "GET /api/v1/stock/price-target?&token=c71nnkaad3ieuiu4d000&symbol=CMRX HTTP/1.1" 200 None
2021-12-29 18:05:03,644 - DEBUG - Starting new HTTPS connection (1): api.powerbi.com:443
2021-12-29 18:05:03,766 - DEBUG - https://api.powerbi.com:443 "POST /beta/b67d722d-aa8a-4777-a169-ebeb7a6a3b67/datasets/520ae51f-637f-4efd-96be-dad192e05be4/rows?key=xOihNIQCsJUKPN0QCs93Ni3JCw0ULxfuul7LXbsyqDrprXUnu6NFehkGrhbxvnfxt9SZs3lQDqLdQjBstxp13g%3D%3D HTTP/1.1" 429 104
2021-12-29 18:05:03,771 - DEBUG - Starting new HTTPS connection (1): finnhub.io:443
2021-12-29 18:05:03,985 - DEBUG - https://finnhub.io:443 "GET /api/v1/stock/price-target?&token=c71nnkaad3ieuiu4d000&symbol=ALXO HTTP/1.1" 200 None
2021-12-29 18:05:03,991 - DEBUG - Starting new HTTPS connection (1): api.powerbi.com:443
2021-12-29 18:05:04,119 - DEBUG - https://api.powerbi.com:443 "POST /beta/b67d722d-aa8a-4777-a169-ebeb7a6a3b67/datasets/520ae51f-637f-4efd-96be-dad192e05be4/rows?key=xOihNIQCsJUKPN0QCs93Ni3JCw0ULxfuul7LXbsyqDrprXUnu6NFehkGrhbxvnfxt9SZs3lQDqLdQjBstxp13g%3D%3D HTTP/1.1" 429 104
2021-12-29 18:05:04,124 - DEBUG - Starting new HTTPS connection (1): finnhub.io:443
2021-12-29 18:05:04,260 - DEBUG - https://finnhub.io:443 "GET /api/v1/stock/price-target?&token=c71nnkaad3ieuiu4d000&symbol=ADGI HTTP/1.1" 200 None
2021-12-29 18:05:04,265 - DEBUG - Starting new HTTPS connection (1): api.powerbi.com:443
2021-12-29 18:05:04,366 - DEBUG - https://api.powerbi.com:443 "POST /beta/b67d722d-aa8a-4777-a169-ebeb7a6a3b67/datasets/520ae51f-637f-4efd-96be-dad192e05be4/rows?key=xOihNIQCsJUKPN0QCs93Ni3JCw0ULxfuul7LXbsyqDrprXUnu6NFehkGrhbxvnfxt9SZs3lQDqLdQjBstxp13g%3D%3D HTTP/1.1" 429 104
2021-12-29 18:05:04,371 - DEBUG - Starting new HTTPS connection (1): finnhub.io:443
2021-12-29 18:05:04,545 - DEBUG - https://finnhub.io:443 "GET /api/v1/stock/price-target?&token=c71nnkaad3ieuiu4d000&symbol=SRRK HTTP/1.1" 200 None
2021-12-29 18:05:04,551 - DEBUG - Starting new HTTPS connection (1): api.powerbi.com:443
2021-12-29 18:05:04,653 - DEBUG - https://api.powerbi.com:443 "POST /beta/b67d722d-aa8a-4777-a169-ebeb7a6a3b67/datasets/520ae51f-637f-4efd-96be-dad192e05be4/rows?key=xOihNIQCsJUKPN0QCs93Ni3JCw0ULxfuul7LXbsyqDrprXUnu6NFehkGrhbxvnfxt9SZs3lQDqLdQjBstxp13g%3D%3D HTTP/1.1" 429 104
2021-12-29 18:05:04,658 - DEBUG - Starting new HTTPS connection (1): finnhub.io:443
2021-12-29 18:05:04,844 - DEBUG - https://finnhub.io:443 "GET /api/v1/stock/price-target?&token=c71nnkaad3ieuiu4d000&symbol=GWH HTTP/1.1" 200 None
2021-12-29 18:05:04,850 - DEBUG - Starting new HTTPS connection (1): api.powerbi.com:443
2021-12-29 18:05:04,955 - DEBUG - https://api.powerbi.com:443 "POST /beta/b67d722d-aa8a-4777-a169-ebeb7a6a3b67/datasets/520ae51f-637f-4efd-96be-dad192e05be4/rows?key=xOihNIQCsJUKPN0QCs93Ni3JCw0ULxfuul7LXbsyqDrprXUnu6NFehkGrhbxvnfxt9SZs3lQDqLdQjBstxp13g%3D%3D HTTP/1.1" 429 104
2021-12-29 18:05:04,960 - DEBUG - Starting new HTTPS connection (1): finnhub.io:443
2021-12-29 18:05:05,086 - DEBUG - https://finnhub.io:443 "GET /api/v1/stock/price-target?&token=c71nnkaad3ieuiu4d000&symbol=MSFT HTTP/1.1" 200 None
2021-12-29 18:05:05,092 - DEBUG - Starting new HTTPS connection (1): api.powerbi.com:443
2021-12-29 18:05:05,198 - DEBUG - https://api.powerbi.com:443 "POST /beta/b67d722d-aa8a-4777-a169-ebeb7a6a3b67/datasets/520ae51f-637f-4efd-96be-dad192e05be4/rows?key=xOihNIQCsJUKPN0QCs93Ni3JCw0ULxfuul7LXbsyqDrprXUnu6NFehkGrhbxvnfxt9SZs3lQDqLdQjBstxp13g%3D%3D HTTP/1.1" 429 104
2021-12-29 18:05:05,204 - DEBUG - Starting new HTTPS connection (1): finnhub.io:443
2021-12-29 18:05:05,405 - DEBUG - https://finnhub.io:443 "GET /api/v1/stock/price-target?&token=c71nnkaad3ieuiu4d000&symbol=LOCL HTTP/1.1" 200 None
2021-12-29 18:05:05,411 - DEBUG - Starting new HTTPS connection (1): api.powerbi.com:443
2021-12-29 18:05:05,515 - DEBUG - https://api.powerbi.com:443 "POST /beta/b67d722d-aa8a-4777-a169-ebeb7a6a3b67/datasets/520ae51f-637f-4efd-96be-dad192e05be4/rows?key=xOihNIQCsJUKPN0QCs93Ni3JCw0ULxfuul7LXbsyqDrprXUnu6NFehkGrhbxvnfxt9SZs3lQDqLdQjBstxp13g%3D%3D HTTP/1.1" 429 104
2021-12-29 18:05:05,520 - DEBUG - Starting new HTTPS connection (1): finnhub.io:443
2021-12-29 18:05:05,705 - DEBUG - https://finnhub.io:443 "GET /api/v1/stock/price-target?&token=c71nnkaad3ieuiu4d000&symbol=ACST HTTP/1.1" 200 None
2021-12-29 18:05:05,711 - DEBUG - Starting new HTTPS connection (1): api.powerbi.com:443
2021-12-29 18:05:05,804 - DEBUG - https://api.powerbi.com:443 "POST /beta/b67d722d-aa8a-4777-a169-ebeb7a6a3b67/datasets/520ae51f-637f-4efd-96be-dad192e05be4/rows?key=xOihNIQCsJUKPN0QCs93Ni3JCw0ULxfuul7LXbsyqDrprXUnu6NFehkGrhbxvnfxt9SZs3lQDqLdQjBstxp13g%3D%3D HTTP/1.1" 429 104
2021-12-29 18:05:05,810 - DEBUG - Starting new HTTPS connection (1): finnhub.io:443
2021-12-29 18:05:06,141 - DEBUG - https://finnhub.io:443 "GET /api/v1/stock/price-target?&token=c71nnkaad3ieuiu4d000&symbol=SALM HTTP/1.1" 200 None
2021-12-29 18:05:06,146 - DEBUG - Starting new HTTPS connection (1): api.powerbi.com:443
2021-12-29 18:05:06,259 - DEBUG - https://api.powerbi.com:443 "POST /beta/b67d722d-aa8a-4777-a169-ebeb7a6a3b67/datasets/520ae51f-637f-4efd-96be-dad192e05be4/rows?key=xOihNIQCsJUKPN0QCs93Ni3JCw0ULxfuul7LXbsyqDrprXUnu6NFehkGrhbxvnfxt9SZs3lQDqLdQjBstxp13g%3D%3D HTTP/1.1" 429 104
2021-12-29 18:05:06,264 - DEBUG - Starting new HTTPS connection (1): finnhub.io:443
2021-12-29 18:05:06,531 - DEBUG - https://finnhub.io:443 "GET /api/v1/stock/price-target?&token=c71nnkaad3ieuiu4d000&symbol=CGNT HTTP/1.1" 200 None
2021-12-29 18:05:06,537 - DEBUG - Starting new HTTPS connection (1): api.powerbi.com:443
2021-12-29 18:05:06,635 - DEBUG - https://api.powerbi.com:443 "POST /beta/b67d722d-aa8a-4777-a169-ebeb7a6a3b67/datasets/520ae51f-637f-4efd-96be-dad192e05be4/rows?key=xOihNIQCsJUKPN0QCs93Ni3JCw0ULxfuul7LXbsyqDrprXUnu6NFehkGrhbxvnfxt9SZs3lQDqLdQjBstxp13g%3D%3D HTTP/1.1" 429 104
2021-12-29 18:05:06,640 - DEBUG - Starting new HTTPS connection (1): finnhub.io:443
2021-12-29 18:05:06,836 - DEBUG - https://finnhub.io:443 "GET /api/v1/stock/price-target?&token=c71nnkaad3ieuiu4d000&symbol=CERN HTTP/1.1" 200 None
2021-12-29 18:05:06,841 - DEBUG - Starting new HTTPS connection (1): api.powerbi.com:443
2021-12-29 18:05:06,957 - DEBUG - https://api.powerbi.com:443 "POST /beta/b67d722d-aa8a-4777-a169-ebeb7a6a3b67/datasets/520ae51f-637f-4efd-96be-dad192e05be4/rows?key=xOihNIQCsJUKPN0QCs93Ni3JCw0ULxfuul7LXbsyqDrprXUnu6NFehkGrhbxvnfxt9SZs3lQDqLdQjBstxp13g%3D%3D HTTP/1.1" 429 104
2021-12-29 18:05:06,962 - DEBUG - Starting new HTTPS connection (1): finnhub.io:443
2021-12-29 18:05:07,102 - DEBUG - https://finnhub.io:443 "GET /api/v1/stock/price-target?&token=c71nnkaad3ieuiu4d000&symbol=DRI HTTP/1.1" 200 None
2021-12-29 18:05:07,108 - DEBUG - Starting new HTTPS connection (1): api.powerbi.com:443
2021-12-29 18:05:07,212 - DEBUG - https://api.powerbi.com:443 "POST /beta/b67d722d-aa8a-4777-a169-ebeb7a6a3b67/datasets/520ae51f-637f-4efd-96be-dad192e05be4/rows?key=xOihNIQCsJUKPN0QCs93Ni3JCw0ULxfuul7LXbsyqDrprXUnu6NFehkGrhbxvnfxt9SZs3lQDqLdQjBstxp13g%3D%3D HTTP/1.1" 429 104
2021-12-29 18:05:07,217 - DEBUG - Starting new HTTPS connection (1): finnhub.io:443
2021-12-29 18:05:07,422 - DEBUG - https://finnhub.io:443 "GET /api/v1/stock/price-target?&token=c71nnkaad3ieuiu4d000&symbol=CYTK HTTP/1.1" 200 None
2021-12-29 18:05:07,428 - DEBUG - Starting new HTTPS connection (1): api.powerbi.com:443
2021-12-29 18:05:07,556 - DEBUG - https://api.powerbi.com:443 "POST /beta/b67d722d-aa8a-4777-a169-ebeb7a6a3b67/datasets/520ae51f-637f-4efd-96be-dad192e05be4/rows?key=xOihNIQCsJUKPN0QCs93Ni3JCw0ULxfuul7LXbsyqDrprXUnu6NFehkGrhbxvnfxt9SZs3lQDqLdQjBstxp13g%3D%3D HTTP/1.1" 429 104
2021-12-29 18:05:07,561 - DEBUG - Starting new HTTPS connection (1): finnhub.io:443
2021-12-29 18:05:07,747 - DEBUG - https://finnhub.io:443 "GET /api/v1/stock/price-target?&token=c71nnkaad3ieuiu4d000&symbol=ARAY HTTP/1.1" 200 None
2021-12-29 18:05:07,752 - DEBUG - Starting new HTTPS connection (1): api.powerbi.com:443
2021-12-29 18:05:07,851 - DEBUG - https://api.powerbi.com:443 "POST /beta/b67d722d-aa8a-4777-a169-ebeb7a6a3b67/datasets/520ae51f-637f-4efd-96be-dad192e05be4/rows?key=xOihNIQCsJUKPN0QCs93Ni3JCw0ULxfuul7LXbsyqDrprXUnu6NFehkGrhbxvnfxt9SZs3lQDqLdQjBstxp13g%3D%3D HTTP/1.1" 429 104
2021-12-29 18:05:07,856 - DEBUG - Starting new HTTPS connection (1): finnhub.io:443
2021-12-29 18:05:08,007 - DEBUG - https://finnhub.io:443 "GET /api/v1/stock/price-target?&token=c71nnkaad3ieuiu4d000&symbol=SNCY HTTP/1.1" 200 None
2021-12-29 18:05:08,012 - DEBUG - Starting new HTTPS connection (1): api.powerbi.com:443
2021-12-29 18:05:08,121 - DEBUG - https://api.powerbi.com:443 "POST /beta/b67d722d-aa8a-4777-a169-ebeb7a6a3b67/datasets/520ae51f-637f-4efd-96be-dad192e05be4/rows?key=xOihNIQCsJUKPN0QCs93Ni3JCw0ULxfuul7LXbsyqDrprXUnu6NFehkGrhbxvnfxt9SZs3lQDqLdQjBstxp13g%3D%3D HTTP/1.1" 429 104
2021-12-29 18:05:08,126 - DEBUG - Starting new HTTPS connection (1): finnhub.io:443
2021-12-29 18:05:08,288 - DEBUG - https://finnhub.io:443 "GET /api/v1/stock/price-target?&token=c71nnkaad3ieuiu4d000&symbol=BMO HTTP/1.1" 200 None
2021-12-29 18:05:08,294 - DEBUG - Starting new HTTPS connection (1): api.powerbi.com:443
2021-12-29 18:05:08,388 - DEBUG - https://api.powerbi.com:443 "POST /beta/b67d722d-aa8a-4777-a169-ebeb7a6a3b67/datasets/520ae51f-637f-4efd-96be-dad192e05be4/rows?key=xOihNIQCsJUKPN0QCs93Ni3JCw0ULxfuul7LXbsyqDrprXUnu6NFehkGrhbxvnfxt9SZs3lQDqLdQjBstxp13g%3D%3D HTTP/1.1" 429 104
2021-12-29 18:05:08,393 - DEBUG - Starting new HTTPS connection (1): finnhub.io:443
2021-12-29 18:05:08,654 - DEBUG - https://finnhub.io:443 "GET /api/v1/stock/price-target?&token=c71nnkaad3ieuiu4d000&symbol=ACST HTTP/1.1" 200 None
2021-12-29 18:05:08,659 - DEBUG - Starting new HTTPS connection (1): api.powerbi.com:443
2021-12-29 18:05:08,758 - DEBUG - https://api.powerbi.com:443 "POST /beta/b67d722d-aa8a-4777-a169-ebeb7a6a3b67/datasets/520ae51f-637f-4efd-96be-dad192e05be4/rows?key=xOihNIQCsJUKPN0QCs93Ni3JCw0ULxfuul7LXbsyqDrprXUnu6NFehkGrhbxvnfxt9SZs3lQDqLdQjBstxp13g%3D%3D HTTP/1.1" 429 104
2021-12-29 18:05:08,764 - DEBUG - Starting new HTTPS connection (1): finnhub.io:443
2021-12-29 18:05:08,885 - DEBUG - https://finnhub.io:443 "GET /api/v1/stock/price-target?&token=c71nnkaad3ieuiu4d000&symbol=CSIQ HTTP/1.1" 200 None
2021-12-29 18:05:08,891 - DEBUG - Starting new HTTPS connection (1): api.powerbi.com:443
2021-12-29 18:05:08,984 - DEBUG - https://api.powerbi.com:443 "POST /beta/b67d722d-aa8a-4777-a169-ebeb7a6a3b67/datasets/520ae51f-637f-4efd-96be-dad192e05be4/rows?key=xOihNIQCsJUKPN0QCs93Ni3JCw0ULxfuul7LXbsyqDrprXUnu6NFehkGrhbxvnfxt9SZs3lQDqLdQjBstxp13g%3D%3D HTTP/1.1" 429 104
2021-12-29 18:05:08,989 - DEBUG - Starting new HTTPS connection (1): finnhub.io:443
2021-12-29 18:05:09,160 - DEBUG - https://finnhub.io:443 "GET /api/v1/stock/price-target?&token=c71nnkaad3ieuiu4d000&symbol=ENPH HTTP/1.1" 200 None
2021-12-29 18:05:09,165 - DEBUG - Starting new HTTPS connection (1): api.powerbi.com:443
2021-12-29 18:05:09,277 - DEBUG - https://api.powerbi.com:443 "POST /beta/b67d722d-aa8a-4777-a169-ebeb7a6a3b67/datasets/520ae51f-637f-4efd-96be-dad192e05be4/rows?key=xOihNIQCsJUKPN0QCs93Ni3JCw0ULxfuul7LXbsyqDrprXUnu6NFehkGrhbxvnfxt9SZs3lQDqLdQjBstxp13g%3D%3D HTTP/1.1" 429 104
2021-12-29 18:05:09,282 - DEBUG - Starting new HTTPS connection (1): finnhub.io:443
2021-12-29 18:05:09,499 - DEBUG - https://finnhub.io:443 "GET /api/v1/stock/price-target?&token=c71nnkaad3ieuiu4d000&symbol=FSLR HTTP/1.1" 200 None
2021-12-29 18:05:09,505 - DEBUG - Starting new HTTPS connection (1): api.powerbi.com:443
2021-12-29 18:05:09,609 - DEBUG - https://api.powerbi.com:443 "POST /beta/b67d722d-aa8a-4777-a169-ebeb7a6a3b67/datasets/520ae51f-637f-4efd-96be-dad192e05be4/rows?key=xOihNIQCsJUKPN0QCs93Ni3JCw0ULxfuul7LXbsyqDrprXUnu6NFehkGrhbxvnfxt9SZs3lQDqLdQjBstxp13g%3D%3D HTTP/1.1" 429 104
2021-12-29 18:05:09,614 - DEBUG - Starting new HTTPS connection (1): finnhub.io:443
2021-12-29 18:05:09,846 - DEBUG - https://finnhub.io:443 "GET /api/v1/stock/price-target?&token=c71nnkaad3ieuiu4d000&symbol=GNRC HTTP/1.1" 200 None
2021-12-29 18:05:09,852 - DEBUG - Starting new HTTPS connection (1): api.powerbi.com:443
2021-12-29 18:05:09,952 - DEBUG - https://api.powerbi.com:443 "POST /beta/b67d722d-aa8a-4777-a169-ebeb7a6a3b67/datasets/520ae51f-637f-4efd-96be-dad192e05be4/rows?key=xOihNIQCsJUKPN0QCs93Ni3JCw0ULxfuul7LXbsyqDrprXUnu6NFehkGrhbxvnfxt9SZs3lQDqLdQjBstxp13g%3D%3D HTTP/1.1" 429 104
2021-12-29 18:05:09,958 - DEBUG - Starting new HTTPS connection (1): finnhub.io:443
2021-12-29 18:05:10,117 - DEBUG - https://finnhub.io:443 "GET /api/v1/stock/price-target?&token=c71nnkaad3ieuiu4d000&symbol=MU HTTP/1.1" 200 None
2021-12-29 18:05:10,122 - DEBUG - Starting new HTTPS connection (1): api.powerbi.com:443
2021-12-29 18:05:10,214 - DEBUG - https://api.powerbi.com:443 "POST /beta/b67d722d-aa8a-4777-a169-ebeb7a6a3b67/datasets/520ae51f-637f-4efd-96be-dad192e05be4/rows?key=xOihNIQCsJUKPN0QCs93Ni3JCw0ULxfuul7LXbsyqDrprXUnu6NFehkGrhbxvnfxt9SZs3lQDqLdQjBstxp13g%3D%3D HTTP/1.1" 429 104
2021-12-29 18:05:10,219 - DEBUG - Starting new HTTPS connection (1): finnhub.io:443
2021-12-29 18:05:10,684 - DEBUG - https://finnhub.io:443 "GET /api/v1/stock/price-target?&token=c71nnkaad3ieuiu4d000&symbol=GTLS HTTP/1.1" 200 None
2021-12-29 18:05:10,689 - DEBUG - Starting new HTTPS connection (1): api.powerbi.com:443
2021-12-29 18:05:10,792 - DEBUG - https://api.powerbi.com:443 "POST /beta/b67d722d-aa8a-4777-a169-ebeb7a6a3b67/datasets/520ae51f-637f-4efd-96be-dad192e05be4/rows?key=xOihNIQCsJUKPN0QCs93Ni3JCw0ULxfuul7LXbsyqDrprXUnu6NFehkGrhbxvnfxt9SZs3lQDqLdQjBstxp13g%3D%3D HTTP/1.1" 429 104
2021-12-29 18:05:10,797 - DEBUG - Starting new HTTPS connection (1): finnhub.io:443
2021-12-29 18:05:10,931 - DEBUG - https://finnhub.io:443 "GET /api/v1/stock/price-target?&token=c71nnkaad3ieuiu4d000&symbol=NVAX HTTP/1.1" 200 None
2021-12-29 18:05:10,936 - DEBUG - Starting new HTTPS connection (1): api.powerbi.com:443
2021-12-29 18:05:11,040 - DEBUG - https://api.powerbi.com:443 "POST /beta/b67d722d-aa8a-4777-a169-ebeb7a6a3b67/datasets/520ae51f-637f-4efd-96be-dad192e05be4/rows?key=xOihNIQCsJUKPN0QCs93Ni3JCw0ULxfuul7LXbsyqDrprXUnu6NFehkGrhbxvnfxt9SZs3lQDqLdQjBstxp13g%3D%3D HTTP/1.1" 429 104
2021-12-29 18:05:11,045 - DEBUG - Starting new HTTPS connection (1): finnhub.io:443
2021-12-29 18:05:11,193 - DEBUG - https://finnhub.io:443 "GET /api/v1/stock/price-target?&token=c71nnkaad3ieuiu4d000&symbol=MRVL HTTP/1.1" 200 None
2021-12-29 18:05:11,199 - DEBUG - Starting new HTTPS connection (1): api.powerbi.com:443
2021-12-29 18:05:11,288 - DEBUG - https://api.powerbi.com:443 "POST /beta/b67d722d-aa8a-4777-a169-ebeb7a6a3b67/datasets/520ae51f-637f-4efd-96be-dad192e05be4/rows?key=xOihNIQCsJUKPN0QCs93Ni3JCw0ULxfuul7LXbsyqDrprXUnu6NFehkGrhbxvnfxt9SZs3lQDqLdQjBstxp13g%3D%3D HTTP/1.1" 429 104
2021-12-29 18:05:11,293 - DEBUG - Starting new HTTPS connection (1): finnhub.io:443
2021-12-29 18:05:11,508 - DEBUG - https://finnhub.io:443 "GET /api/v1/stock/price-target?&token=c71nnkaad3ieuiu4d000&symbol=SEDG HTTP/1.1" 200 None
2021-12-29 18:05:11,513 - DEBUG - Starting new HTTPS connection (1): api.powerbi.com:443
2021-12-29 18:05:11,615 - DEBUG - https://api.powerbi.com:443 "POST /beta/b67d722d-aa8a-4777-a169-ebeb7a6a3b67/datasets/520ae51f-637f-4efd-96be-dad192e05be4/rows?key=xOihNIQCsJUKPN0QCs93Ni3JCw0ULxfuul7LXbsyqDrprXUnu6NFehkGrhbxvnfxt9SZs3lQDqLdQjBstxp13g%3D%3D HTTP/1.1" 429 104
2021-12-29 18:05:11,620 - DEBUG - Starting new HTTPS connection (1): finnhub.io:443
2021-12-29 18:05:11,799 - DEBUG - https://finnhub.io:443 "GET /api/v1/stock/price-target?&token=c71nnkaad3ieuiu4d000&symbol=BIIB HTTP/1.1" 200 None
2021-12-29 18:05:11,805 - DEBUG - Starting new HTTPS connection (1): api.powerbi.com:443
2021-12-29 18:05:11,904 - DEBUG - https://api.powerbi.com:443 "POST /beta/b67d722d-aa8a-4777-a169-ebeb7a6a3b67/datasets/520ae51f-637f-4efd-96be-dad192e05be4/rows?key=xOihNIQCsJUKPN0QCs93Ni3JCw0ULxfuul7LXbsyqDrprXUnu6NFehkGrhbxvnfxt9SZs3lQDqLdQjBstxp13g%3D%3D HTTP/1.1" 429 104
2021-12-29 18:05:11,909 - DEBUG - Starting new HTTPS connection (1): finnhub.io:443
2021-12-29 18:05:12,075 - DEBUG - https://finnhub.io:443 "GET /api/v1/stock/price-target?&token=c71nnkaad3ieuiu4d000&symbol=TRVG HTTP/1.1" 200 None
2021-12-29 18:05:12,081 - DEBUG - Starting new HTTPS connection (1): api.powerbi.com:443
2021-12-29 18:05:12,195 - DEBUG - https://api.powerbi.com:443 "POST /beta/b67d722d-aa8a-4777-a169-ebeb7a6a3b67/datasets/520ae51f-637f-4efd-96be-dad192e05be4/rows?key=xOihNIQCsJUKPN0QCs93Ni3JCw0ULxfuul7LXbsyqDrprXUnu6NFehkGrhbxvnfxt9SZs3lQDqLdQjBstxp13g%3D%3D HTTP/1.1" 429 104
2021-12-29 18:05:12,200 - DEBUG - Starting new HTTPS connection (1): finnhub.io:443
2021-12-29 18:05:12,351 - DEBUG - https://finnhub.io:443 "GET /api/v1/stock/price-target?&token=c71nnkaad3ieuiu4d000&symbol=HQY HTTP/1.1" 200 None
2021-12-29 18:05:12,357 - DEBUG - Starting new HTTPS connection (1): api.powerbi.com:443
2021-12-29 18:05:12,465 - DEBUG - https://api.powerbi.com:443 "POST /beta/b67d722d-aa8a-4777-a169-ebeb7a6a3b67/datasets/520ae51f-637f-4efd-96be-dad192e05be4/rows?key=xOihNIQCsJUKPN0QCs93Ni3JCw0ULxfuul7LXbsyqDrprXUnu6NFehkGrhbxvnfxt9SZs3lQDqLdQjBstxp13g%3D%3D HTTP/1.1" 429 104
2021-12-29 18:05:12,470 - DEBUG - Starting new HTTPS connection (1): finnhub.io:443
2021-12-29 18:05:12,681 - DEBUG - https://finnhub.io:443 "GET /api/v1/stock/price-target?&token=c71nnkaad3ieuiu4d000&symbol=SON HTTP/1.1" 200 None
2021-12-29 18:05:12,687 - DEBUG - Starting new HTTPS connection (1): api.powerbi.com:443
2021-12-29 18:05:12,781 - DEBUG - https://api.powerbi.com:443 "POST /beta/b67d722d-aa8a-4777-a169-ebeb7a6a3b67/datasets/520ae51f-637f-4efd-96be-dad192e05be4/rows?key=xOihNIQCsJUKPN0QCs93Ni3JCw0ULxfuul7LXbsyqDrprXUnu6NFehkGrhbxvnfxt9SZs3lQDqLdQjBstxp13g%3D%3D HTTP/1.1" 429 104
2021-12-29 18:05:12,786 - DEBUG - Starting new HTTPS connection (1): finnhub.io:443
2021-12-29 18:05:13,030 - DEBUG - https://finnhub.io:443 "GET /api/v1/stock/price-target?&token=c71nnkaad3ieuiu4d000&symbol=NKE HTTP/1.1" 200 None
2021-12-29 18:05:13,036 - DEBUG - Starting new HTTPS connection (1): api.powerbi.com:443
2021-12-29 18:05:13,139 - DEBUG - https://api.powerbi.com:443 "POST /beta/b67d722d-aa8a-4777-a169-ebeb7a6a3b67/datasets/520ae51f-637f-4efd-96be-dad192e05be4/rows?key=xOihNIQCsJUKPN0QCs93Ni3JCw0ULxfuul7LXbsyqDrprXUnu6NFehkGrhbxvnfxt9SZs3lQDqLdQjBstxp13g%3D%3D HTTP/1.1" 429 104
2021-12-29 18:05:13,144 - DEBUG - Starting new HTTPS connection (1): finnhub.io:443
2021-12-29 18:05:13,307 - DEBUG - https://finnhub.io:443 "GET /api/v1/stock/price-target?&token=c71nnkaad3ieuiu4d000&symbol=AFIN HTTP/1.1" 200 None
2021-12-29 18:05:13,313 - DEBUG - Starting new HTTPS connection (1): api.powerbi.com:443
2021-12-29 18:05:13,407 - DEBUG - https://api.powerbi.com:443 "POST /beta/b67d722d-aa8a-4777-a169-ebeb7a6a3b67/datasets/520ae51f-637f-4efd-96be-dad192e05be4/rows?key=xOihNIQCsJUKPN0QCs93Ni3JCw0ULxfuul7LXbsyqDrprXUnu6NFehkGrhbxvnfxt9SZs3lQDqLdQjBstxp13g%3D%3D HTTP/1.1" 429 104
2021-12-29 18:05:13,412 - DEBUG - Starting new HTTPS connection (1): finnhub.io:443
2021-12-29 18:05:13,689 - DEBUG - https://finnhub.io:443 "GET /api/v1/stock/price-target?&token=c71nnkaad3ieuiu4d000&symbol=ONEM HTTP/1.1" 200 None
2021-12-29 18:05:13,694 - DEBUG - Starting new HTTPS connection (1): api.powerbi.com:443
2021-12-29 18:05:13,800 - DEBUG - https://api.powerbi.com:443 "POST /beta/b67d722d-aa8a-4777-a169-ebeb7a6a3b67/datasets/520ae51f-637f-4efd-96be-dad192e05be4/rows?key=xOihNIQCsJUKPN0QCs93Ni3JCw0ULxfuul7LXbsyqDrprXUnu6NFehkGrhbxvnfxt9SZs3lQDqLdQjBstxp13g%3D%3D HTTP/1.1" 429 104
2021-12-29 18:05:13,805 - DEBUG - Starting new HTTPS connection (1): finnhub.io:443
2021-12-29 18:05:14,125 - DEBUG - https://finnhub.io:443 "GET /api/v1/stock/price-target?&token=c71nnkaad3ieuiu4d000&symbol=ACAD HTTP/1.1" 200 None
2021-12-29 18:05:14,131 - DEBUG - Starting new HTTPS connection (1): api.powerbi.com:443
2021-12-29 18:05:14,234 - DEBUG - https://api.powerbi.com:443 "POST /beta/b67d722d-aa8a-4777-a169-ebeb7a6a3b67/datasets/520ae51f-637f-4efd-96be-dad192e05be4/rows?key=xOihNIQCsJUKPN0QCs93Ni3JCw0ULxfuul7LXbsyqDrprXUnu6NFehkGrhbxvnfxt9SZs3lQDqLdQjBstxp13g%3D%3D HTTP/1.1" 429 104
2021-12-29 18:05:14,239 - DEBUG - Starting new HTTPS connection (1): finnhub.io:443
2021-12-29 18:05:14,407 - DEBUG - https://finnhub.io:443 "GET /api/v1/stock/price-target?&token=c71nnkaad3ieuiu4d000&symbol=PPL HTTP/1.1" 200 None
2021-12-29 18:05:14,412 - DEBUG - Starting new HTTPS connection (1): api.powerbi.com:443
2021-12-29 18:05:14,510 - DEBUG - https://api.powerbi.com:443 "POST /beta/b67d722d-aa8a-4777-a169-ebeb7a6a3b67/datasets/520ae51f-637f-4efd-96be-dad192e05be4/rows?key=xOihNIQCsJUKPN0QCs93Ni3JCw0ULxfuul7LXbsyqDrprXUnu6NFehkGrhbxvnfxt9SZs3lQDqLdQjBstxp13g%3D%3D HTTP/1.1" 429 104
2021-12-29 18:05:14,515 - DEBUG - Starting new HTTPS connection (1): finnhub.io:443
2021-12-29 18:05:14,678 - DEBUG - https://finnhub.io:443 "GET /api/v1/stock/price-target?&token=c71nnkaad3ieuiu4d000&symbol=LNG HTTP/1.1" 200 None
2021-12-29 18:05:14,683 - DEBUG - Starting new HTTPS connection (1): api.powerbi.com:443
2021-12-29 18:05:14,775 - DEBUG - https://api.powerbi.com:443 "POST /beta/b67d722d-aa8a-4777-a169-ebeb7a6a3b67/datasets/520ae51f-637f-4efd-96be-dad192e05be4/rows?key=xOihNIQCsJUKPN0QCs93Ni3JCw0ULxfuul7LXbsyqDrprXUnu6NFehkGrhbxvnfxt9SZs3lQDqLdQjBstxp13g%3D%3D HTTP/1.1" 429 104
2021-12-29 18:05:14,780 - DEBUG - Starting new HTTPS connection (1): finnhub.io:443
2021-12-29 18:05:14,992 - DEBUG - https://finnhub.io:443 "GET /api/v1/stock/price-target?&token=c71nnkaad3ieuiu4d000&symbol=SO HTTP/1.1" 200 None
2021-12-29 18:05:14,997 - DEBUG - Starting new HTTPS connection (1): api.powerbi.com:443
2021-12-29 18:05:15,091 - DEBUG - https://api.powerbi.com:443 "POST /beta/b67d722d-aa8a-4777-a169-ebeb7a6a3b67/datasets/520ae51f-637f-4efd-96be-dad192e05be4/rows?key=xOihNIQCsJUKPN0QCs93Ni3JCw0ULxfuul7LXbsyqDrprXUnu6NFehkGrhbxvnfxt9SZs3lQDqLdQjBstxp13g%3D%3D HTTP/1.1" 429 104
2021-12-29 18:05:15,096 - DEBUG - Starting new HTTPS connection (1): finnhub.io:443
2021-12-29 18:05:15,285 - DEBUG - https://finnhub.io:443 "GET /api/v1/stock/price-target?&token=c71nnkaad3ieuiu4d000&symbol=ACAD HTTP/1.1" 200 None
2021-12-29 18:05:15,290 - DEBUG - Starting new HTTPS connection (1): api.powerbi.com:443
2021-12-29 18:05:15,394 - DEBUG - https://api.powerbi.com:443 "POST /beta/b67d722d-aa8a-4777-a169-ebeb7a6a3b67/datasets/520ae51f-637f-4efd-96be-dad192e05be4/rows?key=xOihNIQCsJUKPN0QCs93Ni3JCw0ULxfuul7LXbsyqDrprXUnu6NFehkGrhbxvnfxt9SZs3lQDqLdQjBstxp13g%3D%3D HTTP/1.1" 429 104
2021-12-29 18:05:15,399 - DEBUG - Starting new HTTPS connection (1): finnhub.io:443
2021-12-29 18:05:15,557 - DEBUG - https://finnhub.io:443 "GET /api/v1/stock/price-target?&token=c71nnkaad3ieuiu4d000&symbol=SR HTTP/1.1" 200 None
2021-12-29 18:05:15,563 - DEBUG - Starting new HTTPS connection (1): api.powerbi.com:443
2021-12-29 18:05:15,684 - DEBUG - https://api.powerbi.com:443 "POST /beta/b67d722d-aa8a-4777-a169-ebeb7a6a3b67/datasets/520ae51f-637f-4efd-96be-dad192e05be4/rows?key=xOihNIQCsJUKPN0QCs93Ni3JCw0ULxfuul7LXbsyqDrprXUnu6NFehkGrhbxvnfxt9SZs3lQDqLdQjBstxp13g%3D%3D HTTP/1.1" 429 104
2021-12-29 18:05:15,689 - DEBUG - Starting new HTTPS connection (1): finnhub.io:443
2021-12-29 18:05:15,809 - DEBUG - https://finnhub.io:443 "GET /api/v1/stock/price-target?&token=c71nnkaad3ieuiu4d000&symbol=ALDX HTTP/1.1" 200 None
2021-12-29 18:05:15,815 - DEBUG - Starting new HTTPS connection (1): api.powerbi.com:443
2021-12-29 18:05:15,915 - DEBUG - https://api.powerbi.com:443 "POST /beta/b67d722d-aa8a-4777-a169-ebeb7a6a3b67/datasets/520ae51f-637f-4efd-96be-dad192e05be4/rows?key=xOihNIQCsJUKPN0QCs93Ni3JCw0ULxfuul7LXbsyqDrprXUnu6NFehkGrhbxvnfxt9SZs3lQDqLdQjBstxp13g%3D%3D HTTP/1.1" 429 104
2021-12-29 18:05:15,920 - DEBUG - Starting new HTTPS connection (1): finnhub.io:443
2021-12-29 18:05:16,061 - DEBUG - https://finnhub.io:443 "GET /api/v1/stock/price-target?&token=c71nnkaad3ieuiu4d000&symbol=SRE HTTP/1.1" 200 None
2021-12-29 18:05:16,067 - DEBUG - Starting new HTTPS connection (1): api.powerbi.com:443
2021-12-29 18:05:16,172 - DEBUG - https://api.powerbi.com:443 "POST /beta/b67d722d-aa8a-4777-a169-ebeb7a6a3b67/datasets/520ae51f-637f-4efd-96be-dad192e05be4/rows?key=xOihNIQCsJUKPN0QCs93Ni3JCw0ULxfuul7LXbsyqDrprXUnu6NFehkGrhbxvnfxt9SZs3lQDqLdQjBstxp13g%3D%3D HTTP/1.1" 429 104
2021-12-29 18:05:16,177 - DEBUG - Starting new HTTPS connection (1): finnhub.io:443
2021-12-29 18:05:16,325 - DEBUG - https://finnhub.io:443 "GET /api/v1/stock/price-target?&token=c71nnkaad3ieuiu4d000&symbol=AVO HTTP/1.1" 200 None
2021-12-29 18:05:16,330 - DEBUG - Starting new HTTPS connection (1): api.powerbi.com:443
2021-12-29 18:05:16,433 - DEBUG - https://api.powerbi.com:443 "POST /beta/b67d722d-aa8a-4777-a169-ebeb7a6a3b67/datasets/520ae51f-637f-4efd-96be-dad192e05be4/rows?key=xOihNIQCsJUKPN0QCs93Ni3JCw0ULxfuul7LXbsyqDrprXUnu6NFehkGrhbxvnfxt9SZs3lQDqLdQjBstxp13g%3D%3D HTTP/1.1" 429 104
2021-12-29 18:05:16,438 - DEBUG - Starting new HTTPS connection (1): finnhub.io:443
2021-12-29 18:05:16,644 - DEBUG - https://finnhub.io:443 "GET /api/v1/stock/price-target?&token=c71nnkaad3ieuiu4d000&symbol=CMA HTTP/1.1" 200 None
2021-12-29 18:05:16,649 - DEBUG - Starting new HTTPS connection (1): api.powerbi.com:443
2021-12-29 18:05:16,756 - DEBUG - https://api.powerbi.com:443 "POST /beta/b67d722d-aa8a-4777-a169-ebeb7a6a3b67/datasets/520ae51f-637f-4efd-96be-dad192e05be4/rows?key=xOihNIQCsJUKPN0QCs93Ni3JCw0ULxfuul7LXbsyqDrprXUnu6NFehkGrhbxvnfxt9SZs3lQDqLdQjBstxp13g%3D%3D HTTP/1.1" 429 104
2021-12-29 18:05:16,761 - DEBUG - Starting new HTTPS connection (1): finnhub.io:443
2021-12-29 18:05:17,067 - DEBUG - https://finnhub.io:443 "GET /api/v1/stock/price-target?&token=c71nnkaad3ieuiu4d000&symbol=GDRX HTTP/1.1" 200 None
2021-12-29 18:05:17,072 - DEBUG - Starting new HTTPS connection (1): api.powerbi.com:443
2021-12-29 18:05:17,177 - DEBUG - https://api.powerbi.com:443 "POST /beta/b67d722d-aa8a-4777-a169-ebeb7a6a3b67/datasets/520ae51f-637f-4efd-96be-dad192e05be4/rows?key=xOihNIQCsJUKPN0QCs93Ni3JCw0ULxfuul7LXbsyqDrprXUnu6NFehkGrhbxvnfxt9SZs3lQDqLdQjBstxp13g%3D%3D HTTP/1.1" 429 104
2021-12-29 18:05:17,182 - DEBUG - Starting new HTTPS connection (1): finnhub.io:443
2021-12-29 18:05:17,362 - DEBUG - https://finnhub.io:443 "GET /api/v1/stock/price-target?&token=c71nnkaad3ieuiu4d000&symbol=PEG HTTP/1.1" 200 None
2021-12-29 18:05:17,367 - DEBUG - Starting new HTTPS connection (1): api.powerbi.com:443
2021-12-29 18:05:17,502 - DEBUG - https://api.powerbi.com:443 "POST /beta/b67d722d-aa8a-4777-a169-ebeb7a6a3b67/datasets/520ae51f-637f-4efd-96be-dad192e05be4/rows?key=xOihNIQCsJUKPN0QCs93Ni3JCw0ULxfuul7LXbsyqDrprXUnu6NFehkGrhbxvnfxt9SZs3lQDqLdQjBstxp13g%3D%3D HTTP/1.1" 429 104
2021-12-29 18:05:17,507 - DEBUG - Starting new HTTPS connection (1): finnhub.io:443
2021-12-29 18:05:17,692 - DEBUG - https://finnhub.io:443 "GET /api/v1/stock/price-target?&token=c71nnkaad3ieuiu4d000&symbol=PNW HTTP/1.1" 200 None
2021-12-29 18:05:17,698 - DEBUG - Starting new HTTPS connection (1): api.powerbi.com:443
2021-12-29 18:05:17,797 - DEBUG - https://api.powerbi.com:443 "POST /beta/b67d722d-aa8a-4777-a169-ebeb7a6a3b67/datasets/520ae51f-637f-4efd-96be-dad192e05be4/rows?key=xOihNIQCsJUKPN0QCs93Ni3JCw0ULxfuul7LXbsyqDrprXUnu6NFehkGrhbxvnfxt9SZs3lQDqLdQjBstxp13g%3D%3D HTTP/1.1" 429 104
2021-12-29 18:05:17,802 - DEBUG - Starting new HTTPS connection (1): finnhub.io:443
2021-12-29 18:05:17,977 - DEBUG - https://finnhub.io:443 "GET /api/v1/stock/price-target?&token=c71nnkaad3ieuiu4d000&symbol=PCG HTTP/1.1" 200 None
2021-12-29 18:05:17,982 - DEBUG - Starting new HTTPS connection (1): api.powerbi.com:443
2021-12-29 18:05:18,097 - DEBUG - https://api.powerbi.com:443 "POST /beta/b67d722d-aa8a-4777-a169-ebeb7a6a3b67/datasets/520ae51f-637f-4efd-96be-dad192e05be4/rows?key=xOihNIQCsJUKPN0QCs93Ni3JCw0ULxfuul7LXbsyqDrprXUnu6NFehkGrhbxvnfxt9SZs3lQDqLdQjBstxp13g%3D%3D HTTP/1.1" 429 104
2021-12-29 18:05:18,102 - DEBUG - Starting new HTTPS connection (1): finnhub.io:443
2021-12-29 18:05:18,253 - DEBUG - https://finnhub.io:443 "GET /api/v1/stock/price-target?&token=c71nnkaad3ieuiu4d000&symbol=CLAR HTTP/1.1" 200 None
2021-12-29 18:05:18,259 - DEBUG - Starting new HTTPS connection (1): api.powerbi.com:443
2021-12-29 18:05:18,350 - DEBUG - https://api.powerbi.com:443 "POST /beta/b67d722d-aa8a-4777-a169-ebeb7a6a3b67/datasets/520ae51f-637f-4efd-96be-dad192e05be4/rows?key=xOihNIQCsJUKPN0QCs93Ni3JCw0ULxfuul7LXbsyqDrprXUnu6NFehkGrhbxvnfxt9SZs3lQDqLdQjBstxp13g%3D%3D HTTP/1.1" 429 104
2021-12-29 18:05:18,355 - DEBUG - Starting new HTTPS connection (1): finnhub.io:443
2021-12-29 18:05:18,535 - DEBUG - https://finnhub.io:443 "GET /api/v1/stock/price-target?&token=c71nnkaad3ieuiu4d000&symbol=AVAL HTTP/1.1" 200 None
2021-12-29 18:05:18,541 - DEBUG - Starting new HTTPS connection (1): api.powerbi.com:443
2021-12-29 18:05:18,647 - DEBUG - https://api.powerbi.com:443 "POST /beta/b67d722d-aa8a-4777-a169-ebeb7a6a3b67/datasets/520ae51f-637f-4efd-96be-dad192e05be4/rows?key=xOihNIQCsJUKPN0QCs93Ni3JCw0ULxfuul7LXbsyqDrprXUnu6NFehkGrhbxvnfxt9SZs3lQDqLdQjBstxp13g%3D%3D HTTP/1.1" 429 104
2021-12-29 18:05:18,653 - DEBUG - Starting new HTTPS connection (1): finnhub.io:443
2021-12-29 18:05:18,836 - DEBUG - https://finnhub.io:443 "GET /api/v1/stock/price-target?&token=c71nnkaad3ieuiu4d000&symbol=CSGS HTTP/1.1" 200 None
2021-12-29 18:05:18,842 - DEBUG - Starting new HTTPS connection (1): api.powerbi.com:443
2021-12-29 18:05:18,939 - DEBUG - https://api.powerbi.com:443 "POST /beta/b67d722d-aa8a-4777-a169-ebeb7a6a3b67/datasets/520ae51f-637f-4efd-96be-dad192e05be4/rows?key=xOihNIQCsJUKPN0QCs93Ni3JCw0ULxfuul7LXbsyqDrprXUnu6NFehkGrhbxvnfxt9SZs3lQDqLdQjBstxp13g%3D%3D HTTP/1.1" 429 104
2021-12-29 18:05:18,944 - DEBUG - Starting new HTTPS connection (1): finnhub.io:443
2021-12-29 18:05:19,172 - DEBUG - https://finnhub.io:443 "GET /api/v1/stock/price-target?&token=c71nnkaad3ieuiu4d000&symbol=OPAD HTTP/1.1" 200 None
2021-12-29 18:05:19,177 - DEBUG - Starting new HTTPS connection (1): api.powerbi.com:443
2021-12-29 18:05:19,284 - DEBUG - https://api.powerbi.com:443 "POST /beta/b67d722d-aa8a-4777-a169-ebeb7a6a3b67/datasets/520ae51f-637f-4efd-96be-dad192e05be4/rows?key=xOihNIQCsJUKPN0QCs93Ni3JCw0ULxfuul7LXbsyqDrprXUnu6NFehkGrhbxvnfxt9SZs3lQDqLdQjBstxp13g%3D%3D HTTP/1.1" 429 104
2021-12-29 18:05:19,289 - DEBUG - Starting new HTTPS connection (1): finnhub.io:443
2021-12-29 18:05:19,460 - DEBUG - https://finnhub.io:443 "GET /api/v1/stock/price-target?&token=c71nnkaad3ieuiu4d000&symbol=WEJO HTTP/1.1" 200 None
2021-12-29 18:05:19,465 - DEBUG - Starting new HTTPS connection (1): api.powerbi.com:443
2021-12-29 18:05:19,570 - DEBUG - https://api.powerbi.com:443 "POST /beta/b67d722d-aa8a-4777-a169-ebeb7a6a3b67/datasets/520ae51f-637f-4efd-96be-dad192e05be4/rows?key=xOihNIQCsJUKPN0QCs93Ni3JCw0ULxfuul7LXbsyqDrprXUnu6NFehkGrhbxvnfxt9SZs3lQDqLdQjBstxp13g%3D%3D HTTP/1.1" 429 104
2021-12-29 18:05:19,575 - DEBUG - Starting new HTTPS connection (1): finnhub.io:443
2021-12-29 18:05:19,800 - DEBUG - https://finnhub.io:443 "GET /api/v1/stock/price-target?&token=c71nnkaad3ieuiu4d000&symbol=BV HTTP/1.1" 200 None
2021-12-29 18:05:19,806 - DEBUG - Starting new HTTPS connection (1): api.powerbi.com:443
2021-12-29 18:05:19,906 - DEBUG - https://api.powerbi.com:443 "POST /beta/b67d722d-aa8a-4777-a169-ebeb7a6a3b67/datasets/520ae51f-637f-4efd-96be-dad192e05be4/rows?key=xOihNIQCsJUKPN0QCs93Ni3JCw0ULxfuul7LXbsyqDrprXUnu6NFehkGrhbxvnfxt9SZs3lQDqLdQjBstxp13g%3D%3D HTTP/1.1" 429 104
2021-12-29 18:05:19,911 - DEBUG - Starting new HTTPS connection (1): finnhub.io:443
2021-12-29 18:05:20,097 - DEBUG - https://finnhub.io:443 "GET /api/v1/stock/price-target?&token=c71nnkaad3ieuiu4d000&symbol=CCL HTTP/1.1" 200 None
2021-12-29 18:05:20,102 - DEBUG - Starting new HTTPS connection (1): api.powerbi.com:443
2021-12-29 18:05:20,204 - DEBUG - https://api.powerbi.com:443 "POST /beta/b67d722d-aa8a-4777-a169-ebeb7a6a3b67/datasets/520ae51f-637f-4efd-96be-dad192e05be4/rows?key=xOihNIQCsJUKPN0QCs93Ni3JCw0ULxfuul7LXbsyqDrprXUnu6NFehkGrhbxvnfxt9SZs3lQDqLdQjBstxp13g%3D%3D HTTP/1.1" 429 104
2021-12-29 18:05:20,209 - DEBUG - Starting new HTTPS connection (1): finnhub.io:443
2021-12-29 18:05:20,352 - DEBUG - https://finnhub.io:443 "GET /api/v1/stock/price-target?&token=c71nnkaad3ieuiu4d000&symbol=VUZI HTTP/1.1" 200 None
2021-12-29 18:05:20,357 - DEBUG - Starting new HTTPS connection (1): api.powerbi.com:443
2021-12-29 18:05:20,469 - DEBUG - https://api.powerbi.com:443 "POST /beta/b67d722d-aa8a-4777-a169-ebeb7a6a3b67/datasets/520ae51f-637f-4efd-96be-dad192e05be4/rows?key=xOihNIQCsJUKPN0QCs93Ni3JCw0ULxfuul7LXbsyqDrprXUnu6NFehkGrhbxvnfxt9SZs3lQDqLdQjBstxp13g%3D%3D HTTP/1.1" 429 104
2021-12-29 18:05:20,474 - DEBUG - Starting new HTTPS connection (1): finnhub.io:443
2021-12-29 18:05:20,648 - DEBUG - https://finnhub.io:443 "GET /api/v1/stock/price-target?&token=c71nnkaad3ieuiu4d000&symbol=MU HTTP/1.1" 200 None
2021-12-29 18:05:20,654 - DEBUG - Starting new HTTPS connection (1): api.powerbi.com:443
2021-12-29 18:05:20,759 - DEBUG - https://api.powerbi.com:443 "POST /beta/b67d722d-aa8a-4777-a169-ebeb7a6a3b67/datasets/520ae51f-637f-4efd-96be-dad192e05be4/rows?key=xOihNIQCsJUKPN0QCs93Ni3JCw0ULxfuul7LXbsyqDrprXUnu6NFehkGrhbxvnfxt9SZs3lQDqLdQjBstxp13g%3D%3D HTTP/1.1" 429 104
2021-12-29 18:05:20,764 - DEBUG - Starting new HTTPS connection (1): finnhub.io:443
2021-12-29 18:05:20,914 - DEBUG - https://finnhub.io:443 "GET /api/v1/stock/price-target?&token=c71nnkaad3ieuiu4d000&symbol=CERN HTTP/1.1" 200 None
2021-12-29 18:05:20,920 - DEBUG - Starting new HTTPS connection (1): api.powerbi.com:443
2021-12-29 18:05:21,020 - DEBUG - https://api.powerbi.com:443 "POST /beta/b67d722d-aa8a-4777-a169-ebeb7a6a3b67/datasets/520ae51f-637f-4efd-96be-dad192e05be4/rows?key=xOihNIQCsJUKPN0QCs93Ni3JCw0ULxfuul7LXbsyqDrprXUnu6NFehkGrhbxvnfxt9SZs3lQDqLdQjBstxp13g%3D%3D HTTP/1.1" 429 104
2021-12-29 18:05:21,025 - DEBUG - Starting new HTTPS connection (1): finnhub.io:443
2021-12-29 18:05:21,173 - DEBUG - https://finnhub.io:443 "GET /api/v1/stock/price-target?&token=c71nnkaad3ieuiu4d000&symbol=CMS HTTP/1.1" 200 None
2021-12-29 18:05:21,179 - DEBUG - Starting new HTTPS connection (1): api.powerbi.com:443
2021-12-29 18:05:21,281 - DEBUG - https://api.powerbi.com:443 "POST /beta/b67d722d-aa8a-4777-a169-ebeb7a6a3b67/datasets/520ae51f-637f-4efd-96be-dad192e05be4/rows?key=xOihNIQCsJUKPN0QCs93Ni3JCw0ULxfuul7LXbsyqDrprXUnu6NFehkGrhbxvnfxt9SZs3lQDqLdQjBstxp13g%3D%3D HTTP/1.1" 429 104
2021-12-29 18:05:21,286 - DEBUG - Starting new HTTPS connection (1): finnhub.io:443
2021-12-29 18:05:21,494 - DEBUG - https://finnhub.io:443 "GET /api/v1/stock/price-target?&token=c71nnkaad3ieuiu4d000&symbol=D HTTP/1.1" 200 None
2021-12-29 18:05:21,500 - DEBUG - Starting new HTTPS connection (1): api.powerbi.com:443
2021-12-29 18:05:21,597 - DEBUG - https://api.powerbi.com:443 "POST /beta/b67d722d-aa8a-4777-a169-ebeb7a6a3b67/datasets/520ae51f-637f-4efd-96be-dad192e05be4/rows?key=xOihNIQCsJUKPN0QCs93Ni3JCw0ULxfuul7LXbsyqDrprXUnu6NFehkGrhbxvnfxt9SZs3lQDqLdQjBstxp13g%3D%3D HTTP/1.1" 429 104
2021-12-29 18:05:21,602 - DEBUG - Starting new HTTPS connection (1): finnhub.io:443
2021-12-29 18:05:21,797 - DEBUG - https://finnhub.io:443 "GET /api/v1/stock/price-target?&token=c71nnkaad3ieuiu4d000&symbol=DTE HTTP/1.1" 200 None
2021-12-29 18:05:21,802 - DEBUG - Starting new HTTPS connection (1): api.powerbi.com:443
2021-12-29 18:05:21,886 - DEBUG - https://api.powerbi.com:443 "POST /beta/b67d722d-aa8a-4777-a169-ebeb7a6a3b67/datasets/520ae51f-637f-4efd-96be-dad192e05be4/rows?key=xOihNIQCsJUKPN0QCs93Ni3JCw0ULxfuul7LXbsyqDrprXUnu6NFehkGrhbxvnfxt9SZs3lQDqLdQjBstxp13g%3D%3D HTTP/1.1" 429 104
2021-12-29 18:05:21,892 - DEBUG - Starting new HTTPS connection (1): finnhub.io:443
2021-12-29 18:05:22,037 - DEBUG - https://finnhub.io:443 "GET /api/v1/stock/price-target?&token=c71nnkaad3ieuiu4d000&symbol=DUK HTTP/1.1" 200 None
2021-12-29 18:05:22,042 - DEBUG - Starting new HTTPS connection (1): api.powerbi.com:443
2021-12-29 18:05:22,162 - DEBUG - https://api.powerbi.com:443 "POST /beta/b67d722d-aa8a-4777-a169-ebeb7a6a3b67/datasets/520ae51f-637f-4efd-96be-dad192e05be4/rows?key=xOihNIQCsJUKPN0QCs93Ni3JCw0ULxfuul7LXbsyqDrprXUnu6NFehkGrhbxvnfxt9SZs3lQDqLdQjBstxp13g%3D%3D HTTP/1.1" 429 104
2021-12-29 18:05:22,167 - DEBUG - Starting new HTTPS connection (1): finnhub.io:443
2021-12-29 18:05:22,298 - DEBUG - https://finnhub.io:443 "GET /api/v1/stock/price-target?&token=c71nnkaad3ieuiu4d000&symbol=ED HTTP/1.1" 200 None
2021-12-29 18:05:22,303 - DEBUG - Starting new HTTPS connection (1): api.powerbi.com:443
2021-12-29 18:05:22,391 - DEBUG - https://api.powerbi.com:443 "POST /beta/b67d722d-aa8a-4777-a169-ebeb7a6a3b67/datasets/520ae51f-637f-4efd-96be-dad192e05be4/rows?key=xOihNIQCsJUKPN0QCs93Ni3JCw0ULxfuul7LXbsyqDrprXUnu6NFehkGrhbxvnfxt9SZs3lQDqLdQjBstxp13g%3D%3D HTTP/1.1" 429 104
2021-12-29 18:05:22,396 - DEBUG - Starting new HTTPS connection (1): finnhub.io:443
2021-12-29 18:05:22,531 - DEBUG - https://finnhub.io:443 "GET /api/v1/stock/price-target?&token=c71nnkaad3ieuiu4d000&symbol=EIX HTTP/1.1" 200 None
2021-12-29 18:05:22,537 - DEBUG - Starting new HTTPS connection (1): api.powerbi.com:443
2021-12-29 18:05:22,643 - DEBUG - https://api.powerbi.com:443 "POST /beta/b67d722d-aa8a-4777-a169-ebeb7a6a3b67/datasets/520ae51f-637f-4efd-96be-dad192e05be4/rows?key=xOihNIQCsJUKPN0QCs93Ni3JCw0ULxfuul7LXbsyqDrprXUnu6NFehkGrhbxvnfxt9SZs3lQDqLdQjBstxp13g%3D%3D HTTP/1.1" 429 104
2021-12-29 18:05:22,648 - DEBUG - Starting new HTTPS connection (1): finnhub.io:443
2021-12-29 18:05:22,793 - DEBUG - https://finnhub.io:443 "GET /api/v1/stock/price-target?&token=c71nnkaad3ieuiu4d000&symbol=ES HTTP/1.1" 200 None
2021-12-29 18:05:22,798 - DEBUG - Starting new HTTPS connection (1): api.powerbi.com:443
2021-12-29 18:05:22,888 - DEBUG - https://api.powerbi.com:443 "POST /beta/b67d722d-aa8a-4777-a169-ebeb7a6a3b67/datasets/520ae51f-637f-4efd-96be-dad192e05be4/rows?key=xOihNIQCsJUKPN0QCs93Ni3JCw0ULxfuul7LXbsyqDrprXUnu6NFehkGrhbxvnfxt9SZs3lQDqLdQjBstxp13g%3D%3D HTTP/1.1" 429 104
2021-12-29 18:05:22,893 - DEBUG - Starting new HTTPS connection (1): finnhub.io:443
2021-12-29 18:05:23,031 - DEBUG - https://finnhub.io:443 "GET /api/v1/stock/price-target?&token=c71nnkaad3ieuiu4d000&symbol=ETR HTTP/1.1" 200 None
2021-12-29 18:05:23,036 - DEBUG - Starting new HTTPS connection (1): api.powerbi.com:443
2021-12-29 18:05:23,142 - DEBUG - https://api.powerbi.com:443 "POST /beta/b67d722d-aa8a-4777-a169-ebeb7a6a3b67/datasets/520ae51f-637f-4efd-96be-dad192e05be4/rows?key=xOihNIQCsJUKPN0QCs93Ni3JCw0ULxfuul7LXbsyqDrprXUnu6NFehkGrhbxvnfxt9SZs3lQDqLdQjBstxp13g%3D%3D HTTP/1.1" 429 104
2021-12-29 18:05:23,147 - DEBUG - Starting new HTTPS connection (1): finnhub.io:443
2021-12-29 18:05:23,323 - DEBUG - https://finnhub.io:443 "GET /api/v1/stock/price-target?&token=c71nnkaad3ieuiu4d000&symbol=FE HTTP/1.1" 200 None
2021-12-29 18:05:23,329 - DEBUG - Starting new HTTPS connection (1): api.powerbi.com:443
2021-12-29 18:05:23,431 - DEBUG - https://api.powerbi.com:443 "POST /beta/b67d722d-aa8a-4777-a169-ebeb7a6a3b67/datasets/520ae51f-637f-4efd-96be-dad192e05be4/rows?key=xOihNIQCsJUKPN0QCs93Ni3JCw0ULxfuul7LXbsyqDrprXUnu6NFehkGrhbxvnfxt9SZs3lQDqLdQjBstxp13g%3D%3D HTTP/1.1" 429 104
2021-12-29 18:05:23,436 - DEBUG - Starting new HTTPS connection (1): finnhub.io:443
2021-12-29 18:05:23,577 - DEBUG - https://finnhub.io:443 "GET /api/v1/stock/price-target?&token=c71nnkaad3ieuiu4d000&symbol=HOG HTTP/1.1" 200 None
2021-12-29 18:05:23,590 - DEBUG - Starting new HTTPS connection (1): api.powerbi.com:443
2021-12-29 18:05:23,684 - DEBUG - https://api.powerbi.com:443 "POST /beta/b67d722d-aa8a-4777-a169-ebeb7a6a3b67/datasets/520ae51f-637f-4efd-96be-dad192e05be4/rows?key=xOihNIQCsJUKPN0QCs93Ni3JCw0ULxfuul7LXbsyqDrprXUnu6NFehkGrhbxvnfxt9SZs3lQDqLdQjBstxp13g%3D%3D HTTP/1.1" 429 104
2021-12-29 18:05:23,689 - DEBUG - Starting new HTTPS connection (1): finnhub.io:443
2021-12-29 18:05:23,838 - DEBUG - https://finnhub.io:443 "GET /api/v1/stock/price-target?&token=c71nnkaad3ieuiu4d000&symbol=MGEE HTTP/1.1" 200 None
2021-12-29 18:05:23,843 - DEBUG - Starting new HTTPS connection (1): api.powerbi.com:443
2021-12-29 18:05:23,945 - DEBUG - https://api.powerbi.com:443 "POST /beta/b67d722d-aa8a-4777-a169-ebeb7a6a3b67/datasets/520ae51f-637f-4efd-96be-dad192e05be4/rows?key=xOihNIQCsJUKPN0QCs93Ni3JCw0ULxfuul7LXbsyqDrprXUnu6NFehkGrhbxvnfxt9SZs3lQDqLdQjBstxp13g%3D%3D HTTP/1.1" 429 104
2021-12-29 18:05:23,950 - DEBUG - Starting new HTTPS connection (1): finnhub.io:443
2021-12-29 18:05:24,125 - DEBUG - https://finnhub.io:443 "GET /api/v1/stock/price-target?&token=c71nnkaad3ieuiu4d000&symbol=MU HTTP/1.1" 200 None
2021-12-29 18:05:24,130 - DEBUG - Starting new HTTPS connection (1): api.powerbi.com:443
2021-12-29 18:05:24,233 - DEBUG - https://api.powerbi.com:443 "POST /beta/b67d722d-aa8a-4777-a169-ebeb7a6a3b67/datasets/520ae51f-637f-4efd-96be-dad192e05be4/rows?key=xOihNIQCsJUKPN0QCs93Ni3JCw0ULxfuul7LXbsyqDrprXUnu6NFehkGrhbxvnfxt9SZs3lQDqLdQjBstxp13g%3D%3D HTTP/1.1" 429 104
2021-12-29 18:05:24,238 - DEBUG - Starting new HTTPS connection (1): finnhub.io:443
2021-12-29 18:05:24,374 - DEBUG - https://finnhub.io:443 "GET /api/v1/stock/price-target?&token=c71nnkaad3ieuiu4d000&symbol=NEE HTTP/1.1" 200 None
2021-12-29 18:05:24,380 - DEBUG - Starting new HTTPS connection (1): api.powerbi.com:443
2021-12-29 18:05:24,493 - DEBUG - https://api.powerbi.com:443 "POST /beta/b67d722d-aa8a-4777-a169-ebeb7a6a3b67/datasets/520ae51f-637f-4efd-96be-dad192e05be4/rows?key=xOihNIQCsJUKPN0QCs93Ni3JCw0ULxfuul7LXbsyqDrprXUnu6NFehkGrhbxvnfxt9SZs3lQDqLdQjBstxp13g%3D%3D HTTP/1.1" 429 104
2021-12-29 18:05:24,498 - DEBUG - Starting new HTTPS connection (1): finnhub.io:443
2021-12-29 18:05:24,687 - DEBUG - https://finnhub.io:443 "GET /api/v1/stock/price-target?&token=c71nnkaad3ieuiu4d000&symbol=NKE HTTP/1.1" 200 None
2021-12-29 18:05:24,693 - DEBUG - Starting new HTTPS connection (1): api.powerbi.com:443
2021-12-29 18:05:24,789 - DEBUG - https://api.powerbi.com:443 "POST /beta/b67d722d-aa8a-4777-a169-ebeb7a6a3b67/datasets/520ae51f-637f-4efd-96be-dad192e05be4/rows?key=xOihNIQCsJUKPN0QCs93Ni3JCw0ULxfuul7LXbsyqDrprXUnu6NFehkGrhbxvnfxt9SZs3lQDqLdQjBstxp13g%3D%3D HTTP/1.1" 429 104
2021-12-29 18:05:24,792 - DEBUG - Starting new HTTPS connection (1): finnhub.io:443
2021-12-29 18:05:24,920 - DEBUG - https://finnhub.io:443 "GET /api/v1/stock/price-target?&token=c71nnkaad3ieuiu4d000&symbol=OGS HTTP/1.1" 200 None
2021-12-29 18:05:24,924 - DEBUG - Starting new HTTPS connection (1): api.powerbi.com:443
2021-12-29 18:05:25,019 - DEBUG - https://api.powerbi.com:443 "POST /beta/b67d722d-aa8a-4777-a169-ebeb7a6a3b67/datasets/520ae51f-637f-4efd-96be-dad192e05be4/rows?key=xOihNIQCsJUKPN0QCs93Ni3JCw0ULxfuul7LXbsyqDrprXUnu6NFehkGrhbxvnfxt9SZs3lQDqLdQjBstxp13g%3D%3D HTTP/1.1" 429 104
2021-12-29 18:05:25,022 - DEBUG - Starting new HTTPS connection (1): finnhub.io:443
2021-12-29 18:05:25,149 - DEBUG - https://finnhub.io:443 "GET /api/v1/stock/price-target?&token=c71nnkaad3ieuiu4d000&symbol=SPNE HTTP/1.1" 200 None
2021-12-29 18:05:25,155 - DEBUG - Starting new HTTPS connection (1): api.powerbi.com:443
2021-12-29 18:05:25,251 - DEBUG - https://api.powerbi.com:443 "POST /beta/b67d722d-aa8a-4777-a169-ebeb7a6a3b67/datasets/520ae51f-637f-4efd-96be-dad192e05be4/rows?key=xOihNIQCsJUKPN0QCs93Ni3JCw0ULxfuul7LXbsyqDrprXUnu6NFehkGrhbxvnfxt9SZs3lQDqLdQjBstxp13g%3D%3D HTTP/1.1" 429 104
2021-12-29 18:05:25,257 - DEBUG - Starting new HTTPS connection (1): finnhub.io:443
2021-12-29 18:05:25,368 - DEBUG - https://finnhub.io:443 "GET /api/v1/stock/price-target?&token=c71nnkaad3ieuiu4d000&symbol=SIBN HTTP/1.1" 200 None
2021-12-29 18:05:25,373 - DEBUG - Starting new HTTPS connection (1): api.powerbi.com:443
2021-12-29 18:05:25,482 - DEBUG - https://api.powerbi.com:443 "POST /beta/b67d722d-aa8a-4777-a169-ebeb7a6a3b67/datasets/520ae51f-637f-4efd-96be-dad192e05be4/rows?key=xOihNIQCsJUKPN0QCs93Ni3JCw0ULxfuul7LXbsyqDrprXUnu6NFehkGrhbxvnfxt9SZs3lQDqLdQjBstxp13g%3D%3D HTTP/1.1" 429 104
2021-12-29 18:05:25,487 - DEBUG - Starting new HTTPS connection (1): finnhub.io:443
2021-12-29 18:05:25,621 - DEBUG - https://finnhub.io:443 "GET /api/v1/stock/price-target?&token=c71nnkaad3ieuiu4d000&symbol=VCEL HTTP/1.1" 200 None
2021-12-29 18:05:25,627 - DEBUG - Starting new HTTPS connection (1): api.powerbi.com:443
2021-12-29 18:05:25,720 - DEBUG - https://api.powerbi.com:443 "POST /beta/b67d722d-aa8a-4777-a169-ebeb7a6a3b67/datasets/520ae51f-637f-4efd-96be-dad192e05be4/rows?key=xOihNIQCsJUKPN0QCs93Ni3JCw0ULxfuul7LXbsyqDrprXUnu6NFehkGrhbxvnfxt9SZs3lQDqLdQjBstxp13g%3D%3D HTTP/1.1" 429 104
2021-12-29 18:05:25,725 - DEBUG - Starting new HTTPS connection (1): finnhub.io:443
2021-12-29 18:05:25,871 - DEBUG - https://finnhub.io:443 "GET /api/v1/stock/price-target?&token=c71nnkaad3ieuiu4d000&symbol=ZBH HTTP/1.1" 200 None
2021-12-29 18:05:25,876 - DEBUG - Starting new HTTPS connection (1): api.powerbi.com:443
2021-12-29 18:05:25,979 - DEBUG - https://api.powerbi.com:443 "POST /beta/b67d722d-aa8a-4777-a169-ebeb7a6a3b67/datasets/520ae51f-637f-4efd-96be-dad192e05be4/rows?key=xOihNIQCsJUKPN0QCs93Ni3JCw0ULxfuul7LXbsyqDrprXUnu6NFehkGrhbxvnfxt9SZs3lQDqLdQjBstxp13g%3D%3D HTTP/1.1" 429 104
2021-12-29 18:05:25,984 - DEBUG - Starting new HTTPS connection (1): finnhub.io:443
2021-12-29 18:05:26,121 - DEBUG - https://finnhub.io:443 "GET /api/v1/stock/price-target?&token=c71nnkaad3ieuiu4d000&symbol=AEE HTTP/1.1" 200 None
2021-12-29 18:05:26,126 - DEBUG - Starting new HTTPS connection (1): api.powerbi.com:443
2021-12-29 18:05:26,220 - DEBUG - https://api.powerbi.com:443 "POST /beta/b67d722d-aa8a-4777-a169-ebeb7a6a3b67/datasets/520ae51f-637f-4efd-96be-dad192e05be4/rows?key=xOihNIQCsJUKPN0QCs93Ni3JCw0ULxfuul7LXbsyqDrprXUnu6NFehkGrhbxvnfxt9SZs3lQDqLdQjBstxp13g%3D%3D HTTP/1.1" 429 104
2021-12-29 18:05:26,226 - DEBUG - Starting new HTTPS connection (1): finnhub.io:443
2021-12-29 18:05:26,368 - DEBUG - https://finnhub.io:443 "GET /api/v1/stock/price-target?&token=c71nnkaad3ieuiu4d000&symbol=AEP HTTP/1.1" 200 None
2021-12-29 18:05:26,372 - DEBUG - Starting new HTTPS connection (1): api.powerbi.com:443
2021-12-29 18:05:26,475 - DEBUG - https://api.powerbi.com:443 "POST /beta/b67d722d-aa8a-4777-a169-ebeb7a6a3b67/datasets/520ae51f-637f-4efd-96be-dad192e05be4/rows?key=xOihNIQCsJUKPN0QCs93Ni3JCw0ULxfuul7LXbsyqDrprXUnu6NFehkGrhbxvnfxt9SZs3lQDqLdQjBstxp13g%3D%3D HTTP/1.1" 429 104
2021-12-29 18:05:26,478 - DEBUG - Starting new HTTPS connection (1): finnhub.io:443
2021-12-29 18:05:26,644 - DEBUG - https://finnhub.io:443 "GET /api/v1/stock/price-target?&token=c71nnkaad3ieuiu4d000&symbol=ATO HTTP/1.1" 200 None
2021-12-29 18:05:26,649 - DEBUG - Starting new HTTPS connection (1): api.powerbi.com:443
2021-12-29 18:05:26,750 - DEBUG - https://api.powerbi.com:443 "POST /beta/b67d722d-aa8a-4777-a169-ebeb7a6a3b67/datasets/520ae51f-637f-4efd-96be-dad192e05be4/rows?key=xOihNIQCsJUKPN0QCs93Ni3JCw0ULxfuul7LXbsyqDrprXUnu6NFehkGrhbxvnfxt9SZs3lQDqLdQjBstxp13g%3D%3D HTTP/1.1" 429 104
2021-12-29 18:05:26,755 - DEBUG - Starting new HTTPS connection (1): finnhub.io:443
2021-12-29 18:05:26,869 - DEBUG - https://finnhub.io:443 "GET /api/v1/stock/price-target?&token=c71nnkaad3ieuiu4d000&symbol=UMBF HTTP/1.1" 200 None
2021-12-29 18:05:26,874 - DEBUG - Starting new HTTPS connection (1): api.powerbi.com:443
2021-12-29 18:05:26,958 - DEBUG - https://api.powerbi.com:443 "POST /beta/b67d722d-aa8a-4777-a169-ebeb7a6a3b67/datasets/520ae51f-637f-4efd-96be-dad192e05be4/rows?key=xOihNIQCsJUKPN0QCs93Ni3JCw0ULxfuul7LXbsyqDrprXUnu6NFehkGrhbxvnfxt9SZs3lQDqLdQjBstxp13g%3D%3D HTTP/1.1" 429 104
2021-12-29 18:05:26,962 - DEBUG - Starting new HTTPS connection (1): finnhub.io:443
2021-12-29 18:05:27,109 - DEBUG - https://finnhub.io:443 "GET /api/v1/stock/price-target?&token=c71nnkaad3ieuiu4d000&symbol=SSTI HTTP/1.1" 200 None
2021-12-29 18:05:27,113 - DEBUG - Starting new HTTPS connection (1): api.powerbi.com:443
2021-12-29 18:05:27,228 - DEBUG - https://api.powerbi.com:443 "POST /beta/b67d722d-aa8a-4777-a169-ebeb7a6a3b67/datasets/520ae51f-637f-4efd-96be-dad192e05be4/rows?key=xOihNIQCsJUKPN0QCs93Ni3JCw0ULxfuul7LXbsyqDrprXUnu6NFehkGrhbxvnfxt9SZs3lQDqLdQjBstxp13g%3D%3D HTTP/1.1" 429 104
2021-12-29 18:05:27,231 - DEBUG - Starting new HTTPS connection (1): finnhub.io:443
2021-12-29 18:05:27,406 - DEBUG - https://finnhub.io:443 "GET /api/v1/stock/price-target?&token=c71nnkaad3ieuiu4d000&symbol=MU HTTP/1.1" 200 None
2021-12-29 18:05:27,414 - DEBUG - Starting new HTTPS connection (1): api.powerbi.com:443
2021-12-29 18:05:27,508 - DEBUG - https://api.powerbi.com:443 "POST /beta/b67d722d-aa8a-4777-a169-ebeb7a6a3b67/datasets/520ae51f-637f-4efd-96be-dad192e05be4/rows?key=xOihNIQCsJUKPN0QCs93Ni3JCw0ULxfuul7LXbsyqDrprXUnu6NFehkGrhbxvnfxt9SZs3lQDqLdQjBstxp13g%3D%3D HTTP/1.1" 429 104
2021-12-29 18:05:27,514 - DEBUG - Starting new HTTPS connection (1): finnhub.io:443
2021-12-29 18:05:27,662 - DEBUG - https://finnhub.io:443 "GET /api/v1/stock/price-target?&token=c71nnkaad3ieuiu4d000&symbol=BSX HTTP/1.1" 200 None
2021-12-29 18:05:27,668 - DEBUG - Starting new HTTPS connection (1): api.powerbi.com:443
2021-12-29 18:05:27,816 - DEBUG - https://api.powerbi.com:443 "POST /beta/b67d722d-aa8a-4777-a169-ebeb7a6a3b67/datasets/520ae51f-637f-4efd-96be-dad192e05be4/rows?key=xOihNIQCsJUKPN0QCs93Ni3JCw0ULxfuul7LXbsyqDrprXUnu6NFehkGrhbxvnfxt9SZs3lQDqLdQjBstxp13g%3D%3D HTTP/1.1" 429 104
2021-12-29 18:05:27,821 - DEBUG - Starting new HTTPS connection (1): finnhub.io:443
2021-12-29 18:05:27,970 - DEBUG - https://finnhub.io:443 "GET /api/v1/stock/price-target?&token=c71nnkaad3ieuiu4d000&symbol=MDT HTTP/1.1" 200 None
2021-12-29 18:05:27,974 - DEBUG - Starting new HTTPS connection (1): api.powerbi.com:443
2021-12-29 18:05:28,078 - DEBUG - https://api.powerbi.com:443 "POST /beta/b67d722d-aa8a-4777-a169-ebeb7a6a3b67/datasets/520ae51f-637f-4efd-96be-dad192e05be4/rows?key=xOihNIQCsJUKPN0QCs93Ni3JCw0ULxfuul7LXbsyqDrprXUnu6NFehkGrhbxvnfxt9SZs3lQDqLdQjBstxp13g%3D%3D HTTP/1.1" 429 104
2021-12-29 18:05:28,081 - DEBUG - Starting new HTTPS connection (1): finnhub.io:443
2021-12-29 18:05:28,247 - DEBUG - https://finnhub.io:443 "GET /api/v1/stock/price-target?&token=c71nnkaad3ieuiu4d000&symbol=NVRO HTTP/1.1" 200 None
2021-12-29 18:05:28,251 - DEBUG - Starting new HTTPS connection (1): api.powerbi.com:443
2021-12-29 18:05:28,337 - DEBUG - https://api.powerbi.com:443 "POST /beta/b67d722d-aa8a-4777-a169-ebeb7a6a3b67/datasets/520ae51f-637f-4efd-96be-dad192e05be4/rows?key=xOihNIQCsJUKPN0QCs93Ni3JCw0ULxfuul7LXbsyqDrprXUnu6NFehkGrhbxvnfxt9SZs3lQDqLdQjBstxp13g%3D%3D HTTP/1.1" 429 104
2021-12-29 18:05:28,340 - DEBUG - Starting new HTTPS connection (1): finnhub.io:443
2021-12-29 18:05:28,477 - DEBUG - https://finnhub.io:443 "GET /api/v1/stock/price-target?&token=c71nnkaad3ieuiu4d000&symbol=AJG HTTP/1.1" 200 None
2021-12-29 18:05:28,481 - DEBUG - Starting new HTTPS connection (1): api.powerbi.com:443
2021-12-29 18:05:28,579 - DEBUG - https://api.powerbi.com:443 "POST /beta/b67d722d-aa8a-4777-a169-ebeb7a6a3b67/datasets/520ae51f-637f-4efd-96be-dad192e05be4/rows?key=xOihNIQCsJUKPN0QCs93Ni3JCw0ULxfuul7LXbsyqDrprXUnu6NFehkGrhbxvnfxt9SZs3lQDqLdQjBstxp13g%3D%3D HTTP/1.1" 429 104
2021-12-29 18:05:28,583 - DEBUG - Starting new HTTPS connection (1): finnhub.io:443
2021-12-29 18:05:28,722 - DEBUG - https://finnhub.io:443 "GET /api/v1/stock/price-target?&token=c71nnkaad3ieuiu4d000&symbol=NKE HTTP/1.1" 200 None
2021-12-29 18:05:28,726 - DEBUG - Starting new HTTPS connection (1): api.powerbi.com:443
2021-12-29 18:05:28,814 - DEBUG - https://api.powerbi.com:443 "POST /beta/b67d722d-aa8a-4777-a169-ebeb7a6a3b67/datasets/520ae51f-637f-4efd-96be-dad192e05be4/rows?key=xOihNIQCsJUKPN0QCs93Ni3JCw0ULxfuul7LXbsyqDrprXUnu6NFehkGrhbxvnfxt9SZs3lQDqLdQjBstxp13g%3D%3D HTTP/1.1" 429 104
2021-12-29 18:05:28,818 - DEBUG - Starting new HTTPS connection (1): finnhub.io:443
2021-12-29 18:05:28,946 - DEBUG - https://finnhub.io:443 "GET /api/v1/stock/price-target?&token=c71nnkaad3ieuiu4d000&symbol=NUVA HTTP/1.1" 200 None
2021-12-29 18:05:28,950 - DEBUG - Starting new HTTPS connection (1): api.powerbi.com:443
2021-12-29 18:05:29,044 - DEBUG - https://api.powerbi.com:443 "POST /beta/b67d722d-aa8a-4777-a169-ebeb7a6a3b67/datasets/520ae51f-637f-4efd-96be-dad192e05be4/rows?key=xOihNIQCsJUKPN0QCs93Ni3JCw0ULxfuul7LXbsyqDrprXUnu6NFehkGrhbxvnfxt9SZs3lQDqLdQjBstxp13g%3D%3D HTTP/1.1" 429 104
2021-12-29 18:05:29,049 - DEBUG - Starting new HTTPS connection (1): finnhub.io:443
2021-12-29 18:05:29,193 - DEBUG - https://finnhub.io:443 "GET /api/v1/stock/price-target?&token=c71nnkaad3ieuiu4d000&symbol=BRO HTTP/1.1" 200 None
2021-12-29 18:05:29,198 - DEBUG - Starting new HTTPS connection (1): api.powerbi.com:443
2021-12-29 18:05:29,306 - DEBUG - https://api.powerbi.com:443 "POST /beta/b67d722d-aa8a-4777-a169-ebeb7a6a3b67/datasets/520ae51f-637f-4efd-96be-dad192e05be4/rows?key=xOihNIQCsJUKPN0QCs93Ni3JCw0ULxfuul7LXbsyqDrprXUnu6NFehkGrhbxvnfxt9SZs3lQDqLdQjBstxp13g%3D%3D HTTP/1.1" 429 104
2021-12-29 18:05:29,309 - DEBUG - Starting new HTTPS connection (1): finnhub.io:443
2021-12-29 18:05:29,435 - DEBUG - https://finnhub.io:443 "GET /api/v1/stock/price-target?&token=c71nnkaad3ieuiu4d000&symbol=KIDS HTTP/1.1" 200 None
2021-12-29 18:05:29,438 - DEBUG - Starting new HTTPS connection (1): api.powerbi.com:443
2021-12-29 18:05:29,523 - DEBUG - https://api.powerbi.com:443 "POST /beta/b67d722d-aa8a-4777-a169-ebeb7a6a3b67/datasets/520ae51f-637f-4efd-96be-dad192e05be4/rows?key=xOihNIQCsJUKPN0QCs93Ni3JCw0ULxfuul7LXbsyqDrprXUnu6NFehkGrhbxvnfxt9SZs3lQDqLdQjBstxp13g%3D%3D HTTP/1.1" 429 104
2021-12-29 18:05:29,526 - DEBUG - Starting new HTTPS connection (1): finnhub.io:443
2021-12-29 18:05:29,641 - DEBUG - https://finnhub.io:443 "GET /api/v1/stock/price-target?&token=c71nnkaad3ieuiu4d000&symbol=MU HTTP/1.1" 200 None
2021-12-29 18:05:29,647 - DEBUG - Starting new HTTPS connection (1): api.powerbi.com:443
2021-12-29 18:05:29,744 - DEBUG - https://api.powerbi.com:443 "POST /beta/b67d722d-aa8a-4777-a169-ebeb7a6a3b67/datasets/520ae51f-637f-4efd-96be-dad192e05be4/rows?key=xOihNIQCsJUKPN0QCs93Ni3JCw0ULxfuul7LXbsyqDrprXUnu6NFehkGrhbxvnfxt9SZs3lQDqLdQjBstxp13g%3D%3D HTTP/1.1" 429 104
2021-12-29 18:05:29,749 - DEBUG - Starting new HTTPS connection (1): finnhub.io:443
2021-12-29 18:05:29,867 - DEBUG - https://finnhub.io:443 "GET /api/v1/stock/price-target?&token=c71nnkaad3ieuiu4d000&symbol=MXL HTTP/1.1" 200 None
2021-12-29 18:05:29,871 - DEBUG - Starting new HTTPS connection (1): api.powerbi.com:443
2021-12-29 18:05:29,984 - DEBUG - https://api.powerbi.com:443 "POST /beta/b67d722d-aa8a-4777-a169-ebeb7a6a3b67/datasets/520ae51f-637f-4efd-96be-dad192e05be4/rows?key=xOihNIQCsJUKPN0QCs93Ni3JCw0ULxfuul7LXbsyqDrprXUnu6NFehkGrhbxvnfxt9SZs3lQDqLdQjBstxp13g%3D%3D HTTP/1.1" 429 104
2021-12-29 18:05:29,988 - DEBUG - Starting new HTTPS connection (1): finnhub.io:443
2021-12-29 18:05:30,128 - DEBUG - https://finnhub.io:443 "GET /api/v1/stock/price-target?&token=c71nnkaad3ieuiu4d000&symbol=MTZ HTTP/1.1" 200 None
2021-12-29 18:05:30,132 - DEBUG - Starting new HTTPS connection (1): api.powerbi.com:443
2021-12-29 18:05:30,230 - DEBUG - https://api.powerbi.com:443 "POST /beta/b67d722d-aa8a-4777-a169-ebeb7a6a3b67/datasets/520ae51f-637f-4efd-96be-dad192e05be4/rows?key=xOihNIQCsJUKPN0QCs93Ni3JCw0ULxfuul7LXbsyqDrprXUnu6NFehkGrhbxvnfxt9SZs3lQDqLdQjBstxp13g%3D%3D HTTP/1.1" 429 104
2021-12-29 18:05:30,234 - DEBUG - Starting new HTTPS connection (1): finnhub.io:443
2021-12-29 18:05:30,383 - DEBUG - https://finnhub.io:443 "GET /api/v1/stock/price-target?&token=c71nnkaad3ieuiu4d000&symbol=REVG HTTP/1.1" 200 None
2021-12-29 18:05:30,387 - DEBUG - Starting new HTTPS connection (1): api.powerbi.com:443
2021-12-29 18:05:30,489 - DEBUG - https://api.powerbi.com:443 "POST /beta/b67d722d-aa8a-4777-a169-ebeb7a6a3b67/datasets/520ae51f-637f-4efd-96be-dad192e05be4/rows?key=xOihNIQCsJUKPN0QCs93Ni3JCw0ULxfuul7LXbsyqDrprXUnu6NFehkGrhbxvnfxt9SZs3lQDqLdQjBstxp13g%3D%3D HTTP/1.1" 429 104
2021-12-29 18:05:30,493 - DEBUG - Starting new HTTPS connection (1): finnhub.io:443
2021-12-29 18:05:30,612 - DEBUG - https://finnhub.io:443 "GET /api/v1/stock/price-target?&token=c71nnkaad3ieuiu4d000&symbol=SLAB HTTP/1.1" 200 None
2021-12-29 18:05:30,615 - DEBUG - Starting new HTTPS connection (1): api.powerbi.com:443
2021-12-29 18:05:30,702 - DEBUG - https://api.powerbi.com:443 "POST /beta/b67d722d-aa8a-4777-a169-ebeb7a6a3b67/datasets/520ae51f-637f-4efd-96be-dad192e05be4/rows?key=xOihNIQCsJUKPN0QCs93Ni3JCw0ULxfuul7LXbsyqDrprXUnu6NFehkGrhbxvnfxt9SZs3lQDqLdQjBstxp13g%3D%3D HTTP/1.1" 429 104
2021-12-29 18:05:30,704 - DEBUG - Starting new HTTPS connection (1): finnhub.io:443
2021-12-29 18:05:30,829 - DEBUG - https://finnhub.io:443 "GET /api/v1/stock/price-target?&token=c71nnkaad3ieuiu4d000&symbol=ACAD HTTP/1.1" 200 None
2021-12-29 18:05:30,832 - DEBUG - Starting new HTTPS connection (1): api.powerbi.com:443
2021-12-29 18:05:30,923 - DEBUG - https://api.powerbi.com:443 "POST /beta/b67d722d-aa8a-4777-a169-ebeb7a6a3b67/datasets/520ae51f-637f-4efd-96be-dad192e05be4/rows?key=xOihNIQCsJUKPN0QCs93Ni3JCw0ULxfuul7LXbsyqDrprXUnu6NFehkGrhbxvnfxt9SZs3lQDqLdQjBstxp13g%3D%3D HTTP/1.1" 429 104
2021-12-29 18:05:30,926 - DEBUG - Starting new HTTPS connection (1): finnhub.io:443
2021-12-29 18:05:31,048 - DEBUG - https://finnhub.io:443 "GET /api/v1/stock/price-target?&token=c71nnkaad3ieuiu4d000&symbol=AMGN HTTP/1.1" 200 None
2021-12-29 18:05:31,052 - DEBUG - Starting new HTTPS connection (1): api.powerbi.com:443
2021-12-29 18:05:31,155 - DEBUG - https://api.powerbi.com:443 "POST /beta/b67d722d-aa8a-4777-a169-ebeb7a6a3b67/datasets/520ae51f-637f-4efd-96be-dad192e05be4/rows?key=xOihNIQCsJUKPN0QCs93Ni3JCw0ULxfuul7LXbsyqDrprXUnu6NFehkGrhbxvnfxt9SZs3lQDqLdQjBstxp13g%3D%3D HTTP/1.1" 429 104
2021-12-29 18:05:31,158 - DEBUG - Starting new HTTPS connection (1): finnhub.io:443
2021-12-29 18:05:31,282 - DEBUG - https://finnhub.io:443 "GET /api/v1/stock/price-target?&token=c71nnkaad3ieuiu4d000&symbol=ITCI HTTP/1.1" 200 None
2021-12-29 18:05:31,285 - DEBUG - Starting new HTTPS connection (1): api.powerbi.com:443
2021-12-29 18:05:31,366 - DEBUG - https://api.powerbi.com:443 "POST /beta/b67d722d-aa8a-4777-a169-ebeb7a6a3b67/datasets/520ae51f-637f-4efd-96be-dad192e05be4/rows?key=xOihNIQCsJUKPN0QCs93Ni3JCw0ULxfuul7LXbsyqDrprXUnu6NFehkGrhbxvnfxt9SZs3lQDqLdQjBstxp13g%3D%3D HTTP/1.1" 429 104
2021-12-29 18:05:31,369 - DEBUG - Starting new HTTPS connection (1): finnhub.io:443
2021-12-29 18:05:31,511 - DEBUG - https://finnhub.io:443 "GET /api/v1/stock/price-target?&token=c71nnkaad3ieuiu4d000&symbol=ON HTTP/1.1" 200 None
2021-12-29 18:05:31,515 - DEBUG - Starting new HTTPS connection (1): api.powerbi.com:443
2021-12-29 18:05:31,618 - DEBUG - https://api.powerbi.com:443 "POST /beta/b67d722d-aa8a-4777-a169-ebeb7a6a3b67/datasets/520ae51f-637f-4efd-96be-dad192e05be4/rows?key=xOihNIQCsJUKPN0QCs93Ni3JCw0ULxfuul7LXbsyqDrprXUnu6NFehkGrhbxvnfxt9SZs3lQDqLdQjBstxp13g%3D%3D HTTP/1.1" 429 104
2021-12-29 18:05:31,622 - DEBUG - Starting new HTTPS connection (1): finnhub.io:443
2021-12-29 18:05:31,793 - DEBUG - https://finnhub.io:443 "GET /api/v1/stock/price-target?&token=c71nnkaad3ieuiu4d000&symbol=LRCX HTTP/1.1" 200 None
2021-12-29 18:05:31,796 - DEBUG - Starting new HTTPS connection (1): api.powerbi.com:443
2021-12-29 18:05:31,900 - DEBUG - https://api.powerbi.com:443 "POST /beta/b67d722d-aa8a-4777-a169-ebeb7a6a3b67/datasets/520ae51f-637f-4efd-96be-dad192e05be4/rows?key=xOihNIQCsJUKPN0QCs93Ni3JCw0ULxfuul7LXbsyqDrprXUnu6NFehkGrhbxvnfxt9SZs3lQDqLdQjBstxp13g%3D%3D HTTP/1.1" 429 104
2021-12-29 18:05:31,903 - DEBUG - Starting new HTTPS connection (1): finnhub.io:443
2021-12-29 18:05:32,045 - DEBUG - https://finnhub.io:443 "GET /api/v1/stock/price-target?&token=c71nnkaad3ieuiu4d000&symbol=ACAD HTTP/1.1" 200 None
2021-12-29 18:05:32,049 - DEBUG - Starting new HTTPS connection (1): api.powerbi.com:443
2021-12-29 18:05:32,137 - DEBUG - https://api.powerbi.com:443 "POST /beta/b67d722d-aa8a-4777-a169-ebeb7a6a3b67/datasets/520ae51f-637f-4efd-96be-dad192e05be4/rows?key=xOihNIQCsJUKPN0QCs93Ni3JCw0ULxfuul7LXbsyqDrprXUnu6NFehkGrhbxvnfxt9SZs3lQDqLdQjBstxp13g%3D%3D HTTP/1.1" 429 104
2021-12-29 18:05:32,140 - DEBUG - Starting new HTTPS connection (1): finnhub.io:443
2021-12-29 18:05:32,267 - DEBUG - https://finnhub.io:443 "GET /api/v1/stock/price-target?&token=c71nnkaad3ieuiu4d000&symbol=ARGX HTTP/1.1" 200 None
2021-12-29 18:05:32,270 - DEBUG - Starting new HTTPS connection (1): api.powerbi.com:443
2021-12-29 18:05:32,369 - DEBUG - https://api.powerbi.com:443 "POST /beta/b67d722d-aa8a-4777-a169-ebeb7a6a3b67/datasets/520ae51f-637f-4efd-96be-dad192e05be4/rows?key=xOihNIQCsJUKPN0QCs93Ni3JCw0ULxfuul7LXbsyqDrprXUnu6NFehkGrhbxvnfxt9SZs3lQDqLdQjBstxp13g%3D%3D HTTP/1.1" 429 104
2021-12-29 18:05:32,372 - DEBUG - Starting new HTTPS connection (1): finnhub.io:443
2021-12-29 18:05:32,507 - DEBUG - https://finnhub.io:443 "GET /api/v1/stock/price-target?&token=c71nnkaad3ieuiu4d000&symbol=BRZE HTTP/1.1" 200 None
2021-12-29 18:05:32,510 - DEBUG - Starting new HTTPS connection (1): api.powerbi.com:443
2021-12-29 18:05:32,594 - DEBUG - https://api.powerbi.com:443 "POST /beta/b67d722d-aa8a-4777-a169-ebeb7a6a3b67/datasets/520ae51f-637f-4efd-96be-dad192e05be4/rows?key=xOihNIQCsJUKPN0QCs93Ni3JCw0ULxfuul7LXbsyqDrprXUnu6NFehkGrhbxvnfxt9SZs3lQDqLdQjBstxp13g%3D%3D HTTP/1.1" 429 104
2021-12-29 18:05:32,597 - DEBUG - Starting new HTTPS connection (1): finnhub.io:443
2021-12-29 18:05:32,731 - DEBUG - https://finnhub.io:443 "GET /api/v1/stock/price-target?&token=c71nnkaad3ieuiu4d000&symbol=DBVT HTTP/1.1" 200 None
2021-12-29 18:05:32,734 - DEBUG - Starting new HTTPS connection (1): api.powerbi.com:443
2021-12-29 18:05:32,838 - DEBUG - https://api.powerbi.com:443 "POST /beta/b67d722d-aa8a-4777-a169-ebeb7a6a3b67/datasets/520ae51f-637f-4efd-96be-dad192e05be4/rows?key=xOihNIQCsJUKPN0QCs93Ni3JCw0ULxfuul7LXbsyqDrprXUnu6NFehkGrhbxvnfxt9SZs3lQDqLdQjBstxp13g%3D%3D HTTP/1.1" 429 104
2021-12-29 18:05:32,842 - DEBUG - Starting new HTTPS connection (1): finnhub.io:443
2021-12-29 18:05:32,958 - DEBUG - https://finnhub.io:443 "GET /api/v1/stock/price-target?&token=c71nnkaad3ieuiu4d000&symbol=MU HTTP/1.1" 200 None
2021-12-29 18:05:32,961 - DEBUG - Starting new HTTPS connection (1): api.powerbi.com:443
2021-12-29 18:05:33,066 - DEBUG - https://api.powerbi.com:443 "POST /beta/b67d722d-aa8a-4777-a169-ebeb7a6a3b67/datasets/520ae51f-637f-4efd-96be-dad192e05be4/rows?key=xOihNIQCsJUKPN0QCs93Ni3JCw0ULxfuul7LXbsyqDrprXUnu6NFehkGrhbxvnfxt9SZs3lQDqLdQjBstxp13g%3D%3D HTTP/1.1" 429 104
2021-12-29 18:05:33,071 - DEBUG - Starting new HTTPS connection (1): finnhub.io:443
2021-12-29 18:05:33,216 - DEBUG - https://finnhub.io:443 "GET /api/v1/stock/price-target?&token=c71nnkaad3ieuiu4d000&symbol=AMED HTTP/1.1" 200 None
2021-12-29 18:05:33,219 - DEBUG - Starting new HTTPS connection (1): api.powerbi.com:443
2021-12-29 18:05:33,321 - DEBUG - https://api.powerbi.com:443 "POST /beta/b67d722d-aa8a-4777-a169-ebeb7a6a3b67/datasets/520ae51f-637f-4efd-96be-dad192e05be4/rows?key=xOihNIQCsJUKPN0QCs93Ni3JCw0ULxfuul7LXbsyqDrprXUnu6NFehkGrhbxvnfxt9SZs3lQDqLdQjBstxp13g%3D%3D HTTP/1.1" 429 104
2021-12-29 18:05:33,324 - DEBUG - Starting new HTTPS connection (1): finnhub.io:443
2021-12-29 18:05:33,468 - DEBUG - https://finnhub.io:443 "GET /api/v1/stock/price-target?&token=c71nnkaad3ieuiu4d000&symbol=THC HTTP/1.1" 200 None
2021-12-29 18:05:33,471 - DEBUG - Starting new HTTPS connection (1): api.powerbi.com:443
2021-12-29 18:05:33,565 - DEBUG - https://api.powerbi.com:443 "POST /beta/b67d722d-aa8a-4777-a169-ebeb7a6a3b67/datasets/520ae51f-637f-4efd-96be-dad192e05be4/rows?key=xOihNIQCsJUKPN0QCs93Ni3JCw0ULxfuul7LXbsyqDrprXUnu6NFehkGrhbxvnfxt9SZs3lQDqLdQjBstxp13g%3D%3D HTTP/1.1" 429 104
2021-12-29 18:05:33,575 - DEBUG - Starting new HTTPS connection (1): finnhub.io:443
2021-12-29 18:05:33,745 - DEBUG - https://finnhub.io:443 "GET /api/v1/stock/price-target?&token=c71nnkaad3ieuiu4d000&symbol=BIIB HTTP/1.1" 200 None
2021-12-29 18:05:33,749 - DEBUG - Starting new HTTPS connection (1): api.powerbi.com:443
2021-12-29 18:05:33,850 - DEBUG - https://api.powerbi.com:443 "POST /beta/b67d722d-aa8a-4777-a169-ebeb7a6a3b67/datasets/520ae51f-637f-4efd-96be-dad192e05be4/rows?key=xOihNIQCsJUKPN0QCs93Ni3JCw0ULxfuul7LXbsyqDrprXUnu6NFehkGrhbxvnfxt9SZs3lQDqLdQjBstxp13g%3D%3D HTTP/1.1" 429 104
2021-12-29 18:05:33,854 - DEBUG - Starting new HTTPS connection (1): finnhub.io:443
2021-12-29 18:05:34,016 - DEBUG - https://finnhub.io:443 "GET /api/v1/stock/price-target?&token=c71nnkaad3ieuiu4d000&symbol=UHS HTTP/1.1" 200 None
2021-12-29 18:05:34,019 - DEBUG - Starting new HTTPS connection (1): api.powerbi.com:443
2021-12-29 18:05:34,111 - DEBUG - https://api.powerbi.com:443 "POST /beta/b67d722d-aa8a-4777-a169-ebeb7a6a3b67/datasets/520ae51f-637f-4efd-96be-dad192e05be4/rows?key=xOihNIQCsJUKPN0QCs93Ni3JCw0ULxfuul7LXbsyqDrprXUnu6NFehkGrhbxvnfxt9SZs3lQDqLdQjBstxp13g%3D%3D HTTP/1.1" 429 104
2021-12-29 18:05:34,114 - DEBUG - Starting new HTTPS connection (1): finnhub.io:443
2021-12-29 18:05:34,256 - DEBUG - https://finnhub.io:443 "GET /api/v1/stock/price-target?&token=c71nnkaad3ieuiu4d000&symbol=CCL HTTP/1.1" 200 None
2021-12-29 18:05:34,259 - DEBUG - Starting new HTTPS connection (1): api.powerbi.com:443
2021-12-29 18:05:34,343 - DEBUG - https://api.powerbi.com:443 "POST /beta/b67d722d-aa8a-4777-a169-ebeb7a6a3b67/datasets/520ae51f-637f-4efd-96be-dad192e05be4/rows?key=xOihNIQCsJUKPN0QCs93Ni3JCw0ULxfuul7LXbsyqDrprXUnu6NFehkGrhbxvnfxt9SZs3lQDqLdQjBstxp13g%3D%3D HTTP/1.1" 429 104
2021-12-29 18:05:34,346 - DEBUG - Starting new HTTPS connection (1): finnhub.io:443
2021-12-29 18:05:34,462 - DEBUG - https://finnhub.io:443 "GET /api/v1/stock/price-target?&token=c71nnkaad3ieuiu4d000&symbol=CDNS HTTP/1.1" 200 None
2021-12-29 18:05:34,466 - DEBUG - Starting new HTTPS connection (1): api.powerbi.com:443
2021-12-29 18:05:34,558 - DEBUG - https://api.powerbi.com:443 "POST /beta/b67d722d-aa8a-4777-a169-ebeb7a6a3b67/datasets/520ae51f-637f-4efd-96be-dad192e05be4/rows?key=xOihNIQCsJUKPN0QCs93Ni3JCw0ULxfuul7LXbsyqDrprXUnu6NFehkGrhbxvnfxt9SZs3lQDqLdQjBstxp13g%3D%3D HTTP/1.1" 429 104
2021-12-29 18:05:34,561 - DEBUG - Starting new HTTPS connection (1): finnhub.io:443
2021-12-29 18:05:34,698 - DEBUG - https://finnhub.io:443 "GET /api/v1/stock/price-target?&token=c71nnkaad3ieuiu4d000&symbol=CERN HTTP/1.1" 200 None
2021-12-29 18:05:34,701 - DEBUG - Starting new HTTPS connection (1): api.powerbi.com:443
2021-12-29 18:05:34,788 - DEBUG - https://api.powerbi.com:443 "POST /beta/b67d722d-aa8a-4777-a169-ebeb7a6a3b67/datasets/520ae51f-637f-4efd-96be-dad192e05be4/rows?key=xOihNIQCsJUKPN0QCs93Ni3JCw0ULxfuul7LXbsyqDrprXUnu6NFehkGrhbxvnfxt9SZs3lQDqLdQjBstxp13g%3D%3D HTTP/1.1" 429 104
2021-12-29 18:05:34,792 - DEBUG - Starting new HTTPS connection (1): finnhub.io:443
2021-12-29 18:05:34,924 - DEBUG - https://finnhub.io:443 "GET /api/v1/stock/price-target?&token=c71nnkaad3ieuiu4d000&symbol=MU HTTP/1.1" 200 None
2021-12-29 18:05:34,927 - DEBUG - Starting new HTTPS connection (1): api.powerbi.com:443
2021-12-29 18:05:35,020 - DEBUG - https://api.powerbi.com:443 "POST /beta/b67d722d-aa8a-4777-a169-ebeb7a6a3b67/datasets/520ae51f-637f-4efd-96be-dad192e05be4/rows?key=xOihNIQCsJUKPN0QCs93Ni3JCw0ULxfuul7LXbsyqDrprXUnu6NFehkGrhbxvnfxt9SZs3lQDqLdQjBstxp13g%3D%3D HTTP/1.1" 429 104
2021-12-29 18:05:35,023 - DEBUG - Starting new HTTPS connection (1): finnhub.io:443
2021-12-29 18:05:35,157 - DEBUG - https://finnhub.io:443 "GET /api/v1/stock/price-target?&token=c71nnkaad3ieuiu4d000&symbol=ACAD HTTP/1.1" 200 None
2021-12-29 18:05:35,161 - DEBUG - Starting new HTTPS connection (1): api.powerbi.com:443
2021-12-29 18:05:35,252 - DEBUG - https://api.powerbi.com:443 "POST /beta/b67d722d-aa8a-4777-a169-ebeb7a6a3b67/datasets/520ae51f-637f-4efd-96be-dad192e05be4/rows?key=xOihNIQCsJUKPN0QCs93Ni3JCw0ULxfuul7LXbsyqDrprXUnu6NFehkGrhbxvnfxt9SZs3lQDqLdQjBstxp13g%3D%3D HTTP/1.1" 429 104
2021-12-29 18:05:35,255 - DEBUG - Starting new HTTPS connection (1): finnhub.io:443
2021-12-29 18:05:35,402 - DEBUG - https://finnhub.io:443 "GET /api/v1/stock/price-target?&token=c71nnkaad3ieuiu4d000&symbol=ABCL HTTP/1.1" 200 None
2021-12-29 18:05:35,405 - DEBUG - Starting new HTTPS connection (1): api.powerbi.com:443
2021-12-29 18:05:35,506 - DEBUG - https://api.powerbi.com:443 "POST /beta/b67d722d-aa8a-4777-a169-ebeb7a6a3b67/datasets/520ae51f-637f-4efd-96be-dad192e05be4/rows?key=xOihNIQCsJUKPN0QCs93Ni3JCw0ULxfuul7LXbsyqDrprXUnu6NFehkGrhbxvnfxt9SZs3lQDqLdQjBstxp13g%3D%3D HTTP/1.1" 429 104
2021-12-29 18:05:35,510 - DEBUG - Starting new HTTPS connection (1): finnhub.io:443
2021-12-29 18:05:35,629 - DEBUG - https://finnhub.io:443 "GET /api/v1/stock/price-target?&token=c71nnkaad3ieuiu4d000&symbol=KLAC HTTP/1.1" 200 None
2021-12-29 18:05:35,634 - DEBUG - Starting new HTTPS connection (1): api.powerbi.com:443
2021-12-29 18:05:35,719 - DEBUG - https://api.powerbi.com:443 "POST /beta/b67d722d-aa8a-4777-a169-ebeb7a6a3b67/datasets/520ae51f-637f-4efd-96be-dad192e05be4/rows?key=xOihNIQCsJUKPN0QCs93Ni3JCw0ULxfuul7LXbsyqDrprXUnu6NFehkGrhbxvnfxt9SZs3lQDqLdQjBstxp13g%3D%3D HTTP/1.1" 429 104
2021-12-29 18:05:35,723 - DEBUG - Starting new HTTPS connection (1): finnhub.io:443
2021-12-29 18:05:35,849 - DEBUG - https://finnhub.io:443 "GET /api/v1/stock/price-target?&token=c71nnkaad3ieuiu4d000&symbol=DCGO HTTP/1.1" 200 None
2021-12-29 18:05:35,852 - DEBUG - Starting new HTTPS connection (1): api.powerbi.com:443
2021-12-29 18:05:35,954 - DEBUG - https://api.powerbi.com:443 "POST /beta/b67d722d-aa8a-4777-a169-ebeb7a6a3b67/datasets/520ae51f-637f-4efd-96be-dad192e05be4/rows?key=xOihNIQCsJUKPN0QCs93Ni3JCw0ULxfuul7LXbsyqDrprXUnu6NFehkGrhbxvnfxt9SZs3lQDqLdQjBstxp13g%3D%3D HTTP/1.1" 429 104
2021-12-29 18:05:35,957 - DEBUG - Starting new HTTPS connection (1): finnhub.io:443
2021-12-29 18:05:36,094 - DEBUG - https://finnhub.io:443 "GET /api/v1/stock/price-target?&token=c71nnkaad3ieuiu4d000&symbol=LEU HTTP/1.1" 200 None
2021-12-29 18:05:36,097 - DEBUG - Starting new HTTPS connection (1): api.powerbi.com:443
2021-12-29 18:05:36,192 - DEBUG - https://api.powerbi.com:443 "POST /beta/b67d722d-aa8a-4777-a169-ebeb7a6a3b67/datasets/520ae51f-637f-4efd-96be-dad192e05be4/rows?key=xOihNIQCsJUKPN0QCs93Ni3JCw0ULxfuul7LXbsyqDrprXUnu6NFehkGrhbxvnfxt9SZs3lQDqLdQjBstxp13g%3D%3D HTTP/1.1" 429 104
2021-12-29 18:05:36,195 - DEBUG - Starting new HTTPS connection (1): finnhub.io:443
2021-12-29 18:05:36,330 - DEBUG - https://finnhub.io:443 "GET /api/v1/stock/price-target?&token=c71nnkaad3ieuiu4d000&symbol=VIR HTTP/1.1" 200 None
2021-12-29 18:05:36,333 - DEBUG - Starting new HTTPS connection (1): api.powerbi.com:443
2021-12-29 18:05:36,424 - DEBUG - https://api.powerbi.com:443 "POST /beta/b67d722d-aa8a-4777-a169-ebeb7a6a3b67/datasets/520ae51f-637f-4efd-96be-dad192e05be4/rows?key=xOihNIQCsJUKPN0QCs93Ni3JCw0ULxfuul7LXbsyqDrprXUnu6NFehkGrhbxvnfxt9SZs3lQDqLdQjBstxp13g%3D%3D HTTP/1.1" 429 104
2021-12-29 18:05:36,427 - DEBUG - Starting new HTTPS connection (1): finnhub.io:443
2021-12-29 18:05:36,556 - DEBUG - https://finnhub.io:443 "GET /api/v1/stock/price-target?&token=c71nnkaad3ieuiu4d000&symbol=BOOT HTTP/1.1" 200 None
2021-12-29 18:05:36,560 - DEBUG - Starting new HTTPS connection (1): api.powerbi.com:443
2021-12-29 18:05:36,635 - DEBUG - https://api.powerbi.com:443 "POST /beta/b67d722d-aa8a-4777-a169-ebeb7a6a3b67/datasets/520ae51f-637f-4efd-96be-dad192e05be4/rows?key=xOihNIQCsJUKPN0QCs93Ni3JCw0ULxfuul7LXbsyqDrprXUnu6NFehkGrhbxvnfxt9SZs3lQDqLdQjBstxp13g%3D%3D HTTP/1.1" 429 104
2021-12-29 18:05:36,639 - DEBUG - Starting new HTTPS connection (1): finnhub.io:443
2021-12-29 18:05:36,806 - DEBUG - https://finnhub.io:443 "GET /api/v1/stock/price-target?&token=c71nnkaad3ieuiu4d000&symbol=LOCL HTTP/1.1" 200 None
2021-12-29 18:05:36,810 - DEBUG - Starting new HTTPS connection (1): api.powerbi.com:443
2021-12-29 18:05:36,896 - DEBUG - https://api.powerbi.com:443 "POST /beta/b67d722d-aa8a-4777-a169-ebeb7a6a3b67/datasets/520ae51f-637f-4efd-96be-dad192e05be4/rows?key=xOihNIQCsJUKPN0QCs93Ni3JCw0ULxfuul7LXbsyqDrprXUnu6NFehkGrhbxvnfxt9SZs3lQDqLdQjBstxp13g%3D%3D HTTP/1.1" 429 104
2021-12-29 18:05:36,900 - DEBUG - Starting new HTTPS connection (1): finnhub.io:443
2021-12-29 18:05:37,066 - DEBUG - https://finnhub.io:443 "GET /api/v1/stock/price-target?&token=c71nnkaad3ieuiu4d000&symbol=HIPO HTTP/1.1" 200 None
2021-12-29 18:05:37,069 - DEBUG - Starting new HTTPS connection (1): api.powerbi.com:443
2021-12-29 18:05:37,173 - DEBUG - https://api.powerbi.com:443 "POST /beta/b67d722d-aa8a-4777-a169-ebeb7a6a3b67/datasets/520ae51f-637f-4efd-96be-dad192e05be4/rows?key=xOihNIQCsJUKPN0QCs93Ni3JCw0ULxfuul7LXbsyqDrprXUnu6NFehkGrhbxvnfxt9SZs3lQDqLdQjBstxp13g%3D%3D HTTP/1.1" 429 104
2021-12-29 18:05:37,176 - DEBUG - Starting new HTTPS connection (1): finnhub.io:443
2021-12-29 18:05:37,299 - DEBUG - https://finnhub.io:443 "GET /api/v1/stock/price-target?&token=c71nnkaad3ieuiu4d000&symbol=TOMZ HTTP/1.1" 200 None
2021-12-29 18:05:37,303 - DEBUG - Starting new HTTPS connection (1): api.powerbi.com:443
2021-12-29 18:05:37,401 - DEBUG - https://api.powerbi.com:443 "POST /beta/b67d722d-aa8a-4777-a169-ebeb7a6a3b67/datasets/520ae51f-637f-4efd-96be-dad192e05be4/rows?key=xOihNIQCsJUKPN0QCs93Ni3JCw0ULxfuul7LXbsyqDrprXUnu6NFehkGrhbxvnfxt9SZs3lQDqLdQjBstxp13g%3D%3D HTTP/1.1" 429 104
2021-12-29 18:05:37,405 - DEBUG - Starting new HTTPS connection (1): finnhub.io:443
2021-12-29 18:05:37,538 - DEBUG - https://finnhub.io:443 "GET /api/v1/stock/price-target?&token=c71nnkaad3ieuiu4d000&symbol=BABA HTTP/1.1" 200 None
2021-12-29 18:05:37,541 - DEBUG - Starting new HTTPS connection (1): api.powerbi.com:443
2021-12-29 18:05:37,627 - DEBUG - https://api.powerbi.com:443 "POST /beta/b67d722d-aa8a-4777-a169-ebeb7a6a3b67/datasets/520ae51f-637f-4efd-96be-dad192e05be4/rows?key=xOihNIQCsJUKPN0QCs93Ni3JCw0ULxfuul7LXbsyqDrprXUnu6NFehkGrhbxvnfxt9SZs3lQDqLdQjBstxp13g%3D%3D HTTP/1.1" 429 104
2021-12-29 18:05:37,630 - DEBUG - Starting new HTTPS connection (1): finnhub.io:443
2021-12-29 18:05:37,756 - DEBUG - https://finnhub.io:443 "GET /api/v1/stock/price-target?&token=c71nnkaad3ieuiu4d000&symbol=VIR HTTP/1.1" 200 None
2021-12-29 18:05:37,759 - DEBUG - Starting new HTTPS connection (1): api.powerbi.com:443
2021-12-29 18:05:37,866 - DEBUG - https://api.powerbi.com:443 "POST /beta/b67d722d-aa8a-4777-a169-ebeb7a6a3b67/datasets/520ae51f-637f-4efd-96be-dad192e05be4/rows?key=xOihNIQCsJUKPN0QCs93Ni3JCw0ULxfuul7LXbsyqDrprXUnu6NFehkGrhbxvnfxt9SZs3lQDqLdQjBstxp13g%3D%3D HTTP/1.1" 429 104
2021-12-29 18:05:37,869 - DEBUG - Starting new HTTPS connection (1): finnhub.io:443
2021-12-29 18:05:38,015 - DEBUG - https://finnhub.io:443 "GET /api/v1/stock/price-target?&token=c71nnkaad3ieuiu4d000&symbol=TARS HTTP/1.1" 200 None
2021-12-29 18:05:38,018 - DEBUG - Starting new HTTPS connection (1): api.powerbi.com:443
2021-12-29 18:05:38,118 - DEBUG - https://api.powerbi.com:443 "POST /beta/b67d722d-aa8a-4777-a169-ebeb7a6a3b67/datasets/520ae51f-637f-4efd-96be-dad192e05be4/rows?key=xOihNIQCsJUKPN0QCs93Ni3JCw0ULxfuul7LXbsyqDrprXUnu6NFehkGrhbxvnfxt9SZs3lQDqLdQjBstxp13g%3D%3D HTTP/1.1" 429 104
2021-12-29 18:05:38,121 - DEBUG - Starting new HTTPS connection (1): finnhub.io:443
2021-12-29 18:05:38,272 - DEBUG - https://finnhub.io:443 "GET /api/v1/stock/price-target?&token=c71nnkaad3ieuiu4d000&symbol=RPHM HTTP/1.1" 200 None
2021-12-29 18:05:38,276 - DEBUG - Starting new HTTPS connection (1): api.powerbi.com:443
2021-12-29 18:05:38,377 - DEBUG - https://api.powerbi.com:443 "POST /beta/b67d722d-aa8a-4777-a169-ebeb7a6a3b67/datasets/520ae51f-637f-4efd-96be-dad192e05be4/rows?key=xOihNIQCsJUKPN0QCs93Ni3JCw0ULxfuul7LXbsyqDrprXUnu6NFehkGrhbxvnfxt9SZs3lQDqLdQjBstxp13g%3D%3D HTTP/1.1" 429 104
2021-12-29 18:05:38,380 - DEBUG - Starting new HTTPS connection (1): finnhub.io:443
2021-12-29 18:05:38,502 - DEBUG - https://finnhub.io:443 "GET /api/v1/stock/price-target?&token=c71nnkaad3ieuiu4d000&symbol=DBVT HTTP/1.1" 200 None
2021-12-29 18:05:38,511 - DEBUG - Starting new HTTPS connection (1): api.powerbi.com:443
2021-12-29 18:05:38,610 - DEBUG - https://api.powerbi.com:443 "POST /beta/b67d722d-aa8a-4777-a169-ebeb7a6a3b67/datasets/520ae51f-637f-4efd-96be-dad192e05be4/rows?key=xOihNIQCsJUKPN0QCs93Ni3JCw0ULxfuul7LXbsyqDrprXUnu6NFehkGrhbxvnfxt9SZs3lQDqLdQjBstxp13g%3D%3D HTTP/1.1" 429 104
2021-12-29 18:05:38,614 - DEBUG - Starting new HTTPS connection (1): finnhub.io:443
2021-12-29 18:05:38,747 - DEBUG - https://finnhub.io:443 "GET /api/v1/stock/price-target?&token=c71nnkaad3ieuiu4d000&symbol=BNTX HTTP/1.1" 200 None
2021-12-29 18:05:38,751 - DEBUG - Starting new HTTPS connection (1): api.powerbi.com:443
2021-12-29 18:05:38,857 - DEBUG - https://api.powerbi.com:443 "POST /beta/b67d722d-aa8a-4777-a169-ebeb7a6a3b67/datasets/520ae51f-637f-4efd-96be-dad192e05be4/rows?key=xOihNIQCsJUKPN0QCs93Ni3JCw0ULxfuul7LXbsyqDrprXUnu6NFehkGrhbxvnfxt9SZs3lQDqLdQjBstxp13g%3D%3D HTTP/1.1" 429 104
2021-12-29 18:05:38,862 - DEBUG - Starting new HTTPS connection (1): finnhub.io:443
2021-12-29 18:05:39,017 - DEBUG - https://finnhub.io:443 "GET /api/v1/stock/price-target?&token=c71nnkaad3ieuiu4d000&symbol=MU HTTP/1.1" 200 None
2021-12-29 18:05:39,022 - DEBUG - Starting new HTTPS connection (1): api.powerbi.com:443
2021-12-29 18:05:39,127 - DEBUG - https://api.powerbi.com:443 "POST /beta/b67d722d-aa8a-4777-a169-ebeb7a6a3b67/datasets/520ae51f-637f-4efd-96be-dad192e05be4/rows?key=xOihNIQCsJUKPN0QCs93Ni3JCw0ULxfuul7LXbsyqDrprXUnu6NFehkGrhbxvnfxt9SZs3lQDqLdQjBstxp13g%3D%3D HTTP/1.1" 429 104
2021-12-29 18:05:39,130 - DEBUG - Starting new HTTPS connection (1): finnhub.io:443
2021-12-29 18:05:39,257 - DEBUG - https://finnhub.io:443 "GET /api/v1/stock/price-target?&token=c71nnkaad3ieuiu4d000&symbol=LEGN HTTP/1.1" 200 None
2021-12-29 18:05:39,261 - DEBUG - Starting new HTTPS connection (1): api.powerbi.com:443
2021-12-29 18:05:39,353 - DEBUG - https://api.powerbi.com:443 "POST /beta/b67d722d-aa8a-4777-a169-ebeb7a6a3b67/datasets/520ae51f-637f-4efd-96be-dad192e05be4/rows?key=xOihNIQCsJUKPN0QCs93Ni3JCw0ULxfuul7LXbsyqDrprXUnu6NFehkGrhbxvnfxt9SZs3lQDqLdQjBstxp13g%3D%3D HTTP/1.1" 429 104
2021-12-29 18:05:39,357 - DEBUG - Starting new HTTPS connection (1): finnhub.io:443
2021-12-29 18:05:39,504 - DEBUG - https://finnhub.io:443 "GET /api/v1/stock/price-target?&token=c71nnkaad3ieuiu4d000&symbol=MKFG HTTP/1.1" 200 None
2021-12-29 18:05:39,508 - DEBUG - Starting new HTTPS connection (1): api.powerbi.com:443
2021-12-29 18:05:39,602 - DEBUG - https://api.powerbi.com:443 "POST /beta/b67d722d-aa8a-4777-a169-ebeb7a6a3b67/datasets/520ae51f-637f-4efd-96be-dad192e05be4/rows?key=xOihNIQCsJUKPN0QCs93Ni3JCw0ULxfuul7LXbsyqDrprXUnu6NFehkGrhbxvnfxt9SZs3lQDqLdQjBstxp13g%3D%3D HTTP/1.1" 429 104
2021-12-29 18:05:39,605 - DEBUG - Starting new HTTPS connection (1): finnhub.io:443
2021-12-29 18:05:39,745 - DEBUG - https://finnhub.io:443 "GET /api/v1/stock/price-target?&token=c71nnkaad3ieuiu4d000&symbol=NVVE HTTP/1.1" 200 None
2021-12-29 18:05:39,749 - DEBUG - Starting new HTTPS connection (1): api.powerbi.com:443
2021-12-29 18:05:39,853 - DEBUG - https://api.powerbi.com:443 "POST /beta/b67d722d-aa8a-4777-a169-ebeb7a6a3b67/datasets/520ae51f-637f-4efd-96be-dad192e05be4/rows?key=xOihNIQCsJUKPN0QCs93Ni3JCw0ULxfuul7LXbsyqDrprXUnu6NFehkGrhbxvnfxt9SZs3lQDqLdQjBstxp13g%3D%3D HTTP/1.1" 429 104
2021-12-29 18:05:39,856 - DEBUG - Starting new HTTPS connection (1): finnhub.io:443
2021-12-29 18:05:40,021 - DEBUG - https://finnhub.io:443 "GET /api/v1/stock/price-target?&token=c71nnkaad3ieuiu4d000&symbol=MQ HTTP/1.1" 200 None
2021-12-29 18:05:40,025 - DEBUG - Starting new HTTPS connection (1): api.powerbi.com:443
2021-12-29 18:05:40,117 - DEBUG - https://api.powerbi.com:443 "POST /beta/b67d722d-aa8a-4777-a169-ebeb7a6a3b67/datasets/520ae51f-637f-4efd-96be-dad192e05be4/rows?key=xOihNIQCsJUKPN0QCs93Ni3JCw0ULxfuul7LXbsyqDrprXUnu6NFehkGrhbxvnfxt9SZs3lQDqLdQjBstxp13g%3D%3D HTTP/1.1" 429 104
2021-12-29 18:05:40,120 - DEBUG - Starting new HTTPS connection (1): finnhub.io:443
2021-12-29 18:05:40,252 - DEBUG - https://finnhub.io:443 "GET /api/v1/stock/price-target?&token=c71nnkaad3ieuiu4d000&symbol=PTEN HTTP/1.1" 200 None
2021-12-29 18:05:40,255 - DEBUG - Starting new HTTPS connection (1): api.powerbi.com:443
2021-12-29 18:05:40,344 - DEBUG - https://api.powerbi.com:443 "POST /beta/b67d722d-aa8a-4777-a169-ebeb7a6a3b67/datasets/520ae51f-637f-4efd-96be-dad192e05be4/rows?key=xOihNIQCsJUKPN0QCs93Ni3JCw0ULxfuul7LXbsyqDrprXUnu6NFehkGrhbxvnfxt9SZs3lQDqLdQjBstxp13g%3D%3D HTTP/1.1" 429 104
2021-12-29 18:05:40,347 - DEBUG - Starting new HTTPS connection (1): finnhub.io:443
2021-12-29 18:05:40,489 - DEBUG - https://finnhub.io:443 "GET /api/v1/stock/price-target?&token=c71nnkaad3ieuiu4d000&symbol=ALDX HTTP/1.1" 200 None
2021-12-29 18:05:40,492 - DEBUG - Starting new HTTPS connection (1): api.powerbi.com:443
2021-12-29 18:05:40,577 - DEBUG - https://api.powerbi.com:443 "POST /beta/b67d722d-aa8a-4777-a169-ebeb7a6a3b67/datasets/520ae51f-637f-4efd-96be-dad192e05be4/rows?key=xOihNIQCsJUKPN0QCs93Ni3JCw0ULxfuul7LXbsyqDrprXUnu6NFehkGrhbxvnfxt9SZs3lQDqLdQjBstxp13g%3D%3D HTTP/1.1" 429 104
2021-12-29 18:05:40,581 - DEBUG - Starting new HTTPS connection (1): finnhub.io:443
2021-12-29 18:05:40,714 - DEBUG - https://finnhub.io:443 "GET /api/v1/stock/price-target?&token=c71nnkaad3ieuiu4d000&symbol=DRI HTTP/1.1" 200 None
2021-12-29 18:05:40,717 - DEBUG - Starting new HTTPS connection (1): api.powerbi.com:443
2021-12-29 18:05:40,798 - DEBUG - https://api.powerbi.com:443 "POST /beta/b67d722d-aa8a-4777-a169-ebeb7a6a3b67/datasets/520ae51f-637f-4efd-96be-dad192e05be4/rows?key=xOihNIQCsJUKPN0QCs93Ni3JCw0ULxfuul7LXbsyqDrprXUnu6NFehkGrhbxvnfxt9SZs3lQDqLdQjBstxp13g%3D%3D HTTP/1.1" 429 104
2021-12-29 18:05:40,801 - DEBUG - Starting new HTTPS connection (1): finnhub.io:443
2021-12-29 18:05:40,943 - DEBUG - https://finnhub.io:443 "GET /api/v1/stock/price-target?&token=c71nnkaad3ieuiu4d000&symbol=APTO HTTP/1.1" 200 None
2021-12-29 18:05:40,947 - DEBUG - Starting new HTTPS connection (1): api.powerbi.com:443
2021-12-29 18:05:41,042 - DEBUG - https://api.powerbi.com:443 "POST /beta/b67d722d-aa8a-4777-a169-ebeb7a6a3b67/datasets/520ae51f-637f-4efd-96be-dad192e05be4/rows?key=xOihNIQCsJUKPN0QCs93Ni3JCw0ULxfuul7LXbsyqDrprXUnu6NFehkGrhbxvnfxt9SZs3lQDqLdQjBstxp13g%3D%3D HTTP/1.1" 429 104
2021-12-29 18:05:41,045 - DEBUG - Starting new HTTPS connection (1): finnhub.io:443
2021-12-29 18:05:41,205 - DEBUG - https://finnhub.io:443 "GET /api/v1/stock/price-target?&token=c71nnkaad3ieuiu4d000&symbol=BRG HTTP/1.1" 200 None
2021-12-29 18:05:41,223 - DEBUG - Starting new HTTPS connection (1): api.powerbi.com:443
2021-12-29 18:05:41,323 - DEBUG - https://api.powerbi.com:443 "POST /beta/b67d722d-aa8a-4777-a169-ebeb7a6a3b67/datasets/520ae51f-637f-4efd-96be-dad192e05be4/rows?key=xOihNIQCsJUKPN0QCs93Ni3JCw0ULxfuul7LXbsyqDrprXUnu6NFehkGrhbxvnfxt9SZs3lQDqLdQjBstxp13g%3D%3D HTTP/1.1" 429 104
2021-12-29 18:05:41,328 - DEBUG - Starting new HTTPS connection (1): finnhub.io:443
2021-12-29 18:05:41,481 - DEBUG - https://finnhub.io:443 "GET /api/v1/stock/price-target?&token=c71nnkaad3ieuiu4d000&symbol=HRI HTTP/1.1" 200 None
2021-12-29 18:05:41,485 - DEBUG - Starting new HTTPS connection (1): api.powerbi.com:443
2021-12-29 18:05:41,586 - DEBUG - https://api.powerbi.com:443 "POST /beta/b67d722d-aa8a-4777-a169-ebeb7a6a3b67/datasets/520ae51f-637f-4efd-96be-dad192e05be4/rows?key=xOihNIQCsJUKPN0QCs93Ni3JCw0ULxfuul7LXbsyqDrprXUnu6NFehkGrhbxvnfxt9SZs3lQDqLdQjBstxp13g%3D%3D HTTP/1.1" 429 104
2021-12-29 18:05:41,590 - DEBUG - Starting new HTTPS connection (1): finnhub.io:443
2021-12-29 18:05:41,734 - DEBUG - https://finnhub.io:443 "GET /api/v1/stock/price-target?&token=c71nnkaad3ieuiu4d000&symbol=URI HTTP/1.1" 200 None
2021-12-29 18:05:41,740 - DEBUG - Starting new HTTPS connection (1): api.powerbi.com:443
2021-12-29 18:05:41,839 - DEBUG - https://api.powerbi.com:443 "POST /beta/b67d722d-aa8a-4777-a169-ebeb7a6a3b67/datasets/520ae51f-637f-4efd-96be-dad192e05be4/rows?key=xOihNIQCsJUKPN0QCs93Ni3JCw0ULxfuul7LXbsyqDrprXUnu6NFehkGrhbxvnfxt9SZs3lQDqLdQjBstxp13g%3D%3D HTTP/1.1" 429 104
2021-12-29 18:05:41,844 - DEBUG - Starting new HTTPS connection (1): finnhub.io:443
2021-12-29 18:05:41,978 - DEBUG - https://finnhub.io:443 "GET /api/v1/stock/price-target?&token=c71nnkaad3ieuiu4d000&symbol=HCA HTTP/1.1" 200 None
2021-12-29 18:05:41,981 - DEBUG - Starting new HTTPS connection (1): api.powerbi.com:443
2021-12-29 18:05:42,075 - DEBUG - https://api.powerbi.com:443 "POST /beta/b67d722d-aa8a-4777-a169-ebeb7a6a3b67/datasets/520ae51f-637f-4efd-96be-dad192e05be4/rows?key=xOihNIQCsJUKPN0QCs93Ni3JCw0ULxfuul7LXbsyqDrprXUnu6NFehkGrhbxvnfxt9SZs3lQDqLdQjBstxp13g%3D%3D HTTP/1.1" 429 104
2021-12-29 18:05:42,079 - DEBUG - Starting new HTTPS connection (1): finnhub.io:443
2021-12-29 18:05:42,207 - DEBUG - https://finnhub.io:443 "GET /api/v1/stock/price-target?&token=c71nnkaad3ieuiu4d000&symbol=CI HTTP/1.1" 200 None
2021-12-29 18:05:42,211 - DEBUG - Starting new HTTPS connection (1): api.powerbi.com:443
2021-12-29 18:05:42,307 - DEBUG - https://api.powerbi.com:443 "POST /beta/b67d722d-aa8a-4777-a169-ebeb7a6a3b67/datasets/520ae51f-637f-4efd-96be-dad192e05be4/rows?key=xOihNIQCsJUKPN0QCs93Ni3JCw0ULxfuul7LXbsyqDrprXUnu6NFehkGrhbxvnfxt9SZs3lQDqLdQjBstxp13g%3D%3D HTTP/1.1" 429 104
2021-12-29 18:05:42,311 - DEBUG - Starting new HTTPS connection (1): finnhub.io:443
2021-12-29 18:05:42,439 - DEBUG - https://finnhub.io:443 "GET /api/v1/stock/price-target?&token=c71nnkaad3ieuiu4d000&symbol=ARNA HTTP/1.1" 200 None
2021-12-29 18:05:42,444 - DEBUG - Starting new HTTPS connection (1): api.powerbi.com:443
2021-12-29 18:05:42,540 - DEBUG - https://api.powerbi.com:443 "POST /beta/b67d722d-aa8a-4777-a169-ebeb7a6a3b67/datasets/520ae51f-637f-4efd-96be-dad192e05be4/rows?key=xOihNIQCsJUKPN0QCs93Ni3JCw0ULxfuul7LXbsyqDrprXUnu6NFehkGrhbxvnfxt9SZs3lQDqLdQjBstxp13g%3D%3D HTTP/1.1" 429 104
2021-12-29 18:05:42,543 - DEBUG - Starting new HTTPS connection (1): finnhub.io:443
2021-12-29 18:05:42,671 - DEBUG - https://finnhub.io:443 "GET /api/v1/stock/price-target?&token=c71nnkaad3ieuiu4d000&symbol=ORCL HTTP/1.1" 200 None
2021-12-29 18:05:42,677 - DEBUG - Starting new HTTPS connection (1): api.powerbi.com:443
2021-12-29 18:05:42,783 - DEBUG - https://api.powerbi.com:443 "POST /beta/b67d722d-aa8a-4777-a169-ebeb7a6a3b67/datasets/520ae51f-637f-4efd-96be-dad192e05be4/rows?key=xOihNIQCsJUKPN0QCs93Ni3JCw0ULxfuul7LXbsyqDrprXUnu6NFehkGrhbxvnfxt9SZs3lQDqLdQjBstxp13g%3D%3D HTTP/1.1" 429 104
2021-12-29 18:05:42,788 - DEBUG - Starting new HTTPS connection (1): finnhub.io:443
2021-12-29 18:05:42,939 - DEBUG - https://finnhub.io:443 "GET /api/v1/stock/price-target?&token=c71nnkaad3ieuiu4d000&symbol=RMD HTTP/1.1" 200 None
2021-12-29 18:05:42,944 - DEBUG - Starting new HTTPS connection (1): api.powerbi.com:443
2021-12-29 18:05:43,035 - DEBUG - https://api.powerbi.com:443 "POST /beta/b67d722d-aa8a-4777-a169-ebeb7a6a3b67/datasets/520ae51f-637f-4efd-96be-dad192e05be4/rows?key=xOihNIQCsJUKPN0QCs93Ni3JCw0ULxfuul7LXbsyqDrprXUnu6NFehkGrhbxvnfxt9SZs3lQDqLdQjBstxp13g%3D%3D HTTP/1.1" 429 104
2021-12-29 18:05:43,040 - DEBUG - Starting new HTTPS connection (1): finnhub.io:443
2021-12-29 18:05:43,185 - DEBUG - https://finnhub.io:443 "GET /api/v1/stock/price-target?&token=c71nnkaad3ieuiu4d000&symbol=ABM HTTP/1.1" 200 None
2021-12-29 18:05:43,190 - DEBUG - Starting new HTTPS connection (1): api.powerbi.com:443
2021-12-29 18:05:43,288 - DEBUG - https://api.powerbi.com:443 "POST /beta/b67d722d-aa8a-4777-a169-ebeb7a6a3b67/datasets/520ae51f-637f-4efd-96be-dad192e05be4/rows?key=xOihNIQCsJUKPN0QCs93Ni3JCw0ULxfuul7LXbsyqDrprXUnu6NFehkGrhbxvnfxt9SZs3lQDqLdQjBstxp13g%3D%3D HTTP/1.1" 429 104
2021-12-29 18:05:43,292 - DEBUG - Starting new HTTPS connection (1): finnhub.io:443
2021-12-29 18:05:43,454 - DEBUG - https://finnhub.io:443 "GET /api/v1/stock/price-target?&token=c71nnkaad3ieuiu4d000&symbol=ATI HTTP/1.1" 200 None
2021-12-29 18:05:43,459 - DEBUG - Starting new HTTPS connection (1): api.powerbi.com:443
2021-12-29 18:05:43,563 - DEBUG - https://api.powerbi.com:443 "POST /beta/b67d722d-aa8a-4777-a169-ebeb7a6a3b67/datasets/520ae51f-637f-4efd-96be-dad192e05be4/rows?key=xOihNIQCsJUKPN0QCs93Ni3JCw0ULxfuul7LXbsyqDrprXUnu6NFehkGrhbxvnfxt9SZs3lQDqLdQjBstxp13g%3D%3D HTTP/1.1" 429 104
2021-12-29 18:05:43,568 - DEBUG - Starting new HTTPS connection (1): finnhub.io:443
2021-12-29 18:05:43,732 - DEBUG - https://finnhub.io:443 "GET /api/v1/stock/price-target?&token=c71nnkaad3ieuiu4d000&symbol=HWM HTTP/1.1" 200 None
2021-12-29 18:05:43,738 - DEBUG - Starting new HTTPS connection (1): api.powerbi.com:443
2021-12-29 18:05:43,847 - DEBUG - https://api.powerbi.com:443 "POST /beta/b67d722d-aa8a-4777-a169-ebeb7a6a3b67/datasets/520ae51f-637f-4efd-96be-dad192e05be4/rows?key=xOihNIQCsJUKPN0QCs93Ni3JCw0ULxfuul7LXbsyqDrprXUnu6NFehkGrhbxvnfxt9SZs3lQDqLdQjBstxp13g%3D%3D HTTP/1.1" 429 104
2021-12-29 18:05:43,852 - DEBUG - Starting new HTTPS connection (1): finnhub.io:443
2021-12-29 18:05:43,996 - DEBUG - https://finnhub.io:443 "GET /api/v1/stock/price-target?&token=c71nnkaad3ieuiu4d000&symbol=LEN HTTP/1.1" 200 None
2021-12-29 18:05:44,000 - DEBUG - Starting new HTTPS connection (1): api.powerbi.com:443
2021-12-29 18:05:44,102 - DEBUG - https://api.powerbi.com:443 "POST /beta/b67d722d-aa8a-4777-a169-ebeb7a6a3b67/datasets/520ae51f-637f-4efd-96be-dad192e05be4/rows?key=xOihNIQCsJUKPN0QCs93Ni3JCw0ULxfuul7LXbsyqDrprXUnu6NFehkGrhbxvnfxt9SZs3lQDqLdQjBstxp13g%3D%3D HTTP/1.1" 429 104
2021-12-29 18:05:44,106 - DEBUG - Starting new HTTPS connection (1): finnhub.io:443
2021-12-29 18:05:44,274 - DEBUG - https://finnhub.io:443 "GET /api/v1/stock/price-target?&token=c71nnkaad3ieuiu4d000&symbol=CYTK HTTP/1.1" 200 None
2021-12-29 18:05:44,279 - DEBUG - Starting new HTTPS connection (1): api.powerbi.com:443
2021-12-29 18:05:44,365 - DEBUG - https://api.powerbi.com:443 "POST /beta/b67d722d-aa8a-4777-a169-ebeb7a6a3b67/datasets/520ae51f-637f-4efd-96be-dad192e05be4/rows?key=xOihNIQCsJUKPN0QCs93Ni3JCw0ULxfuul7LXbsyqDrprXUnu6NFehkGrhbxvnfxt9SZs3lQDqLdQjBstxp13g%3D%3D HTTP/1.1" 429 104
2021-12-29 18:05:44,370 - DEBUG - Starting new HTTPS connection (1): finnhub.io:443
2021-12-29 18:05:44,525 - DEBUG - https://finnhub.io:443 "GET /api/v1/stock/price-target?&token=c71nnkaad3ieuiu4d000&symbol=CERN HTTP/1.1" 200 None
2021-12-29 18:05:44,530 - DEBUG - Starting new HTTPS connection (1): api.powerbi.com:443
2021-12-29 18:05:44,615 - DEBUG - https://api.powerbi.com:443 "POST /beta/b67d722d-aa8a-4777-a169-ebeb7a6a3b67/datasets/520ae51f-637f-4efd-96be-dad192e05be4/rows?key=xOihNIQCsJUKPN0QCs93Ni3JCw0ULxfuul7LXbsyqDrprXUnu6NFehkGrhbxvnfxt9SZs3lQDqLdQjBstxp13g%3D%3D HTTP/1.1" 429 104
2021-12-29 18:05:44,619 - DEBUG - Starting new HTTPS connection (1): finnhub.io:443
2021-12-29 18:05:44,749 - DEBUG - https://finnhub.io:443 "GET /api/v1/stock/price-target?&token=c71nnkaad3ieuiu4d000&symbol=GBT HTTP/1.1" 200 None
2021-12-29 18:05:44,754 - DEBUG - Starting new HTTPS connection (1): api.powerbi.com:443
2021-12-29 18:05:44,865 - DEBUG - https://api.powerbi.com:443 "POST /beta/b67d722d-aa8a-4777-a169-ebeb7a6a3b67/datasets/520ae51f-637f-4efd-96be-dad192e05be4/rows?key=xOihNIQCsJUKPN0QCs93Ni3JCw0ULxfuul7LXbsyqDrprXUnu6NFehkGrhbxvnfxt9SZs3lQDqLdQjBstxp13g%3D%3D HTTP/1.1" 429 104
2021-12-29 18:12:10,303 - DEBUG - Starting new HTTPS connection (1): finnhub.io:443
2021-12-29 18:12:10,507 - DEBUG - https://finnhub.io:443 "GET /api/v1/stock/upgrade-downgrade?&token=c71nnkaad3ieuiu4d000 HTTP/1.1" 200 None
2021-12-29 18:12:10,541 - DEBUG - Starting new HTTPS connection (1): finnhub.io:443
2021-12-29 18:12:10,682 - DEBUG - https://finnhub.io:443 "GET /api/v1/stock/upgrade-downgrade?&token=c71nnkaad3ieuiu4d000 HTTP/1.1" 200 None
2021-12-29 18:12:10,719 - DEBUG - Starting new HTTPS connection (1): finnhub.io:443
2021-12-29 18:12:10,912 - DEBUG - https://finnhub.io:443 "GET /api/v1/stock/price-target?&token=c71nnkaad3ieuiu4d000&symbol=ALRM HTTP/1.1" 200 None
2021-12-29 18:12:10,918 - DEBUG - Starting new HTTPS connection (1): finnhub.io:443
2021-12-29 18:12:11,050 - DEBUG - https://finnhub.io:443 "GET /api/v1/stock/quote?&token=c71nnkaad3ieuiu4d000&symbol=ALRM HTTP/1.1" 302 None
2021-12-29 18:12:11,118 - DEBUG - https://finnhub.io:443 "GET / HTTP/1.1" 200 None
2021-12-29 18:13:10,507 - DEBUG - Starting new HTTPS connection (1): finnhub.io:443
2021-12-29 18:13:10,648 - DEBUG - https://finnhub.io:443 "GET /api/v1/stock/upgrade-downgrade?&token=c71nnkaad3ieuiu4d000 HTTP/1.1" 200 None
2021-12-29 18:13:10,675 - DEBUG - Starting new HTTPS connection (1): finnhub.io:443
2021-12-29 18:13:10,838 - DEBUG - https://finnhub.io:443 "GET /api/v1/stock/upgrade-downgrade?&token=c71nnkaad3ieuiu4d000 HTTP/1.1" 200 None
2021-12-29 18:13:10,876 - DEBUG - Starting new HTTPS connection (1): finnhub.io:443
2021-12-29 18:13:11,037 - DEBUG - https://finnhub.io:443 "GET /api/v1/stock/price-target?&token=c71nnkaad3ieuiu4d000&symbol=ALRM HTTP/1.1" 200 None
2021-12-29 18:13:11,041 - DEBUG - Starting new HTTPS connection (1): finnhub.io:443
2021-12-29 18:13:11,173 - DEBUG - https://finnhub.io:443 "GET /api/v1/stock/quote?&token=c71nnkaad3ieuiu4d000&symbol=ALRM HTTP/1.1" 302 None
2021-12-29 18:13:11,238 - DEBUG - https://finnhub.io:443 "GET / HTTP/1.1" 200 None
2021-12-29 18:18:02,880 - DEBUG - Starting new HTTPS connection (1): finnhub.io:443
2021-12-29 18:18:03,077 - DEBUG - https://finnhub.io:443 "GET /api/v1/stock/upgrade-downgrade?&token=c71nnkaad3ieuiu4d000 HTTP/1.1" 200 None
2021-12-29 18:18:03,113 - DEBUG - Starting new HTTPS connection (1): finnhub.io:443
2021-12-29 18:18:03,287 - DEBUG - https://finnhub.io:443 "GET /api/v1/stock/upgrade-downgrade?&token=c71nnkaad3ieuiu4d000 HTTP/1.1" 200 None
2021-12-29 18:18:03,319 - DEBUG - Starting new HTTPS connection (1): finnhub.io:443
2021-12-29 18:18:04,037 - DEBUG - https://finnhub.io:443 "GET /api/v1/stock/price-target?&token=c71nnkaad3ieuiu4d000&symbol=ALRM HTTP/1.1" 200 None
2021-12-29 18:18:04,042 - DEBUG - Starting new HTTPS connection (1): finnhub.io:443
2021-12-29 18:18:04,165 - DEBUG - https://finnhub.io:443 "GET /api/v1/stock/quote?&token=c71nnkaad3ieuiu4d000&symbol=ALRM HTTP/1.1" 302 None
2021-12-29 18:18:04,224 - DEBUG - https://finnhub.io:443 "GET / HTTP/1.1" 200 None
2021-12-29 18:22:03,465 - DEBUG - Starting new HTTPS connection (1): finnhub.io:443
2021-12-29 18:22:03,597 - DEBUG - https://finnhub.io:443 "GET /api/v1/stock/upgrade-downgrade?&token=c71nnkaad3ieuiu4d000 HTTP/1.1" 200 None
2021-12-29 18:22:03,601 - DEBUG - Starting new HTTPS connection (1): finnhub.io:443
2021-12-29 18:22:03,743 - DEBUG - https://finnhub.io:443 "GET /api/v1/stock/upgrade-downgrade?&token=c71nnkaad3ieuiu4d000 HTTP/1.1" 200 None
2021-12-29 18:22:03,777 - DEBUG - Starting new HTTPS connection (1): finnhub.io:443
2021-12-29 18:22:03,925 - DEBUG - https://finnhub.io:443 "GET /api/v1/stock/price-target?&token=c71nnkaad3ieuiu4d000&symbol=ALRM HTTP/1.1" 200 None
2021-12-29 18:22:03,931 - DEBUG - Starting new HTTPS connection (1): finnhub.io:443
2021-12-29 18:22:04,067 - DEBUG - https://finnhub.io:443 "GET /api/v1/stock/quote?token=c71nnkaad3ieuiu4d000&symbol=ALRM HTTP/1.1" 302 None
2021-12-29 18:22:04,142 - DEBUG - https://finnhub.io:443 "GET / HTTP/1.1" 200 None
2021-12-29 18:22:38,685 - DEBUG - Starting new HTTPS connection (1): finnhub.io:443
2021-12-29 18:22:38,829 - DEBUG - https://finnhub.io:443 "GET /api/v1/stock/upgrade-downgrade?&token=c71nnkaad3ieuiu4d000 HTTP/1.1" 200 None
2021-12-29 18:22:38,833 - DEBUG - Starting new HTTPS connection (1): finnhub.io:443
2021-12-29 18:22:38,963 - DEBUG - https://finnhub.io:443 "GET /api/v1/stock/upgrade-downgrade?&token=c71nnkaad3ieuiu4d000 HTTP/1.1" 200 None
2021-12-29 18:22:38,994 - DEBUG - Starting new HTTPS connection (1): finnhub.io:443
2021-12-29 18:22:39,135 - DEBUG - https://finnhub.io:443 "GET /api/v1/stock/price-target?&token=c71nnkaad3ieuiu4d000&symbol=ALRM HTTP/1.1" 200 None
2021-12-29 18:22:39,141 - DEBUG - Starting new HTTPS connection (1): finnhub.io:443
2021-12-29 18:22:39,265 - DEBUG - https://finnhub.io:443 "GET /api/v1/stock/quote?symbol=ALRM&token=c71nnkaad3ieuiu4d000 HTTP/1.1" 302 None
2021-12-29 18:22:39,324 - DEBUG - https://finnhub.io:443 "GET / HTTP/1.1" 200 None
2021-12-29 18:23:23,275 - DEBUG - Starting new HTTPS connection (1): finnhub.io:443
2021-12-29 18:23:23,468 - DEBUG - https://finnhub.io:443 "GET /api/v1/stock/upgrade-downgrade?&token=c71nnkaad3ieuiu4d000 HTTP/1.1" 200 None
2021-12-29 18:23:23,503 - DEBUG - Starting new HTTPS connection (1): finnhub.io:443
2021-12-29 18:23:23,650 - DEBUG - https://finnhub.io:443 "GET /api/v1/stock/upgrade-downgrade?&token=c71nnkaad3ieuiu4d000 HTTP/1.1" 200 None
2021-12-29 18:23:23,688 - DEBUG - Starting new HTTPS connection (1): finnhub.io:443
2021-12-29 18:23:23,834 - DEBUG - https://finnhub.io:443 "GET /api/v1/stock/price-target?&token=c71nnkaad3ieuiu4d000&symbol=ALRM HTTP/1.1" 200 None
2021-12-29 18:23:23,840 - DEBUG - Starting new HTTPS connection (1): finnhub.io:443
2021-12-29 18:23:23,980 - DEBUG - https://finnhub.io:443 "GET /api/v1/quote?symbol=ALRM&token=c71nnkaad3ieuiu4d000 HTTP/1.1" 200 None
2021-12-29 18:23:23,985 - DEBUG - Starting new HTTPS connection (1): api.powerbi.com:443
2021-12-29 18:23:24,322 - DEBUG - https://api.powerbi.com:443 "POST /beta/b67d722d-aa8a-4777-a169-ebeb7a6a3b67/datasets/520ae51f-637f-4efd-96be-dad192e05be4/rows?key=xOihNIQCsJUKPN0QCs93Ni3JCw0ULxfuul7LXbsyqDrprXUnu6NFehkGrhbxvnfxt9SZs3lQDqLdQjBstxp13g%3D%3D HTTP/1.1" 200 0
2021-12-29 18:23:24,326 - DEBUG - Starting new HTTPS connection (1): finnhub.io:443
2021-12-29 18:23:24,449 - DEBUG - https://finnhub.io:443 "GET /api/v1/stock/price-target?&token=c71nnkaad3ieuiu4d000&symbol=MPC HTTP/1.1" 200 None
2021-12-29 18:23:24,454 - DEBUG - Starting new HTTPS connection (1): finnhub.io:443
2021-12-29 18:23:24,576 - DEBUG - https://finnhub.io:443 "GET /api/v1/quote?symbol=MPC&token=c71nnkaad3ieuiu4d000 HTTP/1.1" 200 None
2021-12-29 18:23:24,581 - DEBUG - Starting new HTTPS connection (1): api.powerbi.com:443
2021-12-29 18:23:24,798 - DEBUG - https://api.powerbi.com:443 "POST /beta/b67d722d-aa8a-4777-a169-ebeb7a6a3b67/datasets/520ae51f-637f-4efd-96be-dad192e05be4/rows?key=xOihNIQCsJUKPN0QCs93Ni3JCw0ULxfuul7LXbsyqDrprXUnu6NFehkGrhbxvnfxt9SZs3lQDqLdQjBstxp13g%3D%3D HTTP/1.1" 200 0
2021-12-29 18:23:24,803 - DEBUG - Starting new HTTPS connection (1): finnhub.io:443
2021-12-29 18:23:24,966 - DEBUG - https://finnhub.io:443 "GET /api/v1/stock/price-target?&token=c71nnkaad3ieuiu4d000&symbol=PRTS HTTP/1.1" 200 None
2021-12-29 18:23:24,971 - DEBUG - Starting new HTTPS connection (1): finnhub.io:443
2021-12-29 18:23:25,099 - DEBUG - https://finnhub.io:443 "GET /api/v1/quote?symbol=PRTS&token=c71nnkaad3ieuiu4d000 HTTP/1.1" 200 None
2021-12-29 18:23:25,104 - DEBUG - Starting new HTTPS connection (1): api.powerbi.com:443
2021-12-29 18:23:25,300 - DEBUG - https://api.powerbi.com:443 "POST /beta/b67d722d-aa8a-4777-a169-ebeb7a6a3b67/datasets/520ae51f-637f-4efd-96be-dad192e05be4/rows?key=xOihNIQCsJUKPN0QCs93Ni3JCw0ULxfuul7LXbsyqDrprXUnu6NFehkGrhbxvnfxt9SZs3lQDqLdQjBstxp13g%3D%3D HTTP/1.1" 200 0
2021-12-29 18:23:25,305 - DEBUG - Starting new HTTPS connection (1): finnhub.io:443
2021-12-29 18:23:25,459 - DEBUG - https://finnhub.io:443 "GET /api/v1/stock/price-target?&token=c71nnkaad3ieuiu4d000&symbol=CSV HTTP/1.1" 200 None
2021-12-29 18:23:25,463 - DEBUG - Starting new HTTPS connection (1): finnhub.io:443
2021-12-29 18:23:25,720 - DEBUG - https://finnhub.io:443 "GET /api/v1/quote?symbol=CSV&token=c71nnkaad3ieuiu4d000 HTTP/1.1" 200 None
2021-12-29 18:23:25,726 - DEBUG - Starting new HTTPS connection (1): api.powerbi.com:443
2021-12-29 18:23:26,089 - DEBUG - https://api.powerbi.com:443 "POST /beta/b67d722d-aa8a-4777-a169-ebeb7a6a3b67/datasets/520ae51f-637f-4efd-96be-dad192e05be4/rows?key=xOihNIQCsJUKPN0QCs93Ni3JCw0ULxfuul7LXbsyqDrprXUnu6NFehkGrhbxvnfxt9SZs3lQDqLdQjBstxp13g%3D%3D HTTP/1.1" 200 0
2021-12-29 18:23:26,093 - DEBUG - Starting new HTTPS connection (1): finnhub.io:443
2021-12-29 18:23:26,224 - DEBUG - https://finnhub.io:443 "GET /api/v1/stock/price-target?&token=c71nnkaad3ieuiu4d000&symbol=ATY HTTP/1.1" 200 None
2021-12-29 18:23:26,229 - DEBUG - Starting new HTTPS connection (1): finnhub.io:443
2021-12-29 18:23:26,365 - DEBUG - https://finnhub.io:443 "GET /api/v1/quote?symbol=ATY&token=c71nnkaad3ieuiu4d000 HTTP/1.1" 200 None
2021-12-29 18:23:26,370 - DEBUG - Starting new HTTPS connection (1): api.powerbi.com:443
2021-12-29 18:23:26,545 - DEBUG - https://api.powerbi.com:443 "POST /beta/b67d722d-aa8a-4777-a169-ebeb7a6a3b67/datasets/520ae51f-637f-4efd-96be-dad192e05be4/rows?key=xOihNIQCsJUKPN0QCs93Ni3JCw0ULxfuul7LXbsyqDrprXUnu6NFehkGrhbxvnfxt9SZs3lQDqLdQjBstxp13g%3D%3D HTTP/1.1" 200 0
2021-12-29 18:23:26,549 - DEBUG - Starting new HTTPS connection (1): finnhub.io:443
2021-12-29 18:23:26,711 - DEBUG - https://finnhub.io:443 "GET /api/v1/stock/price-target?&token=c71nnkaad3ieuiu4d000&symbol=BQ HTTP/1.1" 200 None
2021-12-29 18:23:26,715 - DEBUG - Starting new HTTPS connection (1): finnhub.io:443
2021-12-29 18:23:26,848 - DEBUG - https://finnhub.io:443 "GET /api/v1/quote?symbol=BQ&token=c71nnkaad3ieuiu4d000 HTTP/1.1" 200 None
2021-12-29 18:23:26,851 - DEBUG - Starting new HTTPS connection (1): api.powerbi.com:443
2021-12-29 18:23:27,027 - DEBUG - https://api.powerbi.com:443 "POST /beta/b67d722d-aa8a-4777-a169-ebeb7a6a3b67/datasets/520ae51f-637f-4efd-96be-dad192e05be4/rows?key=xOihNIQCsJUKPN0QCs93Ni3JCw0ULxfuul7LXbsyqDrprXUnu6NFehkGrhbxvnfxt9SZs3lQDqLdQjBstxp13g%3D%3D HTTP/1.1" 200 0
2021-12-29 18:23:27,032 - DEBUG - Starting new HTTPS connection (1): finnhub.io:443
2021-12-29 18:23:27,171 - DEBUG - https://finnhub.io:443 "GET /api/v1/stock/price-target?&token=c71nnkaad3ieuiu4d000&symbol=CURI HTTP/1.1" 200 None
2021-12-29 18:23:27,175 - DEBUG - Starting new HTTPS connection (1): finnhub.io:443
2021-12-29 18:23:27,314 - DEBUG - https://finnhub.io:443 "GET /api/v1/quote?symbol=CURI&token=c71nnkaad3ieuiu4d000 HTTP/1.1" 200 None
2021-12-29 18:23:27,317 - DEBUG - Starting new HTTPS connection (1): api.powerbi.com:443
2021-12-29 18:23:27,523 - DEBUG - https://api.powerbi.com:443 "POST /beta/b67d722d-aa8a-4777-a169-ebeb7a6a3b67/datasets/520ae51f-637f-4efd-96be-dad192e05be4/rows?key=xOihNIQCsJUKPN0QCs93Ni3JCw0ULxfuul7LXbsyqDrprXUnu6NFehkGrhbxvnfxt9SZs3lQDqLdQjBstxp13g%3D%3D HTTP/1.1" 200 0
2021-12-29 18:23:27,527 - DEBUG - Starting new HTTPS connection (1): finnhub.io:443
2021-12-29 18:23:27,667 - DEBUG - https://finnhub.io:443 "GET /api/v1/stock/price-target?&token=c71nnkaad3ieuiu4d000&symbol=FUBO HTTP/1.1" 200 None
2021-12-29 18:23:27,670 - DEBUG - Starting new HTTPS connection (1): finnhub.io:443
2021-12-29 18:23:27,799 - DEBUG - https://finnhub.io:443 "GET /api/v1/quote?symbol=FUBO&token=c71nnkaad3ieuiu4d000 HTTP/1.1" 200 None
2021-12-29 18:23:27,803 - DEBUG - Starting new HTTPS connection (1): api.powerbi.com:443
2021-12-29 18:23:28,037 - DEBUG - https://api.powerbi.com:443 "POST /beta/b67d722d-aa8a-4777-a169-ebeb7a6a3b67/datasets/520ae51f-637f-4efd-96be-dad192e05be4/rows?key=xOihNIQCsJUKPN0QCs93Ni3JCw0ULxfuul7LXbsyqDrprXUnu6NFehkGrhbxvnfxt9SZs3lQDqLdQjBstxp13g%3D%3D HTTP/1.1" 200 0
2021-12-29 18:23:28,040 - DEBUG - Starting new HTTPS connection (1): finnhub.io:443
2021-12-29 18:23:28,180 - DEBUG - https://finnhub.io:443 "GET /api/v1/stock/price-target?&token=c71nnkaad3ieuiu4d000&symbol=MCHX HTTP/1.1" 200 None
2021-12-29 18:23:28,183 - DEBUG - Starting new HTTPS connection (1): finnhub.io:443
2021-12-29 18:23:28,325 - DEBUG - https://finnhub.io:443 "GET /api/v1/quote?symbol=MCHX&token=c71nnkaad3ieuiu4d000 HTTP/1.1" 200 None
2021-12-29 18:23:28,329 - DEBUG - Starting new HTTPS connection (1): api.powerbi.com:443
2021-12-29 18:23:28,536 - DEBUG - https://api.powerbi.com:443 "POST /beta/b67d722d-aa8a-4777-a169-ebeb7a6a3b67/datasets/520ae51f-637f-4efd-96be-dad192e05be4/rows?key=xOihNIQCsJUKPN0QCs93Ni3JCw0ULxfuul7LXbsyqDrprXUnu6NFehkGrhbxvnfxt9SZs3lQDqLdQjBstxp13g%3D%3D HTTP/1.1" 200 0
2021-12-29 18:23:28,539 - DEBUG - Starting new HTTPS connection (1): finnhub.io:443
2021-12-29 18:23:28,657 - DEBUG - https://finnhub.io:443 "GET /api/v1/stock/price-target?&token=c71nnkaad3ieuiu4d000&symbol=PHUN HTTP/1.1" 200 None
2021-12-29 18:23:28,660 - DEBUG - Starting new HTTPS connection (1): finnhub.io:443
2021-12-29 18:23:28,776 - DEBUG - https://finnhub.io:443 "GET /api/v1/quote?symbol=PHUN&token=c71nnkaad3ieuiu4d000 HTTP/1.1" 200 None
2021-12-29 18:23:28,779 - DEBUG - Starting new HTTPS connection (1): api.powerbi.com:443
2021-12-29 18:23:29,005 - DEBUG - https://api.powerbi.com:443 "POST /beta/b67d722d-aa8a-4777-a169-ebeb7a6a3b67/datasets/520ae51f-637f-4efd-96be-dad192e05be4/rows?key=xOihNIQCsJUKPN0QCs93Ni3JCw0ULxfuul7LXbsyqDrprXUnu6NFehkGrhbxvnfxt9SZs3lQDqLdQjBstxp13g%3D%3D HTTP/1.1" 200 0
2021-12-29 18:23:29,008 - DEBUG - Starting new HTTPS connection (1): finnhub.io:443
2021-12-29 18:23:29,119 - DEBUG - https://finnhub.io:443 "GET /api/v1/stock/price-target?&token=c71nnkaad3ieuiu4d000&symbol=QH HTTP/1.1" 200 None
2021-12-29 18:23:29,123 - DEBUG - Starting new HTTPS connection (1): finnhub.io:443
2021-12-29 18:23:29,246 - DEBUG - https://finnhub.io:443 "GET /api/v1/quote?symbol=QH&token=c71nnkaad3ieuiu4d000 HTTP/1.1" 200 None
2021-12-29 18:23:29,249 - DEBUG - Starting new HTTPS connection (1): api.powerbi.com:443
2021-12-29 18:23:29,466 - DEBUG - https://api.powerbi.com:443 "POST /beta/b67d722d-aa8a-4777-a169-ebeb7a6a3b67/datasets/520ae51f-637f-4efd-96be-dad192e05be4/rows?key=xOihNIQCsJUKPN0QCs93Ni3JCw0ULxfuul7LXbsyqDrprXUnu6NFehkGrhbxvnfxt9SZs3lQDqLdQjBstxp13g%3D%3D HTTP/1.1" 200 0
2021-12-29 18:23:29,469 - DEBUG - Starting new HTTPS connection (1): finnhub.io:443
2021-12-29 18:23:29,620 - DEBUG - https://finnhub.io:443 "GET /api/v1/stock/price-target?&token=c71nnkaad3ieuiu4d000&symbol=RIOT HTTP/1.1" 200 None
2021-12-29 18:23:29,623 - DEBUG - Starting new HTTPS connection (1): finnhub.io:443
2021-12-29 18:23:29,743 - DEBUG - https://finnhub.io:443 "GET /api/v1/quote?symbol=RIOT&token=c71nnkaad3ieuiu4d000 HTTP/1.1" 200 None
2021-12-29 18:23:29,748 - DEBUG - Starting new HTTPS connection (1): api.powerbi.com:443
2021-12-29 18:23:29,950 - DEBUG - https://api.powerbi.com:443 "POST /beta/b67d722d-aa8a-4777-a169-ebeb7a6a3b67/datasets/520ae51f-637f-4efd-96be-dad192e05be4/rows?key=xOihNIQCsJUKPN0QCs93Ni3JCw0ULxfuul7LXbsyqDrprXUnu6NFehkGrhbxvnfxt9SZs3lQDqLdQjBstxp13g%3D%3D HTTP/1.1" 200 0
2021-12-29 18:23:29,954 - DEBUG - Starting new HTTPS connection (1): finnhub.io:443
2021-12-29 18:23:30,075 - DEBUG - https://finnhub.io:443 "GET /api/v1/stock/price-target?&token=c71nnkaad3ieuiu4d000&symbol=SHOP HTTP/1.1" 200 None
2021-12-29 18:23:30,079 - DEBUG - Starting new HTTPS connection (1): finnhub.io:443
2021-12-29 18:23:30,215 - DEBUG - https://finnhub.io:443 "GET /api/v1/quote?symbol=SHOP&token=c71nnkaad3ieuiu4d000 HTTP/1.1" 200 None
2021-12-29 18:23:30,221 - DEBUG - Starting new HTTPS connection (1): api.powerbi.com:443
2021-12-29 18:23:30,446 - DEBUG - https://api.powerbi.com:443 "POST /beta/b67d722d-aa8a-4777-a169-ebeb7a6a3b67/datasets/520ae51f-637f-4efd-96be-dad192e05be4/rows?key=xOihNIQCsJUKPN0QCs93Ni3JCw0ULxfuul7LXbsyqDrprXUnu6NFehkGrhbxvnfxt9SZs3lQDqLdQjBstxp13g%3D%3D HTTP/1.1" 200 0
2021-12-29 18:23:30,449 - DEBUG - Starting new HTTPS connection (1): finnhub.io:443
2021-12-29 18:23:30,587 - DEBUG - https://finnhub.io:443 "GET /api/v1/stock/price-target?&token=c71nnkaad3ieuiu4d000&symbol=VRS HTTP/1.1" 200 None
2021-12-29 18:23:30,590 - DEBUG - Starting new HTTPS connection (1): finnhub.io:443
2021-12-29 18:23:30,697 - DEBUG - https://finnhub.io:443 "GET /api/v1/quote?symbol=VRS&token=c71nnkaad3ieuiu4d000 HTTP/1.1" 200 None
2021-12-29 18:23:30,700 - DEBUG - Starting new HTTPS connection (1): api.powerbi.com:443
2021-12-29 18:23:30,915 - DEBUG - https://api.powerbi.com:443 "POST /beta/b67d722d-aa8a-4777-a169-ebeb7a6a3b67/datasets/520ae51f-637f-4efd-96be-dad192e05be4/rows?key=xOihNIQCsJUKPN0QCs93Ni3JCw0ULxfuul7LXbsyqDrprXUnu6NFehkGrhbxvnfxt9SZs3lQDqLdQjBstxp13g%3D%3D HTTP/1.1" 200 0
2021-12-29 18:23:30,918 - DEBUG - Starting new HTTPS connection (1): finnhub.io:443
2021-12-29 18:23:31,043 - DEBUG - https://finnhub.io:443 "GET /api/v1/stock/price-target?&token=c71nnkaad3ieuiu4d000&symbol=BMRC HTTP/1.1" 200 None
2021-12-29 18:23:31,046 - DEBUG - Starting new HTTPS connection (1): finnhub.io:443
2021-12-29 18:23:31,166 - DEBUG - https://finnhub.io:443 "GET /api/v1/quote?symbol=BMRC&token=c71nnkaad3ieuiu4d000 HTTP/1.1" 200 None
2021-12-29 18:23:31,169 - DEBUG - Starting new HTTPS connection (1): api.powerbi.com:443
2021-12-29 18:23:31,325 - DEBUG - https://api.powerbi.com:443 "POST /beta/b67d722d-aa8a-4777-a169-ebeb7a6a3b67/datasets/520ae51f-637f-4efd-96be-dad192e05be4/rows?key=xOihNIQCsJUKPN0QCs93Ni3JCw0ULxfuul7LXbsyqDrprXUnu6NFehkGrhbxvnfxt9SZs3lQDqLdQjBstxp13g%3D%3D HTTP/1.1" 200 0
2021-12-29 18:23:31,328 - DEBUG - Starting new HTTPS connection (1): finnhub.io:443
2021-12-29 18:23:31,447 - DEBUG - https://finnhub.io:443 "GET /api/v1/stock/price-target?&token=c71nnkaad3ieuiu4d000&symbol=HTBK HTTP/1.1" 200 None
2021-12-29 18:23:31,450 - DEBUG - Starting new HTTPS connection (1): finnhub.io:443
2021-12-29 18:23:31,565 - DEBUG - https://finnhub.io:443 "GET /api/v1/quote?symbol=HTBK&token=c71nnkaad3ieuiu4d000 HTTP/1.1" 200 None
2021-12-29 18:23:31,569 - DEBUG - Starting new HTTPS connection (1): api.powerbi.com:443
2021-12-29 18:23:31,726 - DEBUG - https://api.powerbi.com:443 "POST /beta/b67d722d-aa8a-4777-a169-ebeb7a6a3b67/datasets/520ae51f-637f-4efd-96be-dad192e05be4/rows?key=xOihNIQCsJUKPN0QCs93Ni3JCw0ULxfuul7LXbsyqDrprXUnu6NFehkGrhbxvnfxt9SZs3lQDqLdQjBstxp13g%3D%3D HTTP/1.1" 200 0
2021-12-29 18:23:31,730 - DEBUG - Starting new HTTPS connection (1): finnhub.io:443
2021-12-29 18:23:31,873 - DEBUG - https://finnhub.io:443 "GET /api/v1/stock/price-target?&token=c71nnkaad3ieuiu4d000&symbol=ALLK HTTP/1.1" 200 None
2021-12-29 18:23:31,876 - DEBUG - Starting new HTTPS connection (1): finnhub.io:443
2021-12-29 18:23:32,006 - DEBUG - https://finnhub.io:443 "GET /api/v1/quote?symbol=ALLK&token=c71nnkaad3ieuiu4d000 HTTP/1.1" 200 None
2021-12-29 18:23:32,010 - DEBUG - Starting new HTTPS connection (1): api.powerbi.com:443
2021-12-29 18:23:32,159 - DEBUG - https://api.powerbi.com:443 "POST /beta/b67d722d-aa8a-4777-a169-ebeb7a6a3b67/datasets/520ae51f-637f-4efd-96be-dad192e05be4/rows?key=xOihNIQCsJUKPN0QCs93Ni3JCw0ULxfuul7LXbsyqDrprXUnu6NFehkGrhbxvnfxt9SZs3lQDqLdQjBstxp13g%3D%3D HTTP/1.1" 200 0
2021-12-29 18:23:32,162 - DEBUG - Starting new HTTPS connection (1): finnhub.io:443
2021-12-29 18:23:32,286 - DEBUG - https://finnhub.io:443 "GET /api/v1/stock/price-target?&token=c71nnkaad3ieuiu4d000&symbol=TSLA HTTP/1.1" 200 None
2021-12-29 18:23:32,289 - DEBUG - Starting new HTTPS connection (1): finnhub.io:443
2021-12-29 18:23:32,438 - DEBUG - https://finnhub.io:443 "GET /api/v1/quote?symbol=TSLA&token=c71nnkaad3ieuiu4d000 HTTP/1.1" 200 None
2021-12-29 18:23:32,442 - DEBUG - Starting new HTTPS connection (1): api.powerbi.com:443
2021-12-29 18:23:32,626 - DEBUG - https://api.powerbi.com:443 "POST /beta/b67d722d-aa8a-4777-a169-ebeb7a6a3b67/datasets/520ae51f-637f-4efd-96be-dad192e05be4/rows?key=xOihNIQCsJUKPN0QCs93Ni3JCw0ULxfuul7LXbsyqDrprXUnu6NFehkGrhbxvnfxt9SZs3lQDqLdQjBstxp13g%3D%3D HTTP/1.1" 200 0
2021-12-29 18:23:32,630 - DEBUG - Starting new HTTPS connection (1): finnhub.io:443
2021-12-29 18:23:32,756 - DEBUG - https://finnhub.io:443 "GET /api/v1/stock/price-target?&token=c71nnkaad3ieuiu4d000&symbol=HLT HTTP/1.1" 200 None
2021-12-29 18:23:32,759 - DEBUG - Starting new HTTPS connection (1): finnhub.io:443
2021-12-29 18:23:32,894 - DEBUG - https://finnhub.io:443 "GET /api/v1/quote?symbol=HLT&token=c71nnkaad3ieuiu4d000 HTTP/1.1" 200 None
2021-12-29 18:23:32,897 - DEBUG - Starting new HTTPS connection (1): api.powerbi.com:443
2021-12-29 18:23:33,060 - DEBUG - https://api.powerbi.com:443 "POST /beta/b67d722d-aa8a-4777-a169-ebeb7a6a3b67/datasets/520ae51f-637f-4efd-96be-dad192e05be4/rows?key=xOihNIQCsJUKPN0QCs93Ni3JCw0ULxfuul7LXbsyqDrprXUnu6NFehkGrhbxvnfxt9SZs3lQDqLdQjBstxp13g%3D%3D HTTP/1.1" 200 0
2021-12-29 18:23:33,063 - DEBUG - Starting new HTTPS connection (1): finnhub.io:443
2021-12-29 18:23:33,182 - DEBUG - https://finnhub.io:443 "GET /api/v1/stock/price-target?&token=c71nnkaad3ieuiu4d000&symbol=TRUE HTTP/1.1" 200 None
2021-12-29 18:23:33,186 - DEBUG - Starting new HTTPS connection (1): finnhub.io:443
2021-12-29 18:23:33,290 - DEBUG - https://finnhub.io:443 "GET /api/v1/quote?symbol=TRUE&token=c71nnkaad3ieuiu4d000 HTTP/1.1" 200 None
2021-12-29 18:23:33,293 - DEBUG - Starting new HTTPS connection (1): api.powerbi.com:443
2021-12-29 18:23:33,448 - DEBUG - https://api.powerbi.com:443 "POST /beta/b67d722d-aa8a-4777-a169-ebeb7a6a3b67/datasets/520ae51f-637f-4efd-96be-dad192e05be4/rows?key=xOihNIQCsJUKPN0QCs93Ni3JCw0ULxfuul7LXbsyqDrprXUnu6NFehkGrhbxvnfxt9SZs3lQDqLdQjBstxp13g%3D%3D HTTP/1.1" 200 0
2021-12-29 18:23:33,451 - DEBUG - Starting new HTTPS connection (1): finnhub.io:443
2021-12-29 18:23:33,566 - DEBUG - https://finnhub.io:443 "GET /api/v1/stock/price-target?&token=c71nnkaad3ieuiu4d000&symbol=ADSE HTTP/1.1" 200 None
2021-12-29 18:23:33,569 - DEBUG - Starting new HTTPS connection (1): finnhub.io:443
2021-12-29 18:23:33,716 - DEBUG - https://finnhub.io:443 "GET /api/v1/quote?symbol=ADSE&token=c71nnkaad3ieuiu4d000 HTTP/1.1" 200 None
2021-12-29 18:23:33,719 - DEBUG - Starting new HTTPS connection (1): api.powerbi.com:443
2021-12-29 18:23:33,856 - DEBUG - https://api.powerbi.com:443 "POST /beta/b67d722d-aa8a-4777-a169-ebeb7a6a3b67/datasets/520ae51f-637f-4efd-96be-dad192e05be4/rows?key=xOihNIQCsJUKPN0QCs93Ni3JCw0ULxfuul7LXbsyqDrprXUnu6NFehkGrhbxvnfxt9SZs3lQDqLdQjBstxp13g%3D%3D HTTP/1.1" 200 0
2021-12-29 18:23:33,860 - DEBUG - Starting new HTTPS connection (1): finnhub.io:443
2021-12-29 18:23:33,997 - DEBUG - https://finnhub.io:443 "GET /api/v1/stock/price-target?&token=c71nnkaad3ieuiu4d000&symbol=SBEA HTTP/1.1" 200 None
2021-12-29 18:23:34,000 - DEBUG - Starting new HTTPS connection (1): finnhub.io:443
2021-12-29 18:23:34,143 - DEBUG - https://finnhub.io:443 "GET /api/v1/quote?symbol=SBEA&token=c71nnkaad3ieuiu4d000 HTTP/1.1" 200 None
2021-12-29 18:23:34,147 - DEBUG - Starting new HTTPS connection (1): api.powerbi.com:443
2021-12-29 18:23:34,300 - DEBUG - https://api.powerbi.com:443 "POST /beta/b67d722d-aa8a-4777-a169-ebeb7a6a3b67/datasets/520ae51f-637f-4efd-96be-dad192e05be4/rows?key=xOihNIQCsJUKPN0QCs93Ni3JCw0ULxfuul7LXbsyqDrprXUnu6NFehkGrhbxvnfxt9SZs3lQDqLdQjBstxp13g%3D%3D HTTP/1.1" 200 0
2021-12-29 18:23:34,302 - DEBUG - Starting new HTTPS connection (1): finnhub.io:443
2021-12-29 18:23:34,437 - DEBUG - https://finnhub.io:443 "GET /api/v1/stock/price-target?&token=c71nnkaad3ieuiu4d000&symbol=VLO HTTP/1.1" 200 None
2021-12-29 18:23:34,440 - DEBUG - Starting new HTTPS connection (1): finnhub.io:443
2021-12-29 18:23:34,566 - DEBUG - https://finnhub.io:443 "GET /api/v1/quote?symbol=VLO&token=c71nnkaad3ieuiu4d000 HTTP/1.1" 200 None
2021-12-29 18:23:34,570 - DEBUG - Starting new HTTPS connection (1): api.powerbi.com:443
2021-12-29 18:23:34,724 - DEBUG - https://api.powerbi.com:443 "POST /beta/b67d722d-aa8a-4777-a169-ebeb7a6a3b67/datasets/520ae51f-637f-4efd-96be-dad192e05be4/rows?key=xOihNIQCsJUKPN0QCs93Ni3JCw0ULxfuul7LXbsyqDrprXUnu6NFehkGrhbxvnfxt9SZs3lQDqLdQjBstxp13g%3D%3D HTTP/1.1" 200 0
2021-12-29 18:23:34,728 - DEBUG - Starting new HTTPS connection (1): finnhub.io:443
2021-12-29 18:23:34,930 - DEBUG - https://finnhub.io:443 "GET /api/v1/stock/price-target?&token=c71nnkaad3ieuiu4d000&symbol=DK HTTP/1.1" 200 None
2021-12-29 18:23:34,933 - DEBUG - Starting new HTTPS connection (1): finnhub.io:443
2021-12-29 18:23:35,068 - DEBUG - https://finnhub.io:443 "GET /api/v1/quote?symbol=DK&token=c71nnkaad3ieuiu4d000 HTTP/1.1" 200 None
2021-12-29 18:23:35,071 - DEBUG - Starting new HTTPS connection (1): api.powerbi.com:443
2021-12-29 18:23:35,315 - DEBUG - https://api.powerbi.com:443 "POST /beta/b67d722d-aa8a-4777-a169-ebeb7a6a3b67/datasets/520ae51f-637f-4efd-96be-dad192e05be4/rows?key=xOihNIQCsJUKPN0QCs93Ni3JCw0ULxfuul7LXbsyqDrprXUnu6NFehkGrhbxvnfxt9SZs3lQDqLdQjBstxp13g%3D%3D HTTP/1.1" 200 0
2021-12-29 18:23:35,318 - DEBUG - Starting new HTTPS connection (1): finnhub.io:443
2021-12-29 18:23:35,441 - DEBUG - https://finnhub.io:443 "GET /api/v1/stock/price-target?&token=c71nnkaad3ieuiu4d000&symbol=HFC HTTP/1.1" 200 None
2021-12-29 18:23:35,444 - DEBUG - Starting new HTTPS connection (1): finnhub.io:443
2021-12-29 18:23:35,587 - DEBUG - https://finnhub.io:443 "GET /api/v1/quote?symbol=HFC&token=c71nnkaad3ieuiu4d000 HTTP/1.1" 200 None
2021-12-29 18:23:35,590 - DEBUG - Starting new HTTPS connection (1): api.powerbi.com:443
2021-12-29 18:23:35,745 - DEBUG - https://api.powerbi.com:443 "POST /beta/b67d722d-aa8a-4777-a169-ebeb7a6a3b67/datasets/520ae51f-637f-4efd-96be-dad192e05be4/rows?key=xOihNIQCsJUKPN0QCs93Ni3JCw0ULxfuul7LXbsyqDrprXUnu6NFehkGrhbxvnfxt9SZs3lQDqLdQjBstxp13g%3D%3D HTTP/1.1" 200 0
2021-12-29 18:23:35,748 - DEBUG - Starting new HTTPS connection (1): finnhub.io:443
2021-12-29 18:23:35,868 - DEBUG - https://finnhub.io:443 "GET /api/v1/stock/price-target?&token=c71nnkaad3ieuiu4d000&symbol=PBF HTTP/1.1" 200 None
2021-12-29 18:23:35,871 - DEBUG - Starting new HTTPS connection (1): finnhub.io:443
2021-12-29 18:23:36,008 - DEBUG - https://finnhub.io:443 "GET /api/v1/quote?symbol=PBF&token=c71nnkaad3ieuiu4d000 HTTP/1.1" 200 None
2021-12-29 18:23:36,012 - DEBUG - Starting new HTTPS connection (1): api.powerbi.com:443
2021-12-29 18:23:36,161 - DEBUG - https://api.powerbi.com:443 "POST /beta/b67d722d-aa8a-4777-a169-ebeb7a6a3b67/datasets/520ae51f-637f-4efd-96be-dad192e05be4/rows?key=xOihNIQCsJUKPN0QCs93Ni3JCw0ULxfuul7LXbsyqDrprXUnu6NFehkGrhbxvnfxt9SZs3lQDqLdQjBstxp13g%3D%3D HTTP/1.1" 200 0
2021-12-29 18:23:36,165 - DEBUG - Starting new HTTPS connection (1): finnhub.io:443
2021-12-29 18:23:36,289 - DEBUG - https://finnhub.io:443 "GET /api/v1/stock/price-target?&token=c71nnkaad3ieuiu4d000&symbol=PSX HTTP/1.1" 200 None
2021-12-29 18:23:36,292 - DEBUG - Starting new HTTPS connection (1): finnhub.io:443
2021-12-29 18:23:36,415 - DEBUG - https://finnhub.io:443 "GET /api/v1/quote?symbol=PSX&token=c71nnkaad3ieuiu4d000 HTTP/1.1" 200 None
2021-12-29 18:23:36,418 - DEBUG - Starting new HTTPS connection (1): api.powerbi.com:443
2021-12-29 18:23:36,561 - DEBUG - https://api.powerbi.com:443 "POST /beta/b67d722d-aa8a-4777-a169-ebeb7a6a3b67/datasets/520ae51f-637f-4efd-96be-dad192e05be4/rows?key=xOihNIQCsJUKPN0QCs93Ni3JCw0ULxfuul7LXbsyqDrprXUnu6NFehkGrhbxvnfxt9SZs3lQDqLdQjBstxp13g%3D%3D HTTP/1.1" 200 0
2021-12-29 18:23:36,565 - DEBUG - Starting new HTTPS connection (1): finnhub.io:443
2021-12-29 18:23:36,736 - DEBUG - https://finnhub.io:443 "GET /api/v1/stock/price-target?&token=c71nnkaad3ieuiu4d000&symbol=PIK HTTP/1.1" 200 None
2021-12-29 18:23:36,739 - DEBUG - Starting new HTTPS connection (1): finnhub.io:443
2021-12-29 18:23:36,871 - DEBUG - https://finnhub.io:443 "GET /api/v1/quote?symbol=PIK&token=c71nnkaad3ieuiu4d000 HTTP/1.1" 200 None
2021-12-29 18:23:36,875 - DEBUG - Starting new HTTPS connection (1): api.powerbi.com:443
2021-12-29 18:23:37,058 - DEBUG - https://api.powerbi.com:443 "POST /beta/b67d722d-aa8a-4777-a169-ebeb7a6a3b67/datasets/520ae51f-637f-4efd-96be-dad192e05be4/rows?key=xOihNIQCsJUKPN0QCs93Ni3JCw0ULxfuul7LXbsyqDrprXUnu6NFehkGrhbxvnfxt9SZs3lQDqLdQjBstxp13g%3D%3D HTTP/1.1" 200 0
2021-12-29 18:23:37,062 - DEBUG - Starting new HTTPS connection (1): finnhub.io:443
2021-12-29 18:23:37,214 - DEBUG - https://finnhub.io:443 "GET /api/v1/stock/price-target?&token=c71nnkaad3ieuiu4d000&symbol=CTV HTTP/1.1" 200 None
2021-12-29 18:23:37,217 - DEBUG - Starting new HTTPS connection (1): finnhub.io:443
2021-12-29 18:23:37,345 - DEBUG - https://finnhub.io:443 "GET /api/v1/quote?symbol=CTV&token=c71nnkaad3ieuiu4d000 HTTP/1.1" 200 None
2021-12-29 18:23:37,350 - DEBUG - Starting new HTTPS connection (1): api.powerbi.com:443
2021-12-29 18:23:37,510 - DEBUG - https://api.powerbi.com:443 "POST /beta/b67d722d-aa8a-4777-a169-ebeb7a6a3b67/datasets/520ae51f-637f-4efd-96be-dad192e05be4/rows?key=xOihNIQCsJUKPN0QCs93Ni3JCw0ULxfuul7LXbsyqDrprXUnu6NFehkGrhbxvnfxt9SZs3lQDqLdQjBstxp13g%3D%3D HTTP/1.1" 200 0
2021-12-29 18:23:37,513 - DEBUG - Starting new HTTPS connection (1): finnhub.io:443
2021-12-29 18:23:37,634 - DEBUG - https://finnhub.io:443 "GET /api/v1/stock/price-target?&token=c71nnkaad3ieuiu4d000&symbol=BBIO HTTP/1.1" 200 None
2021-12-29 18:23:37,637 - DEBUG - Starting new HTTPS connection (1): finnhub.io:443
2021-12-29 18:23:37,764 - DEBUG - https://finnhub.io:443 "GET /api/v1/quote?symbol=BBIO&token=c71nnkaad3ieuiu4d000 HTTP/1.1" 200 None
2021-12-29 18:23:37,767 - DEBUG - Starting new HTTPS connection (1): api.powerbi.com:443
2021-12-29 18:23:37,947 - DEBUG - https://api.powerbi.com:443 "POST /beta/b67d722d-aa8a-4777-a169-ebeb7a6a3b67/datasets/520ae51f-637f-4efd-96be-dad192e05be4/rows?key=xOihNIQCsJUKPN0QCs93Ni3JCw0ULxfuul7LXbsyqDrprXUnu6NFehkGrhbxvnfxt9SZs3lQDqLdQjBstxp13g%3D%3D HTTP/1.1" 200 0
2021-12-29 18:23:37,952 - DEBUG - Starting new HTTPS connection (1): finnhub.io:443
2021-12-29 18:23:38,098 - DEBUG - https://finnhub.io:443 "GET /api/v1/stock/price-target?&token=c71nnkaad3ieuiu4d000&symbol=EVGO HTTP/1.1" 200 None
2021-12-29 18:23:38,103 - DEBUG - Starting new HTTPS connection (1): finnhub.io:443
2021-12-29 18:23:38,237 - DEBUG - https://finnhub.io:443 "GET /api/v1/quote?symbol=EVGO&token=c71nnkaad3ieuiu4d000 HTTP/1.1" 200 None
2021-12-29 18:23:38,242 - DEBUG - Starting new HTTPS connection (1): api.powerbi.com:443
2021-12-29 18:23:38,400 - DEBUG - https://api.powerbi.com:443 "POST /beta/b67d722d-aa8a-4777-a169-ebeb7a6a3b67/datasets/520ae51f-637f-4efd-96be-dad192e05be4/rows?key=xOihNIQCsJUKPN0QCs93Ni3JCw0ULxfuul7LXbsyqDrprXUnu6NFehkGrhbxvnfxt9SZs3lQDqLdQjBstxp13g%3D%3D HTTP/1.1" 200 0
2021-12-29 18:23:38,405 - DEBUG - Starting new HTTPS connection (1): finnhub.io:443
2021-12-29 18:23:38,555 - DEBUG - https://finnhub.io:443 "GET /api/v1/stock/price-target?&token=c71nnkaad3ieuiu4d000&symbol=BXSL HTTP/1.1" 200 None
2021-12-29 18:23:38,558 - DEBUG - Starting new HTTPS connection (1): finnhub.io:443
2021-12-29 18:23:38,695 - DEBUG - https://finnhub.io:443 "GET /api/v1/quote?symbol=BXSL&token=c71nnkaad3ieuiu4d000 HTTP/1.1" 200 None
2021-12-29 18:23:38,700 - DEBUG - Starting new HTTPS connection (1): api.powerbi.com:443
2021-12-29 18:23:38,882 - DEBUG - https://api.powerbi.com:443 "POST /beta/b67d722d-aa8a-4777-a169-ebeb7a6a3b67/datasets/520ae51f-637f-4efd-96be-dad192e05be4/rows?key=xOihNIQCsJUKPN0QCs93Ni3JCw0ULxfuul7LXbsyqDrprXUnu6NFehkGrhbxvnfxt9SZs3lQDqLdQjBstxp13g%3D%3D HTTP/1.1" 200 0
2021-12-29 18:23:38,887 - DEBUG - Starting new HTTPS connection (1): finnhub.io:443
2021-12-29 18:23:39,004 - DEBUG - https://finnhub.io:443 "GET /api/v1/stock/price-target?&token=c71nnkaad3ieuiu4d000&symbol=IQ HTTP/1.1" 200 None
2021-12-29 18:23:39,008 - DEBUG - Starting new HTTPS connection (1): finnhub.io:443
2021-12-29 18:23:39,159 - DEBUG - https://finnhub.io:443 "GET /api/v1/quote?symbol=IQ&token=c71nnkaad3ieuiu4d000 HTTP/1.1" 200 None
2021-12-29 18:23:39,164 - DEBUG - Starting new HTTPS connection (1): api.powerbi.com:443
2021-12-29 18:23:39,348 - DEBUG - https://api.powerbi.com:443 "POST /beta/b67d722d-aa8a-4777-a169-ebeb7a6a3b67/datasets/520ae51f-637f-4efd-96be-dad192e05be4/rows?key=xOihNIQCsJUKPN0QCs93Ni3JCw0ULxfuul7LXbsyqDrprXUnu6NFehkGrhbxvnfxt9SZs3lQDqLdQjBstxp13g%3D%3D HTTP/1.1" 200 0
2021-12-29 18:23:39,350 - DEBUG - Starting new HTTPS connection (1): finnhub.io:443
2021-12-29 18:23:39,493 - DEBUG - https://finnhub.io:443 "GET /api/v1/stock/price-target?&token=c71nnkaad3ieuiu4d000&symbol=CIEN HTTP/1.1" 200 None
2021-12-29 18:23:39,496 - DEBUG - Starting new HTTPS connection (1): finnhub.io:443
2021-12-29 18:23:39,620 - DEBUG - https://finnhub.io:443 "GET /api/v1/quote?symbol=CIEN&token=c71nnkaad3ieuiu4d000 HTTP/1.1" 200 None
2021-12-29 18:23:39,625 - DEBUG - Starting new HTTPS connection (1): api.powerbi.com:443
2021-12-29 18:23:39,782 - DEBUG - https://api.powerbi.com:443 "POST /beta/b67d722d-aa8a-4777-a169-ebeb7a6a3b67/datasets/520ae51f-637f-4efd-96be-dad192e05be4/rows?key=xOihNIQCsJUKPN0QCs93Ni3JCw0ULxfuul7LXbsyqDrprXUnu6NFehkGrhbxvnfxt9SZs3lQDqLdQjBstxp13g%3D%3D HTTP/1.1" 200 0
2021-12-29 18:23:39,787 - DEBUG - Starting new HTTPS connection (1): finnhub.io:443
2021-12-29 18:23:39,906 - DEBUG - https://finnhub.io:443 "GET /api/v1/stock/price-target?&token=c71nnkaad3ieuiu4d000&symbol=BILI HTTP/1.1" 200 None
2021-12-29 18:23:39,910 - DEBUG - Starting new HTTPS connection (1): finnhub.io:443
2021-12-29 18:23:40,053 - DEBUG - https://finnhub.io:443 "GET /api/v1/quote?symbol=BILI&token=c71nnkaad3ieuiu4d000 HTTP/1.1" 200 None
2021-12-29 18:23:40,058 - DEBUG - Starting new HTTPS connection (1): api.powerbi.com:443
2021-12-29 18:23:40,230 - DEBUG - https://api.powerbi.com:443 "POST /beta/b67d722d-aa8a-4777-a169-ebeb7a6a3b67/datasets/520ae51f-637f-4efd-96be-dad192e05be4/rows?key=xOihNIQCsJUKPN0QCs93Ni3JCw0ULxfuul7LXbsyqDrprXUnu6NFehkGrhbxvnfxt9SZs3lQDqLdQjBstxp13g%3D%3D HTTP/1.1" 200 0
2021-12-29 18:23:40,235 - DEBUG - Starting new HTTPS connection (1): finnhub.io:443
2021-12-29 18:23:40,387 - DEBUG - https://finnhub.io:443 "GET /api/v1/stock/price-target?&token=c71nnkaad3ieuiu4d000&symbol=TME HTTP/1.1" 200 None
2021-12-29 18:23:40,392 - DEBUG - Starting new HTTPS connection (1): finnhub.io:443
2021-12-29 18:23:40,521 - DEBUG - https://finnhub.io:443 "GET /api/v1/quote?symbol=TME&token=c71nnkaad3ieuiu4d000 HTTP/1.1" 200 None
2021-12-29 18:23:40,525 - DEBUG - Starting new HTTPS connection (1): api.powerbi.com:443
2021-12-29 18:23:40,679 - DEBUG - https://api.powerbi.com:443 "POST /beta/b67d722d-aa8a-4777-a169-ebeb7a6a3b67/datasets/520ae51f-637f-4efd-96be-dad192e05be4/rows?key=xOihNIQCsJUKPN0QCs93Ni3JCw0ULxfuul7LXbsyqDrprXUnu6NFehkGrhbxvnfxt9SZs3lQDqLdQjBstxp13g%3D%3D HTTP/1.1" 200 0
2021-12-29 18:23:40,682 - DEBUG - Starting new HTTPS connection (1): finnhub.io:443
2021-12-29 18:23:40,809 - DEBUG - https://finnhub.io:443 "GET /api/v1/stock/price-target?&token=c71nnkaad3ieuiu4d000&symbol=FFIV HTTP/1.1" 200 None
2021-12-29 18:23:40,812 - DEBUG - Starting new HTTPS connection (1): finnhub.io:443
2021-12-29 18:23:40,947 - DEBUG - https://finnhub.io:443 "GET /api/v1/quote?symbol=FFIV&token=c71nnkaad3ieuiu4d000 HTTP/1.1" 200 None
2021-12-29 18:23:40,950 - DEBUG - Starting new HTTPS connection (1): api.powerbi.com:443
2021-12-29 18:23:41,110 - DEBUG - https://api.powerbi.com:443 "POST /beta/b67d722d-aa8a-4777-a169-ebeb7a6a3b67/datasets/520ae51f-637f-4efd-96be-dad192e05be4/rows?key=xOihNIQCsJUKPN0QCs93Ni3JCw0ULxfuul7LXbsyqDrprXUnu6NFehkGrhbxvnfxt9SZs3lQDqLdQjBstxp13g%3D%3D HTTP/1.1" 200 0
2021-12-29 18:23:41,115 - DEBUG - Starting new HTTPS connection (1): finnhub.io:443
2021-12-29 18:23:41,259 - DEBUG - https://finnhub.io:443 "GET /api/v1/stock/price-target?&token=c71nnkaad3ieuiu4d000&symbol=EXTR HTTP/1.1" 200 None
2021-12-29 18:23:41,264 - DEBUG - Starting new HTTPS connection (1): finnhub.io:443
2021-12-29 18:23:41,397 - DEBUG - https://finnhub.io:443 "GET /api/v1/quote?symbol=EXTR&token=c71nnkaad3ieuiu4d000 HTTP/1.1" 200 None
2021-12-29 18:23:41,402 - DEBUG - Starting new HTTPS connection (1): api.powerbi.com:443
2021-12-29 18:23:41,565 - DEBUG - https://api.powerbi.com:443 "POST /beta/b67d722d-aa8a-4777-a169-ebeb7a6a3b67/datasets/520ae51f-637f-4efd-96be-dad192e05be4/rows?key=xOihNIQCsJUKPN0QCs93Ni3JCw0ULxfuul7LXbsyqDrprXUnu6NFehkGrhbxvnfxt9SZs3lQDqLdQjBstxp13g%3D%3D HTTP/1.1" 200 0
2021-12-29 18:23:41,568 - DEBUG - Starting new HTTPS connection (1): finnhub.io:443
2021-12-29 18:23:41,696 - DEBUG - https://finnhub.io:443 "GET /api/v1/stock/price-target?&token=c71nnkaad3ieuiu4d000&symbol=EQOS HTTP/1.1" 200 None
2021-12-29 18:23:41,699 - DEBUG - Starting new HTTPS connection (1): finnhub.io:443
2021-12-29 18:23:41,853 - DEBUG - https://finnhub.io:443 "GET /api/v1/quote?symbol=EQOS&token=c71nnkaad3ieuiu4d000 HTTP/1.1" 200 None
2021-12-29 18:23:41,859 - DEBUG - Starting new HTTPS connection (1): api.powerbi.com:443
2021-12-29 18:23:42,028 - DEBUG - https://api.powerbi.com:443 "POST /beta/b67d722d-aa8a-4777-a169-ebeb7a6a3b67/datasets/520ae51f-637f-4efd-96be-dad192e05be4/rows?key=xOihNIQCsJUKPN0QCs93Ni3JCw0ULxfuul7LXbsyqDrprXUnu6NFehkGrhbxvnfxt9SZs3lQDqLdQjBstxp13g%3D%3D HTTP/1.1" 200 0
2021-12-29 18:23:42,033 - DEBUG - Starting new HTTPS connection (1): finnhub.io:443
2021-12-29 18:23:42,166 - DEBUG - https://finnhub.io:443 "GET /api/v1/stock/price-target?&token=c71nnkaad3ieuiu4d000&symbol=MTSI HTTP/1.1" 200 None
2021-12-29 18:23:42,171 - DEBUG - Starting new HTTPS connection (1): finnhub.io:443
2021-12-29 18:23:42,312 - DEBUG - https://finnhub.io:443 "GET /api/v1/quote?symbol=MTSI&token=c71nnkaad3ieuiu4d000 HTTP/1.1" 200 None
2021-12-29 18:23:42,318 - DEBUG - Starting new HTTPS connection (1): api.powerbi.com:443
2021-12-29 18:23:42,468 - DEBUG - https://api.powerbi.com:443 "POST /beta/b67d722d-aa8a-4777-a169-ebeb7a6a3b67/datasets/520ae51f-637f-4efd-96be-dad192e05be4/rows?key=xOihNIQCsJUKPN0QCs93Ni3JCw0ULxfuul7LXbsyqDrprXUnu6NFehkGrhbxvnfxt9SZs3lQDqLdQjBstxp13g%3D%3D HTTP/1.1" 200 0
2021-12-29 18:23:42,474 - DEBUG - Starting new HTTPS connection (1): finnhub.io:443
2021-12-29 18:23:42,591 - DEBUG - https://finnhub.io:443 "GET /api/v1/stock/price-target?&token=c71nnkaad3ieuiu4d000&symbol=BBIO HTTP/1.1" 200 None
2021-12-29 18:23:42,596 - DEBUG - Starting new HTTPS connection (1): finnhub.io:443
2021-12-29 18:23:42,726 - DEBUG - https://finnhub.io:443 "GET /api/v1/quote?symbol=BBIO&token=c71nnkaad3ieuiu4d000 HTTP/1.1" 200 None
2021-12-29 18:23:42,732 - DEBUG - Starting new HTTPS connection (1): api.powerbi.com:443
2021-12-29 18:23:42,885 - DEBUG - https://api.powerbi.com:443 "POST /beta/b67d722d-aa8a-4777-a169-ebeb7a6a3b67/datasets/520ae51f-637f-4efd-96be-dad192e05be4/rows?key=xOihNIQCsJUKPN0QCs93Ni3JCw0ULxfuul7LXbsyqDrprXUnu6NFehkGrhbxvnfxt9SZs3lQDqLdQjBstxp13g%3D%3D HTTP/1.1" 200 0
2021-12-29 18:23:42,890 - DEBUG - Starting new HTTPS connection (1): finnhub.io:443
2021-12-29 18:23:43,024 - DEBUG - https://finnhub.io:443 "GET /api/v1/stock/price-target?&token=c71nnkaad3ieuiu4d000&symbol=INNV HTTP/1.1" 200 None
2021-12-29 18:23:43,029 - DEBUG - Starting new HTTPS connection (1): finnhub.io:443
2021-12-29 18:23:43,140 - DEBUG - https://finnhub.io:443 "GET /api/v1/quote?symbol=INNV&token=c71nnkaad3ieuiu4d000 HTTP/1.1" 200 None
2021-12-29 18:23:43,145 - DEBUG - Starting new HTTPS connection (1): api.powerbi.com:443
2021-12-29 18:23:43,311 - DEBUG - https://api.powerbi.com:443 "POST /beta/b67d722d-aa8a-4777-a169-ebeb7a6a3b67/datasets/520ae51f-637f-4efd-96be-dad192e05be4/rows?key=xOihNIQCsJUKPN0QCs93Ni3JCw0ULxfuul7LXbsyqDrprXUnu6NFehkGrhbxvnfxt9SZs3lQDqLdQjBstxp13g%3D%3D HTTP/1.1" 200 0
2021-12-29 18:23:43,316 - DEBUG - Starting new HTTPS connection (1): finnhub.io:443
2021-12-29 18:23:43,448 - DEBUG - https://finnhub.io:443 "GET /api/v1/stock/price-target?&token=c71nnkaad3ieuiu4d000&symbol=CVNA HTTP/1.1" 200 None
2021-12-29 18:23:43,453 - DEBUG - Starting new HTTPS connection (1): finnhub.io:443
2021-12-29 18:23:43,595 - DEBUG - https://finnhub.io:443 "GET /api/v1/quote?symbol=CVNA&token=c71nnkaad3ieuiu4d000 HTTP/1.1" 200 None
2021-12-29 18:23:43,601 - DEBUG - Starting new HTTPS connection (1): api.powerbi.com:443
2021-12-29 18:23:43,773 - DEBUG - https://api.powerbi.com:443 "POST /beta/b67d722d-aa8a-4777-a169-ebeb7a6a3b67/datasets/520ae51f-637f-4efd-96be-dad192e05be4/rows?key=xOihNIQCsJUKPN0QCs93Ni3JCw0ULxfuul7LXbsyqDrprXUnu6NFehkGrhbxvnfxt9SZs3lQDqLdQjBstxp13g%3D%3D HTTP/1.1" 200 0
2021-12-29 18:23:43,778 - DEBUG - Starting new HTTPS connection (1): finnhub.io:443
2021-12-29 18:23:43,911 - DEBUG - https://finnhub.io:443 "GET /api/v1/stock/price-target?&token=c71nnkaad3ieuiu4d000&symbol=EVBG HTTP/1.1" 200 None
2021-12-29 18:23:43,916 - DEBUG - Starting new HTTPS connection (1): finnhub.io:443
2021-12-29 18:23:44,052 - DEBUG - https://finnhub.io:443 "GET /api/v1/quote?symbol=EVBG&token=c71nnkaad3ieuiu4d000 HTTP/1.1" 200 None
2021-12-29 18:23:44,058 - DEBUG - Starting new HTTPS connection (1): api.powerbi.com:443
2021-12-29 18:23:44,221 - DEBUG - https://api.powerbi.com:443 "POST /beta/b67d722d-aa8a-4777-a169-ebeb7a6a3b67/datasets/520ae51f-637f-4efd-96be-dad192e05be4/rows?key=xOihNIQCsJUKPN0QCs93Ni3JCw0ULxfuul7LXbsyqDrprXUnu6NFehkGrhbxvnfxt9SZs3lQDqLdQjBstxp13g%3D%3D HTTP/1.1" 200 0
2021-12-29 18:23:44,227 - DEBUG - Starting new HTTPS connection (1): finnhub.io:443
2021-12-29 18:23:44,361 - DEBUG - https://finnhub.io:443 "GET /api/v1/stock/price-target?&token=c71nnkaad3ieuiu4d000&symbol=SOFI HTTP/1.1" 200 None
2021-12-29 18:23:44,366 - DEBUG - Starting new HTTPS connection (1): finnhub.io:443
2021-12-29 18:23:44,499 - DEBUG - https://finnhub.io:443 "GET /api/v1/quote?symbol=SOFI&token=c71nnkaad3ieuiu4d000 HTTP/1.1" 200 None
2021-12-29 18:23:44,504 - DEBUG - Starting new HTTPS connection (1): api.powerbi.com:443
2021-12-29 18:23:44,675 - DEBUG - https://api.powerbi.com:443 "POST /beta/b67d722d-aa8a-4777-a169-ebeb7a6a3b67/datasets/520ae51f-637f-4efd-96be-dad192e05be4/rows?key=xOihNIQCsJUKPN0QCs93Ni3JCw0ULxfuul7LXbsyqDrprXUnu6NFehkGrhbxvnfxt9SZs3lQDqLdQjBstxp13g%3D%3D HTTP/1.1" 200 0
2021-12-29 18:23:44,680 - DEBUG - Starting new HTTPS connection (1): finnhub.io:443
2021-12-29 18:23:44,827 - DEBUG - https://finnhub.io:443 "GET /api/v1/stock/price-target?&token=c71nnkaad3ieuiu4d000&symbol=CURV HTTP/1.1" 200 None
2021-12-29 18:23:44,832 - DEBUG - Starting new HTTPS connection (1): finnhub.io:443
2021-12-29 18:23:44,978 - DEBUG - https://finnhub.io:443 "GET /api/v1/quote?symbol=CURV&token=c71nnkaad3ieuiu4d000 HTTP/1.1" 200 None
2021-12-29 18:23:44,983 - DEBUG - Starting new HTTPS connection (1): api.powerbi.com:443
2021-12-29 18:23:45,138 - DEBUG - https://api.powerbi.com:443 "POST /beta/b67d722d-aa8a-4777-a169-ebeb7a6a3b67/datasets/520ae51f-637f-4efd-96be-dad192e05be4/rows?key=xOihNIQCsJUKPN0QCs93Ni3JCw0ULxfuul7LXbsyqDrprXUnu6NFehkGrhbxvnfxt9SZs3lQDqLdQjBstxp13g%3D%3D HTTP/1.1" 200 0
2021-12-29 18:23:45,143 - DEBUG - Starting new HTTPS connection (1): finnhub.io:443
2021-12-29 18:23:45,288 - DEBUG - https://finnhub.io:443 "GET /api/v1/stock/price-target?&token=c71nnkaad3ieuiu4d000&symbol=CHK HTTP/1.1" 200 None
2021-12-29 18:23:45,293 - DEBUG - Starting new HTTPS connection (1): finnhub.io:443
2021-12-29 18:23:45,431 - DEBUG - https://finnhub.io:443 "GET /api/v1/quote?symbol=CHK&token=c71nnkaad3ieuiu4d000 HTTP/1.1" 200 None
2021-12-29 18:23:45,436 - DEBUG - Starting new HTTPS connection (1): api.powerbi.com:443
2021-12-29 18:23:45,606 - DEBUG - https://api.powerbi.com:443 "POST /beta/b67d722d-aa8a-4777-a169-ebeb7a6a3b67/datasets/520ae51f-637f-4efd-96be-dad192e05be4/rows?key=xOihNIQCsJUKPN0QCs93Ni3JCw0ULxfuul7LXbsyqDrprXUnu6NFehkGrhbxvnfxt9SZs3lQDqLdQjBstxp13g%3D%3D HTTP/1.1" 200 0
2021-12-29 18:23:45,611 - DEBUG - Starting new HTTPS connection (1): finnhub.io:443
2021-12-29 18:23:45,733 - DEBUG - https://finnhub.io:443 "GET /api/v1/stock/price-target?&token=c71nnkaad3ieuiu4d000&symbol=WEBR HTTP/1.1" 200 None
2021-12-29 18:23:45,738 - DEBUG - Starting new HTTPS connection (1): finnhub.io:443
2021-12-29 18:23:45,886 - DEBUG - https://finnhub.io:443 "GET /api/v1/quote?symbol=WEBR&token=c71nnkaad3ieuiu4d000 HTTP/1.1" 200 None
2021-12-29 18:23:45,892 - DEBUG - Starting new HTTPS connection (1): api.powerbi.com:443
2021-12-29 18:23:46,068 - DEBUG - https://api.powerbi.com:443 "POST /beta/b67d722d-aa8a-4777-a169-ebeb7a6a3b67/datasets/520ae51f-637f-4efd-96be-dad192e05be4/rows?key=xOihNIQCsJUKPN0QCs93Ni3JCw0ULxfuul7LXbsyqDrprXUnu6NFehkGrhbxvnfxt9SZs3lQDqLdQjBstxp13g%3D%3D HTTP/1.1" 200 0
2021-12-29 18:23:46,073 - DEBUG - Starting new HTTPS connection (1): finnhub.io:443
2021-12-29 18:23:46,193 - DEBUG - https://finnhub.io:443 "GET /api/v1/stock/price-target?&token=c71nnkaad3ieuiu4d000&symbol=SGH HTTP/1.1" 200 None
2021-12-29 18:23:46,198 - DEBUG - Starting new HTTPS connection (1): finnhub.io:443
2021-12-29 18:23:46,340 - DEBUG - https://finnhub.io:443 "GET /api/v1/quote?symbol=SGH&token=c71nnkaad3ieuiu4d000 HTTP/1.1" 200 None
2021-12-29 18:23:46,345 - DEBUG - Starting new HTTPS connection (1): api.powerbi.com:443
2021-12-29 18:23:46,540 - DEBUG - https://api.powerbi.com:443 "POST /beta/b67d722d-aa8a-4777-a169-ebeb7a6a3b67/datasets/520ae51f-637f-4efd-96be-dad192e05be4/rows?key=xOihNIQCsJUKPN0QCs93Ni3JCw0ULxfuul7LXbsyqDrprXUnu6NFehkGrhbxvnfxt9SZs3lQDqLdQjBstxp13g%3D%3D HTTP/1.1" 200 0
2021-12-29 18:23:46,545 - DEBUG - Starting new HTTPS connection (1): finnhub.io:443
2021-12-29 18:23:46,705 - DEBUG - https://finnhub.io:443 "GET /api/v1/stock/price-target?&token=c71nnkaad3ieuiu4d000&symbol=CLR HTTP/1.1" 200 None
2021-12-29 18:23:46,710 - DEBUG - Starting new HTTPS connection (1): finnhub.io:443
2021-12-29 18:23:46,837 - DEBUG - https://finnhub.io:443 "GET /api/v1/quote?symbol=CLR&token=c71nnkaad3ieuiu4d000 HTTP/1.1" 200 None
2021-12-29 18:23:46,843 - DEBUG - Starting new HTTPS connection (1): api.powerbi.com:443
2021-12-29 18:23:47,077 - DEBUG - https://api.powerbi.com:443 "POST /beta/b67d722d-aa8a-4777-a169-ebeb7a6a3b67/datasets/520ae51f-637f-4efd-96be-dad192e05be4/rows?key=xOihNIQCsJUKPN0QCs93Ni3JCw0ULxfuul7LXbsyqDrprXUnu6NFehkGrhbxvnfxt9SZs3lQDqLdQjBstxp13g%3D%3D HTTP/1.1" 200 0
2021-12-29 18:23:47,082 - DEBUG - Starting new HTTPS connection (1): finnhub.io:443
2021-12-29 18:23:47,209 - DEBUG - https://finnhub.io:443 "GET /api/v1/stock/price-target?&token=c71nnkaad3ieuiu4d000&symbol=MNRL HTTP/1.1" 200 None
2021-12-29 18:23:47,214 - DEBUG - Starting new HTTPS connection (1): finnhub.io:443
2021-12-29 18:23:47,352 - DEBUG - https://finnhub.io:443 "GET /api/v1/quote?symbol=MNRL&token=c71nnkaad3ieuiu4d000 HTTP/1.1" 200 None
2021-12-29 18:23:47,357 - DEBUG - Starting new HTTPS connection (1): api.powerbi.com:443
2021-12-29 18:23:47,519 - DEBUG - https://api.powerbi.com:443 "POST /beta/b67d722d-aa8a-4777-a169-ebeb7a6a3b67/datasets/520ae51f-637f-4efd-96be-dad192e05be4/rows?key=xOihNIQCsJUKPN0QCs93Ni3JCw0ULxfuul7LXbsyqDrprXUnu6NFehkGrhbxvnfxt9SZs3lQDqLdQjBstxp13g%3D%3D HTTP/1.1" 200 0
2021-12-29 18:23:47,524 - DEBUG - Starting new HTTPS connection (1): finnhub.io:443
2021-12-29 18:23:47,637 - DEBUG - https://finnhub.io:443 "GET /api/v1/stock/price-target?&token=c71nnkaad3ieuiu4d000&symbol=GME HTTP/1.1" 200 None
2021-12-29 18:23:47,642 - DEBUG - Starting new HTTPS connection (1): finnhub.io:443
2021-12-29 18:23:47,779 - DEBUG - https://finnhub.io:443 "GET /api/v1/quote?symbol=GME&token=c71nnkaad3ieuiu4d000 HTTP/1.1" 200 None
2021-12-29 18:23:47,784 - DEBUG - Starting new HTTPS connection (1): api.powerbi.com:443
2021-12-29 18:23:47,954 - DEBUG - https://api.powerbi.com:443 "POST /beta/b67d722d-aa8a-4777-a169-ebeb7a6a3b67/datasets/520ae51f-637f-4efd-96be-dad192e05be4/rows?key=xOihNIQCsJUKPN0QCs93Ni3JCw0ULxfuul7LXbsyqDrprXUnu6NFehkGrhbxvnfxt9SZs3lQDqLdQjBstxp13g%3D%3D HTTP/1.1" 200 0
2021-12-29 18:23:47,959 - DEBUG - Starting new HTTPS connection (1): finnhub.io:443
2021-12-29 18:23:48,114 - DEBUG - https://finnhub.io:443 "GET /api/v1/stock/price-target?&token=c71nnkaad3ieuiu4d000&symbol=VSCO HTTP/1.1" 200 None
2021-12-29 18:23:48,119 - DEBUG - Starting new HTTPS connection (1): finnhub.io:443
2021-12-29 18:23:48,267 - DEBUG - https://finnhub.io:443 "GET /api/v1/quote?symbol=VSCO&token=c71nnkaad3ieuiu4d000 HTTP/1.1" 200 None
2021-12-29 18:23:48,271 - DEBUG - Starting new HTTPS connection (1): api.powerbi.com:443
2021-12-29 18:23:48,483 - DEBUG - https://api.powerbi.com:443 "POST /beta/b67d722d-aa8a-4777-a169-ebeb7a6a3b67/datasets/520ae51f-637f-4efd-96be-dad192e05be4/rows?key=xOihNIQCsJUKPN0QCs93Ni3JCw0ULxfuul7LXbsyqDrprXUnu6NFehkGrhbxvnfxt9SZs3lQDqLdQjBstxp13g%3D%3D HTTP/1.1" 200 0
2021-12-29 18:23:48,487 - DEBUG - Starting new HTTPS connection (1): finnhub.io:443
2021-12-29 18:23:48,616 - DEBUG - https://finnhub.io:443 "GET /api/v1/stock/price-target?&token=c71nnkaad3ieuiu4d000&symbol=FL HTTP/1.1" 200 None
2021-12-29 18:23:48,621 - DEBUG - Starting new HTTPS connection (1): finnhub.io:443
2021-12-29 18:23:48,752 - DEBUG - https://finnhub.io:443 "GET /api/v1/quote?symbol=FL&token=c71nnkaad3ieuiu4d000 HTTP/1.1" 200 None
2021-12-29 18:23:48,756 - DEBUG - Starting new HTTPS connection (1): api.powerbi.com:443
2021-12-29 18:23:48,916 - DEBUG - https://api.powerbi.com:443 "POST /beta/b67d722d-aa8a-4777-a169-ebeb7a6a3b67/datasets/520ae51f-637f-4efd-96be-dad192e05be4/rows?key=xOihNIQCsJUKPN0QCs93Ni3JCw0ULxfuul7LXbsyqDrprXUnu6NFehkGrhbxvnfxt9SZs3lQDqLdQjBstxp13g%3D%3D HTTP/1.1" 200 0
2021-12-29 18:23:48,921 - DEBUG - Starting new HTTPS connection (1): finnhub.io:443
2021-12-29 18:23:49,054 - DEBUG - https://finnhub.io:443 "GET /api/v1/stock/price-target?&token=c71nnkaad3ieuiu4d000&symbol=RVLV HTTP/1.1" 200 None
2021-12-29 18:23:49,059 - DEBUG - Starting new HTTPS connection (1): finnhub.io:443
2021-12-29 18:23:49,194 - DEBUG - https://finnhub.io:443 "GET /api/v1/quote?symbol=RVLV&token=c71nnkaad3ieuiu4d000 HTTP/1.1" 200 None
2021-12-29 18:23:49,199 - DEBUG - Starting new HTTPS connection (1): api.powerbi.com:443
2021-12-29 18:23:49,363 - DEBUG - https://api.powerbi.com:443 "POST /beta/b67d722d-aa8a-4777-a169-ebeb7a6a3b67/datasets/520ae51f-637f-4efd-96be-dad192e05be4/rows?key=xOihNIQCsJUKPN0QCs93Ni3JCw0ULxfuul7LXbsyqDrprXUnu6NFehkGrhbxvnfxt9SZs3lQDqLdQjBstxp13g%3D%3D HTTP/1.1" 200 0
2021-12-29 18:23:49,368 - DEBUG - Starting new HTTPS connection (1): finnhub.io:443
2021-12-29 18:23:49,509 - DEBUG - https://finnhub.io:443 "GET /api/v1/stock/price-target?&token=c71nnkaad3ieuiu4d000&symbol=LUCD HTTP/1.1" 200 None
2021-12-29 18:23:49,514 - DEBUG - Starting new HTTPS connection (1): finnhub.io:443
2021-12-29 18:23:49,636 - DEBUG - https://finnhub.io:443 "GET /api/v1/quote?symbol=LUCD&token=c71nnkaad3ieuiu4d000 HTTP/1.1" 200 None
2021-12-29 18:23:49,641 - DEBUG - Starting new HTTPS connection (1): api.powerbi.com:443
2021-12-29 18:23:49,794 - DEBUG - https://api.powerbi.com:443 "POST /beta/b67d722d-aa8a-4777-a169-ebeb7a6a3b67/datasets/520ae51f-637f-4efd-96be-dad192e05be4/rows?key=xOihNIQCsJUKPN0QCs93Ni3JCw0ULxfuul7LXbsyqDrprXUnu6NFehkGrhbxvnfxt9SZs3lQDqLdQjBstxp13g%3D%3D HTTP/1.1" 200 0
2021-12-29 18:23:49,799 - DEBUG - Starting new HTTPS connection (1): finnhub.io:443
2021-12-29 18:23:49,927 - DEBUG - https://finnhub.io:443 "GET /api/v1/stock/price-target?&token=c71nnkaad3ieuiu4d000&symbol=SM HTTP/1.1" 200 None
2021-12-29 18:23:49,932 - DEBUG - Starting new HTTPS connection (1): finnhub.io:443
2021-12-29 18:23:50,068 - DEBUG - https://finnhub.io:443 "GET /api/v1/quote?symbol=SM&token=c71nnkaad3ieuiu4d000 HTTP/1.1" 200 None
2021-12-29 18:23:50,074 - DEBUG - Starting new HTTPS connection (1): api.powerbi.com:443
2021-12-29 18:23:50,234 - DEBUG - https://api.powerbi.com:443 "POST /beta/b67d722d-aa8a-4777-a169-ebeb7a6a3b67/datasets/520ae51f-637f-4efd-96be-dad192e05be4/rows?key=xOihNIQCsJUKPN0QCs93Ni3JCw0ULxfuul7LXbsyqDrprXUnu6NFehkGrhbxvnfxt9SZs3lQDqLdQjBstxp13g%3D%3D HTTP/1.1" 200 0
2021-12-29 18:23:50,240 - DEBUG - Starting new HTTPS connection (1): finnhub.io:443
2021-12-29 18:23:50,375 - DEBUG - https://finnhub.io:443 "GET /api/v1/stock/price-target?&token=c71nnkaad3ieuiu4d000&symbol=OCDX HTTP/1.1" 200 None
2021-12-29 18:23:50,380 - DEBUG - Starting new HTTPS connection (1): finnhub.io:443
2021-12-29 18:23:50,505 - DEBUG - https://finnhub.io:443 "GET /api/v1/quote?symbol=OCDX&token=c71nnkaad3ieuiu4d000 HTTP/1.1" 200 None
2021-12-29 18:23:50,511 - DEBUG - Starting new HTTPS connection (1): api.powerbi.com:443
2021-12-29 18:23:50,676 - DEBUG - https://api.powerbi.com:443 "POST /beta/b67d722d-aa8a-4777-a169-ebeb7a6a3b67/datasets/520ae51f-637f-4efd-96be-dad192e05be4/rows?key=xOihNIQCsJUKPN0QCs93Ni3JCw0ULxfuul7LXbsyqDrprXUnu6NFehkGrhbxvnfxt9SZs3lQDqLdQjBstxp13g%3D%3D HTTP/1.1" 200 0
2021-12-29 18:23:50,681 - DEBUG - Starting new HTTPS connection (1): finnhub.io:443
2021-12-29 18:23:50,823 - DEBUG - https://finnhub.io:443 "GET /api/v1/stock/price-target?&token=c71nnkaad3ieuiu4d000&symbol=INNV HTTP/1.1" 200 None
2021-12-29 18:23:50,828 - DEBUG - Starting new HTTPS connection (1): finnhub.io:443
2021-12-29 18:23:50,957 - DEBUG - https://finnhub.io:443 "GET /api/v1/quote?symbol=INNV&token=c71nnkaad3ieuiu4d000 HTTP/1.1" 200 None
2021-12-29 18:23:50,963 - DEBUG - Starting new HTTPS connection (1): api.powerbi.com:443
2021-12-29 18:23:51,143 - DEBUG - https://api.powerbi.com:443 "POST /beta/b67d722d-aa8a-4777-a169-ebeb7a6a3b67/datasets/520ae51f-637f-4efd-96be-dad192e05be4/rows?key=xOihNIQCsJUKPN0QCs93Ni3JCw0ULxfuul7LXbsyqDrprXUnu6NFehkGrhbxvnfxt9SZs3lQDqLdQjBstxp13g%3D%3D HTTP/1.1" 200 0
2021-12-29 18:23:51,148 - DEBUG - Starting new HTTPS connection (1): finnhub.io:443
2021-12-29 18:23:51,343 - DEBUG - https://finnhub.io:443 "GET /api/v1/stock/price-target?&token=c71nnkaad3ieuiu4d000&symbol=OCDX HTTP/1.1" 200 None
2021-12-29 18:23:51,347 - DEBUG - Starting new HTTPS connection (1): finnhub.io:443
2021-12-29 18:23:51,475 - DEBUG - https://finnhub.io:443 "GET /api/v1/quote?symbol=OCDX&token=c71nnkaad3ieuiu4d000 HTTP/1.1" 200 None
2021-12-29 18:23:51,480 - DEBUG - Starting new HTTPS connection (1): api.powerbi.com:443
2021-12-29 18:23:51,640 - DEBUG - https://api.powerbi.com:443 "POST /beta/b67d722d-aa8a-4777-a169-ebeb7a6a3b67/datasets/520ae51f-637f-4efd-96be-dad192e05be4/rows?key=xOihNIQCsJUKPN0QCs93Ni3JCw0ULxfuul7LXbsyqDrprXUnu6NFehkGrhbxvnfxt9SZs3lQDqLdQjBstxp13g%3D%3D HTTP/1.1" 200 0
2021-12-29 18:23:51,645 - DEBUG - Starting new HTTPS connection (1): finnhub.io:443
2021-12-29 18:23:51,779 - DEBUG - https://finnhub.io:443 "GET /api/v1/stock/price-target?&token=c71nnkaad3ieuiu4d000&symbol=CTV HTTP/1.1" 200 None
2021-12-29 18:23:51,784 - DEBUG - Starting new HTTPS connection (1): finnhub.io:443
2021-12-29 18:23:51,915 - DEBUG - https://finnhub.io:443 "GET /api/v1/quote?symbol=CTV&token=c71nnkaad3ieuiu4d000 HTTP/1.1" 429 73
2021-12-29 18:32:00,737 - DEBUG - Starting new HTTPS connection (1): finnhub.io:443
2021-12-29 18:32:00,918 - DEBUG - https://finnhub.io:443 "GET /api/v1/stock/upgrade-downgrade?&token=c71nnkaad3ieuiu4d000 HTTP/1.1" 200 None
2021-12-29 18:32:00,953 - DEBUG - Starting new HTTPS connection (1): finnhub.io:443
2021-12-29 18:32:01,085 - DEBUG - https://finnhub.io:443 "GET /api/v1/stock/upgrade-downgrade?&token=c71nnkaad3ieuiu4d000 HTTP/1.1" 200 None
2021-12-29 18:32:44,175 - DEBUG - Starting new HTTPS connection (1): finnhub.io:443
2021-12-29 18:32:44,336 - DEBUG - https://finnhub.io:443 "GET /api/v1/stock/upgrade-downgrade?&token=c71nnkaad3ieuiu4d000 HTTP/1.1" 200 None
2021-12-29 18:32:44,376 - DEBUG - Starting new HTTPS connection (1): finnhub.io:443
2021-12-29 18:32:44,526 - DEBUG - https://finnhub.io:443 "GET /api/v1/stock/upgrade-downgrade?&token=c71nnkaad3ieuiu4d000 HTTP/1.1" 200 None
2021-12-29 18:32:44,559 - DEBUG - Starting new HTTPS connection (1): finnhub.io:443
2021-12-29 18:32:44,722 - DEBUG - https://finnhub.io:443 "GET /api/v1/stock/price-target?&token=c71nnkaad3ieuiu4d000&symbol=MEOH HTTP/1.1" 200 None
2021-12-29 18:32:44,728 - DEBUG - Starting new HTTPS connection (1): finnhub.io:443
2021-12-29 18:32:44,874 - DEBUG - https://finnhub.io:443 "GET /api/v1/quote?symbol=MEOH&token=c71nnkaad3ieuiu4d000 HTTP/1.1" 200 None
2021-12-29 18:32:44,880 - DEBUG - Starting new HTTPS connection (1): api.powerbi.com:443
2021-12-29 18:32:46,152 - DEBUG - https://api.powerbi.com:443 "POST /beta/b67d722d-aa8a-4777-a169-ebeb7a6a3b67/datasets/520ae51f-637f-4efd-96be-dad192e05be4/rows?key=xOihNIQCsJUKPN0QCs93Ni3JCw0ULxfuul7LXbsyqDrprXUnu6NFehkGrhbxvnfxt9SZs3lQDqLdQjBstxp13g%3D%3D HTTP/1.1" 200 0
2021-12-29 18:32:46,157 - DEBUG - Starting new HTTPS connection (1): finnhub.io:443
2021-12-29 18:32:46,305 - DEBUG - https://finnhub.io:443 "GET /api/v1/stock/price-target?&token=c71nnkaad3ieuiu4d000&symbol=BRG HTTP/1.1" 200 None
2021-12-29 18:32:46,310 - DEBUG - Starting new HTTPS connection (1): finnhub.io:443
2021-12-29 18:32:46,447 - DEBUG - https://finnhub.io:443 "GET /api/v1/quote?symbol=BRG&token=c71nnkaad3ieuiu4d000 HTTP/1.1" 200 None
2021-12-29 18:32:46,452 - DEBUG - Starting new HTTPS connection (1): api.powerbi.com:443
2021-12-29 18:32:46,738 - DEBUG - https://api.powerbi.com:443 "POST /beta/b67d722d-aa8a-4777-a169-ebeb7a6a3b67/datasets/520ae51f-637f-4efd-96be-dad192e05be4/rows?key=xOihNIQCsJUKPN0QCs93Ni3JCw0ULxfuul7LXbsyqDrprXUnu6NFehkGrhbxvnfxt9SZs3lQDqLdQjBstxp13g%3D%3D HTTP/1.1" 200 0
2021-12-29 18:32:46,743 - DEBUG - Starting new HTTPS connection (1): finnhub.io:443
2021-12-29 18:32:46,880 - DEBUG - https://finnhub.io:443 "GET /api/v1/stock/price-target?&token=c71nnkaad3ieuiu4d000&symbol=CTAS HTTP/1.1" 200 None
2021-12-29 18:32:46,883 - DEBUG - Starting new HTTPS connection (1): finnhub.io:443
2021-12-29 18:32:47,011 - DEBUG - https://finnhub.io:443 "GET /api/v1/quote?symbol=CTAS&token=c71nnkaad3ieuiu4d000 HTTP/1.1" 200 None
2021-12-29 18:32:47,014 - DEBUG - Starting new HTTPS connection (1): api.powerbi.com:443
2021-12-29 18:32:47,180 - DEBUG - https://api.powerbi.com:443 "POST /beta/b67d722d-aa8a-4777-a169-ebeb7a6a3b67/datasets/520ae51f-637f-4efd-96be-dad192e05be4/rows?key=xOihNIQCsJUKPN0QCs93Ni3JCw0ULxfuul7LXbsyqDrprXUnu6NFehkGrhbxvnfxt9SZs3lQDqLdQjBstxp13g%3D%3D HTTP/1.1" 200 0
2021-12-29 18:32:47,183 - DEBUG - Starting new HTTPS connection (1): finnhub.io:443
2021-12-29 18:32:47,326 - DEBUG - https://finnhub.io:443 "GET /api/v1/stock/price-target?&token=c71nnkaad3ieuiu4d000&symbol=EIX HTTP/1.1" 200 None
2021-12-29 18:32:47,329 - DEBUG - Starting new HTTPS connection (1): finnhub.io:443
2021-12-29 18:32:47,460 - DEBUG - https://finnhub.io:443 "GET /api/v1/quote?symbol=EIX&token=c71nnkaad3ieuiu4d000 HTTP/1.1" 200 None
2021-12-29 18:32:47,463 - DEBUG - Starting new HTTPS connection (1): api.powerbi.com:443
2021-12-29 18:32:47,626 - DEBUG - https://api.powerbi.com:443 "POST /beta/b67d722d-aa8a-4777-a169-ebeb7a6a3b67/datasets/520ae51f-637f-4efd-96be-dad192e05be4/rows?key=xOihNIQCsJUKPN0QCs93Ni3JCw0ULxfuul7LXbsyqDrprXUnu6NFehkGrhbxvnfxt9SZs3lQDqLdQjBstxp13g%3D%3D HTTP/1.1" 200 0
2021-12-29 18:32:47,630 - DEBUG - Starting new HTTPS connection (1): finnhub.io:443
2021-12-29 18:32:47,762 - DEBUG - https://finnhub.io:443 "GET /api/v1/stock/price-target?&token=c71nnkaad3ieuiu4d000&symbol=MCD HTTP/1.1" 200 None
2021-12-29 18:32:47,765 - DEBUG - Starting new HTTPS connection (1): finnhub.io:443
2021-12-29 18:32:47,904 - DEBUG - https://finnhub.io:443 "GET /api/v1/quote?symbol=MCD&token=c71nnkaad3ieuiu4d000 HTTP/1.1" 200 None
2021-12-29 18:32:47,908 - DEBUG - Starting new HTTPS connection (1): api.powerbi.com:443
2021-12-29 18:32:48,078 - DEBUG - https://api.powerbi.com:443 "POST /beta/b67d722d-aa8a-4777-a169-ebeb7a6a3b67/datasets/520ae51f-637f-4efd-96be-dad192e05be4/rows?key=xOihNIQCsJUKPN0QCs93Ni3JCw0ULxfuul7LXbsyqDrprXUnu6NFehkGrhbxvnfxt9SZs3lQDqLdQjBstxp13g%3D%3D HTTP/1.1" 200 0
2021-12-29 18:32:48,082 - DEBUG - Starting new HTTPS connection (1): finnhub.io:443
2021-12-29 18:32:48,185 - DEBUG - https://finnhub.io:443 "GET /api/v1/stock/price-target?&token=c71nnkaad3ieuiu4d000&symbol=BTX HTTP/1.1" 200 None
2021-12-29 18:32:48,188 - DEBUG - Starting new HTTPS connection (1): finnhub.io:443
2021-12-29 18:32:48,313 - DEBUG - https://finnhub.io:443 "GET /api/v1/quote?symbol=BTX&token=c71nnkaad3ieuiu4d000 HTTP/1.1" 200 None
2021-12-29 18:32:48,316 - DEBUG - Starting new HTTPS connection (1): api.powerbi.com:443
2021-12-29 18:32:48,581 - DEBUG - https://api.powerbi.com:443 "POST /beta/b67d722d-aa8a-4777-a169-ebeb7a6a3b67/datasets/520ae51f-637f-4efd-96be-dad192e05be4/rows?key=xOihNIQCsJUKPN0QCs93Ni3JCw0ULxfuul7LXbsyqDrprXUnu6NFehkGrhbxvnfxt9SZs3lQDqLdQjBstxp13g%3D%3D HTTP/1.1" 200 0
2021-12-29 18:32:48,585 - DEBUG - Starting new HTTPS connection (1): finnhub.io:443
2021-12-29 18:32:48,698 - DEBUG - https://finnhub.io:443 "GET /api/v1/stock/price-target?&token=c71nnkaad3ieuiu4d000&symbol=MSP HTTP/1.1" 200 None
2021-12-29 18:32:48,701 - DEBUG - Starting new HTTPS connection (1): finnhub.io:443
2021-12-29 18:32:48,835 - DEBUG - https://finnhub.io:443 "GET /api/v1/quote?symbol=MSP&token=c71nnkaad3ieuiu4d000 HTTP/1.1" 200 None
2021-12-29 18:32:48,838 - DEBUG - Starting new HTTPS connection (1): api.powerbi.com:443
2021-12-29 18:32:49,037 - DEBUG - https://api.powerbi.com:443 "POST /beta/b67d722d-aa8a-4777-a169-ebeb7a6a3b67/datasets/520ae51f-637f-4efd-96be-dad192e05be4/rows?key=xOihNIQCsJUKPN0QCs93Ni3JCw0ULxfuul7LXbsyqDrprXUnu6NFehkGrhbxvnfxt9SZs3lQDqLdQjBstxp13g%3D%3D HTTP/1.1" 200 0
2021-12-29 18:32:49,041 - DEBUG - Starting new HTTPS connection (1): finnhub.io:443
2021-12-29 18:32:49,174 - DEBUG - https://finnhub.io:443 "GET /api/v1/stock/price-target?&token=c71nnkaad3ieuiu4d000&symbol=KNSA HTTP/1.1" 200 None
2021-12-29 18:32:49,177 - DEBUG - Starting new HTTPS connection (1): finnhub.io:443
2021-12-29 18:32:49,300 - DEBUG - https://finnhub.io:443 "GET /api/v1/quote?symbol=KNSA&token=c71nnkaad3ieuiu4d000 HTTP/1.1" 200 None
2021-12-29 18:32:49,303 - DEBUG - Starting new HTTPS connection (1): api.powerbi.com:443
2021-12-29 18:32:49,521 - DEBUG - https://api.powerbi.com:443 "POST /beta/b67d722d-aa8a-4777-a169-ebeb7a6a3b67/datasets/520ae51f-637f-4efd-96be-dad192e05be4/rows?key=xOihNIQCsJUKPN0QCs93Ni3JCw0ULxfuul7LXbsyqDrprXUnu6NFehkGrhbxvnfxt9SZs3lQDqLdQjBstxp13g%3D%3D HTTP/1.1" 200 0
2021-12-29 18:32:49,524 - DEBUG - Starting new HTTPS connection (1): finnhub.io:443
2021-12-29 18:32:49,673 - DEBUG - https://finnhub.io:443 "GET /api/v1/stock/price-target?&token=c71nnkaad3ieuiu4d000&symbol=CLBT HTTP/1.1" 200 None
2021-12-29 18:32:49,676 - DEBUG - Starting new HTTPS connection (1): finnhub.io:443
2021-12-29 18:32:49,805 - DEBUG - https://finnhub.io:443 "GET /api/v1/quote?symbol=CLBT&token=c71nnkaad3ieuiu4d000 HTTP/1.1" 200 None
2021-12-29 18:32:49,809 - DEBUG - Starting new HTTPS connection (1): api.powerbi.com:443
2021-12-29 18:32:50,026 - DEBUG - https://api.powerbi.com:443 "POST /beta/b67d722d-aa8a-4777-a169-ebeb7a6a3b67/datasets/520ae51f-637f-4efd-96be-dad192e05be4/rows?key=xOihNIQCsJUKPN0QCs93Ni3JCw0ULxfuul7LXbsyqDrprXUnu6NFehkGrhbxvnfxt9SZs3lQDqLdQjBstxp13g%3D%3D HTTP/1.1" 200 0
2021-12-29 18:32:50,029 - DEBUG - Starting new HTTPS connection (1): finnhub.io:443
2021-12-29 18:32:50,193 - DEBUG - https://finnhub.io:443 "GET /api/v1/stock/price-target?&token=c71nnkaad3ieuiu4d000&symbol=NRIX HTTP/1.1" 200 None
2021-12-29 18:32:50,196 - DEBUG - Starting new HTTPS connection (1): finnhub.io:443
2021-12-29 18:32:50,323 - DEBUG - https://finnhub.io:443 "GET /api/v1/quote?symbol=NRIX&token=c71nnkaad3ieuiu4d000 HTTP/1.1" 200 None
2021-12-29 18:32:50,326 - DEBUG - Starting new HTTPS connection (1): api.powerbi.com:443
2021-12-29 18:32:50,585 - DEBUG - https://api.powerbi.com:443 "POST /beta/b67d722d-aa8a-4777-a169-ebeb7a6a3b67/datasets/520ae51f-637f-4efd-96be-dad192e05be4/rows?key=xOihNIQCsJUKPN0QCs93Ni3JCw0ULxfuul7LXbsyqDrprXUnu6NFehkGrhbxvnfxt9SZs3lQDqLdQjBstxp13g%3D%3D HTTP/1.1" 200 0
2021-12-29 18:32:50,590 - DEBUG - Starting new HTTPS connection (1): finnhub.io:443
2021-12-29 18:32:50,712 - DEBUG - https://finnhub.io:443 "GET /api/v1/stock/price-target?&token=c71nnkaad3ieuiu4d000&symbol=DVAX HTTP/1.1" 200 None
2021-12-29 18:32:50,715 - DEBUG - Starting new HTTPS connection (1): finnhub.io:443
2021-12-29 18:32:50,861 - DEBUG - https://finnhub.io:443 "GET /api/v1/quote?symbol=DVAX&token=c71nnkaad3ieuiu4d000 HTTP/1.1" 200 None
2021-12-29 18:32:50,864 - DEBUG - Starting new HTTPS connection (1): api.powerbi.com:443
2021-12-29 18:32:51,068 - DEBUG - https://api.powerbi.com:443 "POST /beta/b67d722d-aa8a-4777-a169-ebeb7a6a3b67/datasets/520ae51f-637f-4efd-96be-dad192e05be4/rows?key=xOihNIQCsJUKPN0QCs93Ni3JCw0ULxfuul7LXbsyqDrprXUnu6NFehkGrhbxvnfxt9SZs3lQDqLdQjBstxp13g%3D%3D HTTP/1.1" 200 0
2021-12-29 18:32:51,072 - DEBUG - Starting new HTTPS connection (1): finnhub.io:443
2021-12-29 18:32:51,425 - DEBUG - https://finnhub.io:443 "GET /api/v1/stock/price-target?&token=c71nnkaad3ieuiu4d000&symbol=WING HTTP/1.1" 200 None
2021-12-29 18:32:51,428 - DEBUG - Starting new HTTPS connection (1): finnhub.io:443
2021-12-29 18:32:51,693 - DEBUG - https://finnhub.io:443 "GET /api/v1/quote?symbol=WING&token=c71nnkaad3ieuiu4d000 HTTP/1.1" 200 None
2021-12-29 18:32:51,698 - DEBUG - Starting new HTTPS connection (1): api.powerbi.com:443
2021-12-29 18:32:51,943 - DEBUG - https://api.powerbi.com:443 "POST /beta/b67d722d-aa8a-4777-a169-ebeb7a6a3b67/datasets/520ae51f-637f-4efd-96be-dad192e05be4/rows?key=xOihNIQCsJUKPN0QCs93Ni3JCw0ULxfuul7LXbsyqDrprXUnu6NFehkGrhbxvnfxt9SZs3lQDqLdQjBstxp13g%3D%3D HTTP/1.1" 200 0
2021-12-29 18:32:51,947 - DEBUG - Starting new HTTPS connection (1): finnhub.io:443
2021-12-29 18:32:52,106 - DEBUG - https://finnhub.io:443 "GET /api/v1/stock/price-target?&token=c71nnkaad3ieuiu4d000&symbol=NABL HTTP/1.1" 200 None
2021-12-29 18:32:52,109 - DEBUG - Starting new HTTPS connection (1): finnhub.io:443
2021-12-29 18:32:52,240 - DEBUG - https://finnhub.io:443 "GET /api/v1/quote?symbol=NABL&token=c71nnkaad3ieuiu4d000 HTTP/1.1" 200 None
2021-12-29 18:32:52,244 - DEBUG - Starting new HTTPS connection (1): api.powerbi.com:443
2021-12-29 18:32:52,412 - DEBUG - https://api.powerbi.com:443 "POST /beta/b67d722d-aa8a-4777-a169-ebeb7a6a3b67/datasets/520ae51f-637f-4efd-96be-dad192e05be4/rows?key=xOihNIQCsJUKPN0QCs93Ni3JCw0ULxfuul7LXbsyqDrprXUnu6NFehkGrhbxvnfxt9SZs3lQDqLdQjBstxp13g%3D%3D HTTP/1.1" 200 0
2021-12-29 18:32:52,416 - DEBUG - Starting new HTTPS connection (1): finnhub.io:443
2021-12-29 18:32:52,551 - DEBUG - https://finnhub.io:443 "GET /api/v1/stock/price-target?&token=c71nnkaad3ieuiu4d000&symbol=TENB HTTP/1.1" 200 None
2021-12-29 18:32:52,554 - DEBUG - Starting new HTTPS connection (1): finnhub.io:443
2021-12-29 18:32:52,694 - DEBUG - https://finnhub.io:443 "GET /api/v1/quote?symbol=TENB&token=c71nnkaad3ieuiu4d000 HTTP/1.1" 200 None
2021-12-29 18:32:52,697 - DEBUG - Starting new HTTPS connection (1): api.powerbi.com:443
2021-12-29 18:32:52,898 - DEBUG - https://api.powerbi.com:443 "POST /beta/b67d722d-aa8a-4777-a169-ebeb7a6a3b67/datasets/520ae51f-637f-4efd-96be-dad192e05be4/rows?key=xOihNIQCsJUKPN0QCs93Ni3JCw0ULxfuul7LXbsyqDrprXUnu6NFehkGrhbxvnfxt9SZs3lQDqLdQjBstxp13g%3D%3D HTTP/1.1" 200 0
2021-12-29 18:32:52,902 - DEBUG - Starting new HTTPS connection (1): finnhub.io:443
2021-12-29 18:32:53,043 - DEBUG - https://finnhub.io:443 "GET /api/v1/stock/price-target?&token=c71nnkaad3ieuiu4d000&symbol=AKAM HTTP/1.1" 200 None
2021-12-29 18:32:53,046 - DEBUG - Starting new HTTPS connection (1): finnhub.io:443
2021-12-29 18:32:53,196 - DEBUG - https://finnhub.io:443 "GET /api/v1/quote?symbol=AKAM&token=c71nnkaad3ieuiu4d000 HTTP/1.1" 200 None
2021-12-29 18:32:53,200 - DEBUG - Starting new HTTPS connection (1): api.powerbi.com:443
2021-12-29 18:32:53,506 - DEBUG - https://api.powerbi.com:443 "POST /beta/b67d722d-aa8a-4777-a169-ebeb7a6a3b67/datasets/520ae51f-637f-4efd-96be-dad192e05be4/rows?key=xOihNIQCsJUKPN0QCs93Ni3JCw0ULxfuul7LXbsyqDrprXUnu6NFehkGrhbxvnfxt9SZs3lQDqLdQjBstxp13g%3D%3D HTTP/1.1" 200 0
2021-12-29 19:35:10,312 - DEBUG - Starting new HTTPS connection (1): finnhub.io:443
2021-12-29 19:35:10,967 - DEBUG - https://finnhub.io:443 "GET /api/v1/stock/upgrade-downgrade?&token=c71nnkaad3ieuiu4d000 HTTP/1.1" 200 None
2021-12-29 19:35:10,972 - DEBUG - Starting new HTTPS connection (1): finnhub.io:443
2021-12-29 19:35:11,193 - DEBUG - https://finnhub.io:443 "GET /api/v1/stock/upgrade-downgrade?&token=c71nnkaad3ieuiu4d000 HTTP/1.1" 200 None
2021-12-29 19:37:22,424 - DEBUG - Starting new HTTPS connection (1): finnhub.io:443
2021-12-29 19:37:22,578 - DEBUG - https://finnhub.io:443 "GET /api/v1/stock/upgrade-downgrade?&token=c71nnkaad3ieuiu4d000 HTTP/1.1" 200 None
2021-12-29 19:37:22,604 - DEBUG - Starting new HTTPS connection (1): finnhub.io:443
2021-12-29 19:37:22,739 - DEBUG - https://finnhub.io:443 "GET /api/v1/stock/upgrade-downgrade?&token=c71nnkaad3ieuiu4d000 HTTP/1.1" 200 None
2021-12-29 19:47:39,939 - DEBUG - Starting new HTTPS connection (1): finnhub.io:443
2021-12-29 19:47:40,120 - DEBUG - https://finnhub.io:443 "GET /api/v1/stock/upgrade-downgrade?&token=c71nnkaad3ieuiu4d000 HTTP/1.1" 200 None
2021-12-29 19:47:40,139 - DEBUG - Starting new HTTPS connection (1): finnhub.io:443
2021-12-29 19:47:40,261 - DEBUG - https://finnhub.io:443 "GET /api/v1/stock/upgrade-downgrade?&token=c71nnkaad3ieuiu4d000 HTTP/1.1" 200 None
2021-12-29 19:48:42,045 - DEBUG - Starting new HTTPS connection (1): finnhub.io:443
2021-12-29 19:48:42,241 - DEBUG - https://finnhub.io:443 "GET /api/v1/stock/upgrade-downgrade?&token=c71nnkaad3ieuiu4d000 HTTP/1.1" 200 None
2021-12-29 19:48:42,284 - DEBUG - Starting new HTTPS connection (1): finnhub.io:443
2021-12-29 19:48:42,482 - DEBUG - https://finnhub.io:443 "GET /api/v1/stock/upgrade-downgrade?&token=c71nnkaad3ieuiu4d000 HTTP/1.1" 200 None
2021-12-29 19:49:45,969 - DEBUG - Starting new HTTPS connection (1): finnhub.io:443
2021-12-29 19:49:46,109 - DEBUG - https://finnhub.io:443 "GET /api/v1/stock/upgrade-downgrade?&token=c71nnkaad3ieuiu4d000 HTTP/1.1" 200 None
2021-12-29 19:49:46,137 - DEBUG - Starting new HTTPS connection (1): finnhub.io:443
2021-12-29 19:49:46,266 - DEBUG - https://finnhub.io:443 "GET /api/v1/stock/upgrade-downgrade?&token=c71nnkaad3ieuiu4d000 HTTP/1.1" 200 None
2021-12-29 19:49:46,289 - DEBUG - finnhub rating return code:200
2021-12-29 19:49:46,289 - DEBUG - finnhub rating return code:200
2021-12-29 19:49:46,289 - DEBUG - finnhub rating return code:200
2021-12-29 19:49:46,289 - DEBUG - finnhub rating return code:200
2021-12-29 19:49:46,289 - DEBUG - finnhub rating return code:200
2021-12-29 19:49:46,289 - DEBUG - finnhub rating return code:200
2021-12-29 19:49:46,289 - DEBUG - finnhub rating return code:200
2021-12-29 19:49:46,289 - DEBUG - finnhub rating return code:200
2021-12-29 19:49:46,289 - DEBUG - finnhub rating return code:200
2021-12-29 19:49:46,289 - DEBUG - finnhub rating return code:200
2021-12-29 19:49:46,289 - DEBUG - finnhub rating return code:200
2021-12-29 19:49:46,289 - DEBUG - finnhub rating return code:200
2021-12-29 19:49:46,290 - DEBUG - finnhub rating return code:200
2021-12-29 19:49:46,290 - DEBUG - finnhub rating return code:200
2021-12-29 19:49:46,290 - DEBUG - finnhub rating return code:200
2021-12-29 19:49:46,290 - DEBUG - finnhub rating return code:200
2021-12-29 19:49:46,290 - DEBUG - finnhub rating return code:200
2021-12-29 19:49:46,290 - DEBUG - finnhub rating return code:200
2021-12-29 19:49:46,290 - DEBUG - finnhub rating return code:200
2021-12-29 19:49:46,290 - DEBUG - finnhub rating return code:200
2021-12-29 19:49:46,290 - DEBUG - finnhub rating return code:200
2021-12-29 19:49:46,290 - DEBUG - finnhub rating return code:200
2021-12-29 19:49:46,290 - DEBUG - finnhub rating return code:200
2021-12-29 19:49:46,290 - DEBUG - finnhub rating return code:200
2021-12-29 19:49:46,290 - DEBUG - finnhub rating return code:200
2021-12-29 19:49:46,290 - DEBUG - finnhub rating return code:200
2021-12-29 19:49:46,290 - DEBUG - finnhub rating return code:200
2021-12-29 19:49:46,291 - DEBUG - finnhub rating return code:200
2021-12-29 19:49:46,291 - DEBUG - finnhub rating return code:200
2021-12-29 19:49:46,291 - DEBUG - finnhub rating return code:200
2021-12-29 19:49:46,291 - DEBUG - finnhub rating return code:200
2021-12-29 19:49:46,291 - DEBUG - finnhub rating return code:200
2021-12-29 19:49:46,291 - DEBUG - finnhub rating return code:200
2021-12-29 19:49:46,291 - DEBUG - finnhub rating return code:200
2021-12-29 19:49:46,291 - DEBUG - finnhub rating return code:200
2021-12-29 19:49:46,291 - DEBUG - finnhub rating return code:200
2021-12-29 19:49:46,291 - DEBUG - finnhub rating return code:200
2021-12-29 19:49:46,291 - DEBUG - finnhub rating return code:200
2021-12-29 19:49:46,291 - DEBUG - finnhub rating return code:200
2021-12-29 19:49:46,291 - DEBUG - finnhub rating return code:200
2021-12-29 19:49:46,291 - DEBUG - finnhub rating return code:200
2021-12-29 19:49:46,291 - DEBUG - finnhub rating return code:200
2021-12-29 19:49:46,292 - DEBUG - finnhub rating return code:200
2021-12-29 19:49:46,292 - DEBUG - finnhub rating return code:200
2021-12-29 19:49:46,292 - DEBUG - finnhub rating return code:200
2021-12-29 19:49:46,292 - DEBUG - finnhub rating return code:200
2021-12-29 19:49:46,292 - DEBUG - finnhub rating return code:200
2021-12-29 19:49:46,292 - DEBUG - finnhub rating return code:200
2021-12-29 19:49:46,292 - DEBUG - finnhub rating return code:200
2021-12-29 19:49:46,292 - DEBUG - finnhub rating return code:200
2021-12-29 19:49:46,292 - DEBUG - finnhub rating return code:200
2021-12-29 19:49:46,292 - DEBUG - finnhub rating return code:200
2021-12-29 19:49:46,292 - DEBUG - finnhub rating return code:200
2021-12-29 19:49:46,292 - DEBUG - finnhub rating return code:200
2021-12-29 19:49:46,292 - DEBUG - finnhub rating return code:200
2021-12-29 19:49:46,293 - DEBUG - finnhub rating return code:200
2021-12-29 19:49:46,293 - DEBUG - finnhub rating return code:200
2021-12-29 19:49:46,293 - DEBUG - finnhub rating return code:200
2021-12-29 19:49:46,293 - DEBUG - finnhub rating return code:200
2021-12-29 19:49:46,293 - DEBUG - finnhub rating return code:200
2021-12-29 19:49:46,293 - DEBUG - finnhub rating return code:200
2021-12-29 19:49:46,293 - DEBUG - finnhub rating return code:200
2021-12-29 19:49:46,293 - DEBUG - finnhub rating return code:200
2021-12-29 19:49:46,293 - DEBUG - finnhub rating return code:200
2021-12-29 19:49:46,293 - DEBUG - finnhub rating return code:200
2021-12-29 19:49:46,293 - DEBUG - finnhub rating return code:200
2021-12-29 19:49:46,293 - DEBUG - finnhub rating return code:200
2021-12-29 19:49:46,293 - DEBUG - finnhub rating return code:200
2021-12-29 19:49:46,293 - DEBUG - finnhub rating return code:200
2021-12-29 19:49:46,293 - DEBUG - finnhub rating return code:200
2021-12-29 19:49:46,293 - DEBUG - finnhub rating return code:200
2021-12-29 19:49:46,293 - DEBUG - finnhub rating return code:200
2021-12-29 19:49:46,294 - DEBUG - finnhub rating return code:200
2021-12-29 19:49:46,294 - DEBUG - finnhub rating return code:200
2021-12-29 19:49:46,294 - DEBUG - finnhub rating return code:200
2021-12-29 19:49:46,294 - DEBUG - finnhub rating return code:200
2021-12-29 19:49:46,294 - DEBUG - finnhub rating return code:200
2021-12-29 19:49:46,294 - DEBUG - finnhub rating return code:200
2021-12-29 19:49:46,294 - DEBUG - finnhub rating return code:200
2021-12-29 19:49:46,294 - DEBUG - finnhub rating return code:200
2021-12-29 19:49:46,294 - DEBUG - finnhub rating return code:200
2021-12-29 19:49:46,294 - DEBUG - finnhub rating return code:200
2021-12-29 19:49:46,294 - DEBUG - finnhub rating return code:200
2021-12-29 19:49:46,294 - DEBUG - finnhub rating return code:200
2021-12-29 19:49:46,294 - DEBUG - finnhub rating return code:200
2021-12-29 19:49:46,294 - DEBUG - finnhub rating return code:200
2021-12-29 19:49:46,294 - DEBUG - finnhub rating return code:200
2021-12-29 19:49:46,294 - DEBUG - finnhub rating return code:200
2021-12-29 19:49:46,294 - DEBUG - finnhub rating return code:200
2021-12-29 19:49:46,294 - DEBUG - finnhub rating return code:200
2021-12-29 19:49:46,295 - DEBUG - finnhub rating return code:200
2021-12-29 19:49:46,295 - DEBUG - finnhub rating return code:200
2021-12-29 19:49:46,295 - DEBUG - finnhub rating return code:200
2021-12-29 19:49:46,295 - DEBUG - finnhub rating return code:200
2021-12-29 19:49:46,295 - DEBUG - finnhub rating return code:200
2021-12-29 19:49:46,295 - DEBUG - finnhub rating return code:200
2021-12-29 19:49:46,295 - DEBUG - finnhub rating return code:200
2021-12-29 19:49:46,295 - DEBUG - finnhub rating return code:200
2021-12-29 19:49:46,295 - DEBUG - finnhub rating return code:200
2021-12-29 19:49:46,295 - DEBUG - finnhub rating return code:200
2021-12-29 19:49:46,295 - DEBUG - finnhub rating return code:200
2021-12-29 19:49:46,295 - DEBUG - finnhub rating return code:200
2021-12-29 19:49:46,295 - DEBUG - finnhub rating return code:200
2021-12-29 19:49:46,295 - DEBUG - finnhub rating return code:200
2021-12-29 19:49:46,295 - DEBUG - finnhub rating return code:200
2021-12-29 19:49:46,295 - DEBUG - finnhub rating return code:200
2021-12-29 19:49:46,295 - DEBUG - finnhub rating return code:200
2021-12-29 19:49:46,296 - DEBUG - finnhub rating return code:200
2021-12-29 19:49:46,296 - DEBUG - finnhub rating return code:200
2021-12-29 19:49:46,296 - DEBUG - finnhub rating return code:200
2021-12-29 19:49:46,296 - DEBUG - finnhub rating return code:200
2021-12-29 19:49:46,296 - DEBUG - finnhub rating return code:200
2021-12-29 19:49:46,296 - DEBUG - finnhub rating return code:200
2021-12-29 19:49:46,296 - DEBUG - finnhub rating return code:200
2021-12-29 19:49:46,296 - DEBUG - finnhub rating return code:200
2021-12-29 19:49:46,296 - DEBUG - finnhub rating return code:200
2021-12-29 19:49:46,296 - DEBUG - finnhub rating return code:200
2021-12-29 19:49:46,296 - DEBUG - finnhub rating return code:200
2021-12-29 19:49:46,296 - DEBUG - finnhub rating return code:200
2021-12-29 19:49:46,296 - DEBUG - finnhub rating return code:200
2021-12-29 19:49:46,296 - DEBUG - finnhub rating return code:200
2021-12-29 19:49:46,296 - DEBUG - finnhub rating return code:200
2021-12-29 19:49:46,296 - DEBUG - finnhub rating return code:200
2021-12-29 19:49:46,296 - DEBUG - finnhub rating return code:200
2021-12-29 19:49:46,297 - DEBUG - finnhub rating return code:200
2021-12-29 19:49:46,297 - DEBUG - finnhub rating return code:200
2021-12-29 19:49:46,297 - DEBUG - finnhub rating return code:200
2021-12-29 19:49:46,297 - DEBUG - finnhub rating return code:200
2021-12-29 19:49:46,297 - DEBUG - finnhub rating return code:200
2021-12-29 19:49:46,297 - DEBUG - finnhub rating return code:200
2021-12-29 19:49:46,297 - DEBUG - finnhub rating return code:200
2021-12-29 19:49:46,297 - DEBUG - finnhub rating return code:200
2021-12-29 19:49:46,297 - DEBUG - finnhub rating return code:200
2021-12-29 19:49:46,297 - DEBUG - finnhub rating return code:200
2021-12-29 19:49:46,297 - DEBUG - finnhub rating return code:200
2021-12-29 19:49:46,297 - DEBUG - finnhub rating return code:200
2021-12-29 19:49:46,297 - DEBUG - finnhub rating return code:200
2021-12-29 19:49:46,297 - DEBUG - finnhub rating return code:200
2021-12-29 19:49:46,297 - DEBUG - finnhub rating return code:200
2021-12-29 19:49:46,297 - DEBUG - finnhub rating return code:200
2021-12-29 19:49:46,297 - DEBUG - finnhub rating return code:200
2021-12-29 19:49:46,297 - DEBUG - finnhub rating return code:200
2021-12-29 19:49:46,298 - DEBUG - finnhub rating return code:200
2021-12-29 19:49:46,298 - DEBUG - finnhub rating return code:200
2021-12-29 19:49:46,298 - DEBUG - finnhub rating return code:200
2021-12-29 19:49:46,298 - DEBUG - finnhub rating return code:200
2021-12-29 19:49:46,298 - DEBUG - finnhub rating return code:200
2021-12-29 19:49:46,298 - DEBUG - finnhub rating return code:200
2021-12-29 19:49:46,298 - DEBUG - finnhub rating return code:200
2021-12-29 19:49:46,298 - DEBUG - finnhub rating return code:200
2021-12-29 19:49:46,298 - DEBUG - finnhub rating return code:200
2021-12-29 19:49:46,298 - DEBUG - finnhub rating return code:200
2021-12-29 19:49:46,298 - DEBUG - finnhub rating return code:200
2021-12-29 19:49:46,298 - DEBUG - finnhub rating return code:200
2021-12-29 19:49:46,298 - DEBUG - finnhub rating return code:200
2021-12-29 19:49:46,298 - DEBUG - finnhub rating return code:200
2021-12-29 19:49:46,298 - DEBUG - finnhub rating return code:200
2021-12-29 19:49:46,298 - DEBUG - finnhub rating return code:200
2021-12-29 19:49:46,298 - DEBUG - finnhub rating return code:200
2021-12-29 19:49:46,299 - DEBUG - finnhub rating return code:200
2021-12-29 19:49:46,299 - DEBUG - finnhub rating return code:200
2021-12-29 19:49:46,299 - DEBUG - finnhub rating return code:200
2021-12-29 19:49:46,299 - DEBUG - finnhub rating return code:200
2021-12-29 19:49:46,299 - DEBUG - finnhub rating return code:200
2021-12-29 19:49:46,299 - DEBUG - finnhub rating return code:200
2021-12-29 19:49:46,299 - DEBUG - finnhub rating return code:200
2021-12-29 19:49:46,299 - DEBUG - finnhub rating return code:200
2021-12-29 19:49:46,299 - DEBUG - finnhub rating return code:200
2021-12-29 19:49:46,299 - DEBUG - finnhub rating return code:200
2021-12-29 19:49:46,299 - DEBUG - finnhub rating return code:200
2021-12-29 19:49:46,299 - DEBUG - finnhub rating return code:200
2021-12-29 19:49:46,299 - DEBUG - finnhub rating return code:200
2021-12-29 19:49:46,299 - DEBUG - finnhub rating return code:200
2021-12-29 19:49:46,299 - DEBUG - finnhub rating return code:200
2021-12-29 19:49:46,299 - DEBUG - finnhub rating return code:200
2021-12-29 19:49:46,299 - DEBUG - finnhub rating return code:200
2021-12-29 19:49:46,300 - DEBUG - finnhub rating return code:200
2021-12-29 19:49:46,300 - DEBUG - finnhub rating return code:200
2021-12-29 19:49:46,300 - DEBUG - finnhub rating return code:200
2021-12-29 19:49:46,300 - DEBUG - finnhub rating return code:200
2021-12-29 19:49:46,300 - DEBUG - finnhub rating return code:200
2021-12-29 19:49:46,300 - DEBUG - finnhub rating return code:200
2021-12-29 19:49:46,300 - DEBUG - finnhub rating return code:200
2021-12-29 19:49:46,300 - DEBUG - finnhub rating return code:200
2021-12-29 19:49:46,300 - DEBUG - finnhub rating return code:200
2021-12-29 19:49:46,300 - DEBUG - finnhub rating return code:200
2021-12-29 19:49:46,300 - DEBUG - finnhub rating return code:200
2021-12-29 19:49:46,300 - DEBUG - finnhub rating return code:200
2021-12-29 19:49:46,300 - DEBUG - finnhub rating return code:200
2021-12-29 19:49:46,300 - DEBUG - finnhub rating return code:200
2021-12-29 19:49:46,301 - DEBUG - finnhub rating return code:200
2021-12-29 19:49:46,301 - DEBUG - finnhub rating return code:200
2021-12-29 19:49:46,301 - DEBUG - finnhub rating return code:200
2021-12-29 19:49:46,301 - DEBUG - finnhub rating return code:200
2021-12-29 19:49:46,301 - DEBUG - finnhub rating return code:200
2021-12-29 19:49:46,301 - DEBUG - finnhub rating return code:200
2021-12-29 19:49:46,301 - DEBUG - finnhub rating return code:200
2021-12-29 19:49:46,301 - DEBUG - finnhub rating return code:200
2021-12-29 19:49:46,301 - DEBUG - finnhub rating return code:200
2021-12-29 19:49:46,301 - DEBUG - finnhub rating return code:200
2021-12-29 19:49:46,301 - DEBUG - finnhub rating return code:200
2021-12-29 19:49:46,301 - DEBUG - finnhub rating return code:200
2021-12-29 19:49:46,301 - DEBUG - finnhub rating return code:200
2021-12-29 19:49:46,301 - DEBUG - finnhub rating return code:200
2021-12-29 19:49:46,301 - DEBUG - finnhub rating return code:200
2021-12-29 19:49:46,301 - DEBUG - finnhub rating return code:200
2021-12-29 19:49:46,301 - DEBUG - finnhub rating return code:200
2021-12-29 19:49:46,302 - DEBUG - finnhub rating return code:200
2021-12-29 19:49:46,302 - DEBUG - finnhub rating return code:200
2021-12-29 19:49:46,302 - DEBUG - finnhub rating return code:200
2021-12-29 19:49:46,302 - DEBUG - finnhub rating return code:200
2021-12-29 19:49:46,302 - DEBUG - finnhub rating return code:200
2021-12-29 19:49:46,302 - DEBUG - finnhub rating return code:200
2021-12-29 19:49:46,302 - DEBUG - finnhub rating return code:200
2021-12-29 19:49:46,302 - DEBUG - finnhub rating return code:200
2021-12-29 19:49:46,302 - DEBUG - finnhub rating return code:200
2021-12-29 19:49:46,302 - DEBUG - finnhub rating return code:200
2021-12-29 19:49:46,302 - DEBUG - finnhub rating return code:200
2021-12-29 19:49:46,302 - DEBUG - finnhub rating return code:200
2021-12-29 19:49:46,302 - DEBUG - finnhub rating return code:200
2021-12-29 19:49:46,302 - DEBUG - finnhub rating return code:200
2021-12-29 19:49:46,302 - DEBUG - finnhub rating return code:200
2021-12-29 19:49:46,302 - DEBUG - finnhub rating return code:200
2021-12-29 19:49:46,302 - DEBUG - finnhub rating return code:200
2021-12-29 19:49:46,302 - DEBUG - finnhub rating return code:200
2021-12-29 19:49:46,303 - DEBUG - finnhub rating return code:200
2021-12-29 19:49:46,303 - DEBUG - finnhub rating return code:200
2021-12-29 19:49:46,303 - DEBUG - finnhub rating return code:200
2021-12-29 19:49:46,303 - DEBUG - finnhub rating return code:200
2021-12-29 19:49:46,303 - DEBUG - finnhub rating return code:200
2021-12-29 19:49:46,303 - DEBUG - finnhub rating return code:200
2021-12-29 19:49:46,303 - DEBUG - finnhub rating return code:200
2021-12-29 19:49:46,303 - DEBUG - finnhub rating return code:200
2021-12-29 19:49:46,303 - DEBUG - finnhub rating return code:200
2021-12-29 19:49:46,303 - DEBUG - finnhub rating return code:200
2021-12-29 19:49:46,303 - DEBUG - finnhub rating return code:200
2021-12-29 19:49:46,303 - DEBUG - finnhub rating return code:200
2021-12-29 19:49:46,303 - DEBUG - finnhub rating return code:200
2021-12-29 19:49:46,303 - DEBUG - finnhub rating return code:200
2021-12-29 19:49:46,303 - DEBUG - finnhub rating return code:200
2021-12-29 19:49:46,303 - DEBUG - finnhub rating return code:200
2021-12-29 19:49:46,303 - DEBUG - finnhub rating return code:200
2021-12-29 19:49:46,303 - DEBUG - finnhub rating return code:200
2021-12-29 19:49:46,303 - DEBUG - finnhub rating return code:200
2021-12-29 19:49:46,304 - DEBUG - finnhub rating return code:200
2021-12-29 19:49:46,304 - DEBUG - finnhub rating return code:200
2021-12-29 19:49:46,304 - DEBUG - finnhub rating return code:200
2021-12-29 19:49:46,304 - DEBUG - finnhub rating return code:200
2021-12-29 19:49:46,304 - DEBUG - finnhub rating return code:200
2021-12-29 19:49:46,304 - DEBUG - finnhub rating return code:200
2021-12-29 19:49:46,304 - DEBUG - finnhub rating return code:200
2021-12-29 19:49:46,304 - DEBUG - finnhub rating return code:200
2021-12-29 19:49:46,304 - DEBUG - finnhub rating return code:200
2021-12-29 19:49:46,304 - DEBUG - finnhub rating return code:200
2021-12-29 19:49:46,304 - DEBUG - finnhub rating return code:200
2021-12-29 19:49:46,304 - DEBUG - finnhub rating return code:200
2021-12-29 19:49:46,304 - DEBUG - finnhub rating return code:200
2021-12-29 19:49:46,304 - DEBUG - finnhub rating return code:200
2021-12-29 19:49:46,304 - DEBUG - finnhub rating return code:200
2021-12-29 19:49:46,304 - DEBUG - finnhub rating return code:200
2021-12-29 19:49:46,304 - DEBUG - finnhub rating return code:200
2021-12-29 19:49:46,304 - DEBUG - finnhub rating return code:200
2021-12-29 19:49:46,305 - DEBUG - finnhub rating return code:200
2021-12-29 19:49:46,305 - DEBUG - finnhub rating return code:200
2021-12-29 19:49:46,305 - DEBUG - finnhub rating return code:200
2021-12-29 19:49:46,305 - DEBUG - finnhub rating return code:200
2021-12-29 19:49:46,305 - DEBUG - finnhub rating return code:200
2021-12-29 19:49:46,305 - DEBUG - finnhub rating return code:200
2021-12-29 19:49:46,305 - DEBUG - finnhub rating return code:200
2021-12-29 19:49:46,305 - DEBUG - finnhub rating return code:200
2021-12-29 19:49:46,305 - DEBUG - finnhub rating return code:200
2021-12-29 19:49:46,305 - DEBUG - finnhub rating return code:200
2021-12-29 19:49:46,305 - DEBUG - finnhub rating return code:200
2021-12-29 19:49:46,305 - DEBUG - finnhub rating return code:200
2021-12-29 19:49:46,305 - DEBUG - finnhub rating return code:200
2021-12-29 19:49:46,305 - DEBUG - finnhub rating return code:200
2021-12-29 19:49:46,305 - DEBUG - finnhub rating return code:200
2021-12-29 19:49:46,305 - DEBUG - finnhub rating return code:200
2021-12-29 19:49:46,305 - DEBUG - finnhub rating return code:200
2021-12-29 19:49:46,306 - DEBUG - finnhub rating return code:200
2021-12-29 19:49:46,306 - DEBUG - finnhub rating return code:200
2021-12-29 19:49:46,306 - DEBUG - finnhub rating return code:200
2021-12-29 19:49:46,306 - DEBUG - finnhub rating return code:200
2021-12-29 19:49:46,306 - DEBUG - finnhub rating return code:200
2021-12-29 19:49:46,306 - DEBUG - finnhub rating return code:200
2021-12-29 19:49:46,306 - DEBUG - finnhub rating return code:200
2021-12-29 19:49:46,306 - DEBUG - finnhub rating return code:200
2021-12-29 19:49:46,306 - DEBUG - finnhub rating return code:200
2021-12-29 19:49:46,306 - DEBUG - finnhub rating return code:200
2021-12-29 19:49:46,306 - DEBUG - finnhub rating return code:200
2021-12-29 19:49:46,306 - DEBUG - finnhub rating return code:200
2021-12-29 19:49:46,306 - DEBUG - finnhub rating return code:200
2021-12-29 19:49:46,306 - DEBUG - finnhub rating return code:200
2021-12-29 19:49:46,306 - DEBUG - finnhub rating return code:200
2021-12-29 19:49:46,306 - DEBUG - finnhub rating return code:200
2021-12-29 19:49:46,306 - DEBUG - finnhub rating return code:200
2021-12-29 19:49:46,306 - DEBUG - finnhub rating return code:200
2021-12-29 19:49:46,307 - DEBUG - finnhub rating return code:200
2021-12-29 19:49:46,307 - DEBUG - finnhub rating return code:200
2021-12-29 19:49:46,307 - DEBUG - finnhub rating return code:200
2021-12-29 19:49:46,307 - DEBUG - finnhub rating return code:200
2021-12-29 19:49:46,307 - DEBUG - finnhub rating return code:200
2021-12-29 19:49:46,307 - DEBUG - finnhub rating return code:200
2021-12-29 19:49:46,307 - DEBUG - finnhub rating return code:200
2021-12-29 19:49:46,307 - DEBUG - finnhub rating return code:200
2021-12-29 19:49:46,307 - DEBUG - finnhub rating return code:200
2021-12-29 19:49:46,307 - DEBUG - finnhub rating return code:200
2021-12-29 19:49:46,307 - DEBUG - finnhub rating return code:200
2021-12-29 19:49:46,307 - DEBUG - finnhub rating return code:200
2021-12-29 19:49:46,307 - DEBUG - finnhub rating return code:200
2021-12-29 19:49:46,307 - DEBUG - finnhub rating return code:200
2021-12-29 19:49:46,307 - DEBUG - finnhub rating return code:200
2021-12-29 19:49:46,307 - DEBUG - finnhub rating return code:200
2021-12-29 19:49:46,307 - DEBUG - finnhub rating return code:200
2021-12-29 19:49:46,307 - DEBUG - finnhub rating return code:200
2021-12-29 19:49:46,307 - DEBUG - finnhub rating return code:200
2021-12-29 19:49:46,308 - DEBUG - finnhub rating return code:200
2021-12-29 19:49:46,308 - DEBUG - finnhub rating return code:200
2021-12-29 19:49:46,308 - DEBUG - finnhub rating return code:200
2021-12-29 19:49:46,308 - DEBUG - finnhub rating return code:200
2021-12-29 19:49:46,308 - DEBUG - finnhub rating return code:200
2021-12-29 19:49:46,308 - DEBUG - finnhub rating return code:200
2021-12-29 19:49:46,308 - DEBUG - finnhub rating return code:200
2021-12-29 19:49:46,308 - DEBUG - finnhub rating return code:200
2021-12-29 19:50:01,524 - DEBUG - Starting new HTTPS connection (1): finnhub.io:443
2021-12-29 19:50:02,233 - DEBUG - https://finnhub.io:443 "GET /api/v1/stock/upgrade-downgrade?&token=c71nnkaad3ieuiu4d000 HTTP/1.1" 200 None
2021-12-29 19:50:02,239 - DEBUG - Starting new HTTPS connection (1): finnhub.io:443
2021-12-29 19:50:02,444 - DEBUG - https://finnhub.io:443 "GET /api/v1/stock/upgrade-downgrade?&token=c71nnkaad3ieuiu4d000 HTTP/1.1" 200 None
2021-12-29 19:50:02,480 - DEBUG - finnhub rating return code:200
2021-12-29 19:50:02,480 - DEBUG - finnhub rating return code:200
2021-12-29 19:50:02,480 - DEBUG - finnhub rating return code:200
2021-12-29 19:50:02,481 - DEBUG - finnhub rating return code:200
2021-12-29 19:50:02,481 - DEBUG - finnhub rating return code:200
2021-12-29 19:50:02,481 - DEBUG - finnhub rating return code:200
2021-12-29 19:50:02,481 - DEBUG - finnhub rating return code:200
2021-12-29 19:50:02,481 - DEBUG - finnhub rating return code:200
2021-12-29 19:50:02,481 - DEBUG - finnhub rating return code:200
2021-12-29 19:50:02,481 - DEBUG - finnhub rating return code:200
2021-12-29 19:50:02,481 - DEBUG - finnhub rating return code:200
2021-12-29 19:50:02,481 - DEBUG - finnhub rating return code:200
2021-12-29 19:50:02,481 - DEBUG - finnhub rating return code:200
2021-12-29 19:50:02,481 - DEBUG - finnhub rating return code:200
2021-12-29 19:50:02,481 - DEBUG - finnhub rating return code:200
2021-12-29 19:50:02,481 - DEBUG - finnhub rating return code:200
2021-12-29 19:50:02,482 - DEBUG - finnhub rating return code:200
2021-12-29 19:50:02,482 - DEBUG - finnhub rating return code:200
2021-12-29 19:50:02,482 - DEBUG - finnhub rating return code:200
2021-12-29 19:50:02,482 - DEBUG - finnhub rating return code:200
2021-12-29 19:50:02,482 - DEBUG - finnhub rating return code:200
2021-12-29 19:50:02,482 - DEBUG - finnhub rating return code:200
2021-12-29 19:50:02,482 - DEBUG - finnhub rating return code:200
2021-12-29 19:50:02,482 - DEBUG - finnhub rating return code:200
2021-12-29 19:50:02,482 - DEBUG - finnhub rating return code:200
2021-12-29 19:50:02,482 - DEBUG - finnhub rating return code:200
2021-12-29 19:50:02,482 - DEBUG - finnhub rating return code:200
2021-12-29 19:50:02,482 - DEBUG - finnhub rating return code:200
2021-12-29 19:50:02,482 - DEBUG - finnhub rating return code:200
2021-12-29 19:50:02,482 - DEBUG - finnhub rating return code:200
2021-12-29 19:50:02,482 - DEBUG - finnhub rating return code:200
2021-12-29 19:50:02,483 - DEBUG - finnhub rating return code:200
2021-12-29 19:50:02,483 - DEBUG - finnhub rating return code:200
2021-12-29 19:50:02,483 - DEBUG - finnhub rating return code:200
2021-12-29 19:50:02,483 - DEBUG - finnhub rating return code:200
2021-12-29 19:50:02,483 - DEBUG - finnhub rating return code:200
2021-12-29 19:50:02,483 - DEBUG - finnhub rating return code:200
2021-12-29 19:50:02,483 - DEBUG - finnhub rating return code:200
2021-12-29 19:50:02,483 - DEBUG - finnhub rating return code:200
2021-12-29 19:50:02,483 - DEBUG - finnhub rating return code:200
2021-12-29 19:50:02,483 - DEBUG - finnhub rating return code:200
2021-12-29 19:50:02,483 - DEBUG - finnhub rating return code:200
2021-12-29 19:50:02,483 - DEBUG - finnhub rating return code:200
2021-12-29 19:50:02,483 - DEBUG - finnhub rating return code:200
2021-12-29 19:50:02,483 - DEBUG - finnhub rating return code:200
2021-12-29 19:50:02,483 - DEBUG - finnhub rating return code:200
2021-12-29 19:50:02,484 - DEBUG - finnhub rating return code:200
2021-12-29 19:50:02,484 - DEBUG - finnhub rating return code:200
2021-12-29 19:50:02,484 - DEBUG - finnhub rating return code:200
2021-12-29 19:50:02,484 - DEBUG - finnhub rating return code:200
2021-12-29 19:50:02,484 - DEBUG - finnhub rating return code:200
2021-12-29 19:50:02,484 - DEBUG - finnhub rating return code:200
2021-12-29 19:50:02,484 - DEBUG - finnhub rating return code:200
2021-12-29 19:50:02,484 - DEBUG - finnhub rating return code:200
2021-12-29 19:50:02,484 - DEBUG - finnhub rating return code:200
2021-12-29 19:50:02,484 - DEBUG - finnhub rating return code:200
2021-12-29 19:50:02,484 - DEBUG - finnhub rating return code:200
2021-12-29 19:50:02,484 - DEBUG - finnhub rating return code:200
2021-12-29 19:50:02,484 - DEBUG - finnhub rating return code:200
2021-12-29 19:50:02,484 - DEBUG - finnhub rating return code:200
2021-12-29 19:50:02,484 - DEBUG - finnhub rating return code:200
2021-12-29 19:50:02,485 - DEBUG - finnhub rating return code:200
2021-12-29 19:50:02,485 - DEBUG - finnhub rating return code:200
2021-12-29 19:50:02,485 - DEBUG - finnhub rating return code:200
2021-12-29 19:50:02,485 - DEBUG - finnhub rating return code:200
2021-12-29 19:50:02,485 - DEBUG - finnhub rating return code:200
2021-12-29 19:50:02,485 - DEBUG - finnhub rating return code:200
2021-12-29 19:50:02,485 - DEBUG - finnhub rating return code:200
2021-12-29 19:50:02,485 - DEBUG - finnhub rating return code:200
2021-12-29 19:50:02,485 - DEBUG - finnhub rating return code:200
2021-12-29 19:50:02,485 - DEBUG - finnhub rating return code:200
2021-12-29 19:50:02,485 - DEBUG - finnhub rating return code:200
2021-12-29 19:50:02,485 - DEBUG - finnhub rating return code:200
2021-12-29 19:50:02,485 - DEBUG - finnhub rating return code:200
2021-12-29 19:50:02,485 - DEBUG - finnhub rating return code:200
2021-12-29 19:50:02,485 - DEBUG - finnhub rating return code:200
2021-12-29 19:50:02,485 - DEBUG - finnhub rating return code:200
2021-12-29 19:50:02,486 - DEBUG - finnhub rating return code:200
2021-12-29 19:50:02,486 - DEBUG - finnhub rating return code:200
2021-12-29 19:50:02,486 - DEBUG - finnhub rating return code:200
2021-12-29 19:50:02,486 - DEBUG - finnhub rating return code:200
2021-12-29 19:50:02,486 - DEBUG - finnhub rating return code:200
2021-12-29 19:50:02,486 - DEBUG - finnhub rating return code:200
2021-12-29 19:50:02,486 - DEBUG - finnhub rating return code:200
2021-12-29 19:50:02,486 - DEBUG - finnhub rating return code:200
2021-12-29 19:50:02,486 - DEBUG - finnhub rating return code:200
2021-12-29 19:50:02,486 - DEBUG - finnhub rating return code:200
2021-12-29 19:50:02,486 - DEBUG - finnhub rating return code:200
2021-12-29 19:50:02,486 - DEBUG - finnhub rating return code:200
2021-12-29 19:50:02,486 - DEBUG - finnhub rating return code:200
2021-12-29 19:50:02,486 - DEBUG - finnhub rating return code:200
2021-12-29 19:50:02,486 - DEBUG - finnhub rating return code:200
2021-12-29 19:50:02,486 - DEBUG - finnhub rating return code:200
2021-12-29 19:50:02,487 - DEBUG - finnhub rating return code:200
2021-12-29 19:50:02,487 - DEBUG - finnhub rating return code:200
2021-12-29 19:50:02,487 - DEBUG - finnhub rating return code:200
2021-12-29 19:50:02,487 - DEBUG - finnhub rating return code:200
2021-12-29 19:50:02,487 - DEBUG - finnhub rating return code:200
2021-12-29 19:50:02,487 - DEBUG - finnhub rating return code:200
2021-12-29 19:50:02,487 - DEBUG - finnhub rating return code:200
2021-12-29 19:50:02,487 - DEBUG - finnhub rating return code:200
2021-12-29 19:50:02,487 - DEBUG - finnhub rating return code:200
2021-12-29 19:50:02,487 - DEBUG - finnhub rating return code:200
2021-12-29 19:50:02,487 - DEBUG - finnhub rating return code:200
2021-12-29 19:50:02,487 - DEBUG - finnhub rating return code:200
2021-12-29 19:50:02,487 - DEBUG - finnhub rating return code:200
2021-12-29 19:50:02,487 - DEBUG - finnhub rating return code:200
2021-12-29 19:50:02,487 - DEBUG - finnhub rating return code:200
2021-12-29 19:50:02,488 - DEBUG - finnhub rating return code:200
2021-12-29 19:50:02,488 - DEBUG - finnhub rating return code:200
2021-12-29 19:50:02,488 - DEBUG - finnhub rating return code:200
2021-12-29 19:50:02,488 - DEBUG - finnhub rating return code:200
2021-12-29 19:50:02,488 - DEBUG - finnhub rating return code:200
2021-12-29 19:50:02,488 - DEBUG - finnhub rating return code:200
2021-12-29 19:50:02,488 - DEBUG - finnhub rating return code:200
2021-12-29 19:50:02,488 - DEBUG - finnhub rating return code:200
2021-12-29 19:50:02,488 - DEBUG - finnhub rating return code:200
2021-12-29 19:50:02,488 - DEBUG - finnhub rating return code:200
2021-12-29 19:50:02,488 - DEBUG - finnhub rating return code:200
2021-12-29 19:50:02,488 - DEBUG - finnhub rating return code:200
2021-12-29 19:50:02,488 - DEBUG - finnhub rating return code:200
2021-12-29 19:50:02,488 - DEBUG - finnhub rating return code:200
2021-12-29 19:50:02,488 - DEBUG - finnhub rating return code:200
2021-12-29 19:50:02,488 - DEBUG - finnhub rating return code:200
2021-12-29 19:50:02,488 - DEBUG - finnhub rating return code:200
2021-12-29 19:50:02,489 - DEBUG - finnhub rating return code:200
2021-12-29 19:50:02,489 - DEBUG - finnhub rating return code:200
2021-12-29 19:50:02,489 - DEBUG - finnhub rating return code:200
2021-12-29 19:50:02,489 - DEBUG - finnhub rating return code:200
2021-12-29 19:50:02,489 - DEBUG - finnhub rating return code:200
2021-12-29 19:50:02,489 - DEBUG - finnhub rating return code:200
2021-12-29 19:50:02,489 - DEBUG - finnhub rating return code:200
2021-12-29 19:50:02,489 - DEBUG - finnhub rating return code:200
2021-12-29 19:50:02,489 - DEBUG - finnhub rating return code:200
2021-12-29 19:50:02,489 - DEBUG - finnhub rating return code:200
2021-12-29 19:50:02,489 - DEBUG - finnhub rating return code:200
2021-12-29 19:50:02,489 - DEBUG - finnhub rating return code:200
2021-12-29 19:50:02,489 - DEBUG - finnhub rating return code:200
2021-12-29 19:50:02,489 - DEBUG - finnhub rating return code:200
2021-12-29 19:50:02,489 - DEBUG - finnhub rating return code:200
2021-12-29 19:50:02,489 - DEBUG - finnhub rating return code:200
2021-12-29 19:50:02,489 - DEBUG - finnhub rating return code:200
2021-12-29 19:50:02,489 - DEBUG - finnhub rating return code:200
2021-12-29 19:50:02,490 - DEBUG - finnhub rating return code:200
2021-12-29 19:50:02,490 - DEBUG - finnhub rating return code:200
2021-12-29 19:50:02,490 - DEBUG - finnhub rating return code:200
2021-12-29 19:50:02,490 - DEBUG - finnhub rating return code:200
2021-12-29 19:50:02,490 - DEBUG - finnhub rating return code:200
2021-12-29 19:50:02,490 - DEBUG - finnhub rating return code:200
2021-12-29 19:50:02,490 - DEBUG - finnhub rating return code:200
2021-12-29 19:50:02,490 - DEBUG - finnhub rating return code:200
2021-12-29 19:50:02,490 - DEBUG - finnhub rating return code:200
2021-12-29 19:50:02,490 - DEBUG - finnhub rating return code:200
2021-12-29 19:50:02,490 - DEBUG - finnhub rating return code:200
2021-12-29 19:50:02,490 - DEBUG - finnhub rating return code:200
2021-12-29 19:50:02,490 - DEBUG - finnhub rating return code:200
2021-12-29 19:50:02,490 - DEBUG - finnhub rating return code:200
2021-12-29 19:50:02,490 - DEBUG - finnhub rating return code:200
2021-12-29 19:50:02,490 - DEBUG - finnhub rating return code:200
2021-12-29 19:50:02,490 - DEBUG - finnhub rating return code:200
2021-12-29 19:50:02,490 - DEBUG - finnhub rating return code:200
2021-12-29 19:50:02,491 - DEBUG - finnhub rating return code:200
2021-12-29 19:50:02,491 - DEBUG - finnhub rating return code:200
2021-12-29 19:50:02,491 - DEBUG - finnhub rating return code:200
2021-12-29 19:50:02,491 - DEBUG - finnhub rating return code:200
2021-12-29 19:50:02,491 - DEBUG - finnhub rating return code:200
2021-12-29 19:50:02,491 - DEBUG - finnhub rating return code:200
2021-12-29 19:50:02,491 - DEBUG - finnhub rating return code:200
2021-12-29 19:50:02,491 - DEBUG - finnhub rating return code:200
2021-12-29 19:50:02,491 - DEBUG - finnhub rating return code:200
2021-12-29 19:50:02,491 - DEBUG - finnhub rating return code:200
2021-12-29 19:50:02,491 - DEBUG - finnhub rating return code:200
2021-12-29 19:50:02,491 - DEBUG - finnhub rating return code:200
2021-12-29 19:50:02,491 - DEBUG - finnhub rating return code:200
2021-12-29 19:50:02,491 - DEBUG - finnhub rating return code:200
2021-12-29 19:50:02,491 - DEBUG - finnhub rating return code:200
2021-12-29 19:50:02,491 - DEBUG - finnhub rating return code:200
2021-12-29 19:50:02,491 - DEBUG - finnhub rating return code:200
2021-12-29 19:50:02,491 - DEBUG - finnhub rating return code:200
2021-12-29 19:50:02,492 - DEBUG - finnhub rating return code:200
2021-12-29 19:50:02,492 - DEBUG - finnhub rating return code:200
2021-12-29 19:50:02,492 - DEBUG - finnhub rating return code:200
2021-12-29 19:50:02,492 - DEBUG - finnhub rating return code:200
2021-12-29 19:50:02,492 - DEBUG - finnhub rating return code:200
2021-12-29 19:50:02,492 - DEBUG - finnhub rating return code:200
2021-12-29 19:50:02,492 - DEBUG - finnhub rating return code:200
2021-12-29 19:50:02,492 - DEBUG - finnhub rating return code:200
2021-12-29 19:50:02,492 - DEBUG - finnhub rating return code:200
2021-12-29 19:50:02,492 - DEBUG - finnhub rating return code:200
2021-12-29 19:50:02,492 - DEBUG - finnhub rating return code:200
2021-12-29 19:50:02,492 - DEBUG - finnhub rating return code:200
2021-12-29 19:50:02,492 - DEBUG - finnhub rating return code:200
2021-12-29 19:50:02,492 - DEBUG - finnhub rating return code:200
2021-12-29 19:50:02,492 - DEBUG - finnhub rating return code:200
2021-12-29 19:50:02,492 - DEBUG - finnhub rating return code:200
2021-12-29 19:50:02,492 - DEBUG - finnhub rating return code:200
2021-12-29 19:50:02,492 - DEBUG - finnhub rating return code:200
2021-12-29 19:50:02,493 - DEBUG - finnhub rating return code:200
2021-12-29 19:50:02,493 - DEBUG - finnhub rating return code:200
2021-12-29 19:50:02,493 - DEBUG - finnhub rating return code:200
2021-12-29 19:50:02,493 - DEBUG - finnhub rating return code:200
2021-12-29 19:50:02,493 - DEBUG - finnhub rating return code:200
2021-12-29 19:50:02,493 - DEBUG - finnhub rating return code:200
2021-12-29 19:50:02,493 - DEBUG - finnhub rating return code:200
2021-12-29 19:50:02,493 - DEBUG - finnhub rating return code:200
2021-12-29 19:50:02,493 - DEBUG - finnhub rating return code:200
2021-12-29 19:50:02,493 - DEBUG - finnhub rating return code:200
2021-12-29 19:50:02,493 - DEBUG - finnhub rating return code:200
2021-12-29 19:50:02,493 - DEBUG - finnhub rating return code:200
2021-12-29 19:50:02,493 - DEBUG - finnhub rating return code:200
2021-12-29 19:50:02,493 - DEBUG - finnhub rating return code:200
2021-12-29 19:50:02,493 - DEBUG - finnhub rating return code:200
2021-12-29 19:50:02,493 - DEBUG - finnhub rating return code:200
2021-12-29 19:50:02,493 - DEBUG - finnhub rating return code:200
2021-12-29 19:50:02,493 - DEBUG - finnhub rating return code:200
2021-12-29 19:50:02,494 - DEBUG - finnhub rating return code:200
2021-12-29 19:50:02,494 - DEBUG - finnhub rating return code:200
2021-12-29 19:50:02,494 - DEBUG - finnhub rating return code:200
2021-12-29 19:50:02,494 - DEBUG - finnhub rating return code:200
2021-12-29 19:50:02,494 - DEBUG - finnhub rating return code:200
2021-12-29 19:50:02,494 - DEBUG - finnhub rating return code:200
2021-12-29 19:50:02,494 - DEBUG - finnhub rating return code:200
2021-12-29 19:50:02,494 - DEBUG - finnhub rating return code:200
2021-12-29 19:50:02,494 - DEBUG - finnhub rating return code:200
2021-12-29 19:50:02,494 - DEBUG - finnhub rating return code:200
2021-12-29 19:50:02,494 - DEBUG - finnhub rating return code:200
2021-12-29 19:50:02,494 - DEBUG - finnhub rating return code:200
2021-12-29 19:50:02,494 - DEBUG - finnhub rating return code:200
2021-12-29 19:50:02,494 - DEBUG - finnhub rating return code:200
2021-12-29 19:50:02,494 - DEBUG - finnhub rating return code:200
2021-12-29 19:50:02,494 - DEBUG - finnhub rating return code:200
2021-12-29 19:50:02,494 - DEBUG - finnhub rating return code:200
2021-12-29 19:50:02,494 - DEBUG - finnhub rating return code:200
2021-12-29 19:50:02,495 - DEBUG - finnhub rating return code:200
2021-12-29 19:50:02,495 - DEBUG - finnhub rating return code:200
2021-12-29 19:50:02,495 - DEBUG - finnhub rating return code:200
2021-12-29 19:50:02,495 - DEBUG - finnhub rating return code:200
2021-12-29 19:50:02,495 - DEBUG - finnhub rating return code:200
2021-12-29 19:50:02,495 - DEBUG - finnhub rating return code:200
2021-12-29 19:50:02,495 - DEBUG - finnhub rating return code:200
2021-12-29 19:50:02,495 - DEBUG - finnhub rating return code:200
2021-12-29 19:50:02,495 - DEBUG - finnhub rating return code:200
2021-12-29 19:50:02,495 - DEBUG - finnhub rating return code:200
2021-12-29 19:50:02,495 - DEBUG - finnhub rating return code:200
2021-12-29 19:50:02,495 - DEBUG - finnhub rating return code:200
2021-12-29 19:50:02,495 - DEBUG - finnhub rating return code:200
2021-12-29 19:50:02,495 - DEBUG - finnhub rating return code:200
2021-12-29 19:50:02,495 - DEBUG - finnhub rating return code:200
2021-12-29 19:50:02,495 - DEBUG - finnhub rating return code:200
2021-12-29 19:50:02,495 - DEBUG - finnhub rating return code:200
2021-12-29 19:50:02,495 - DEBUG - finnhub rating return code:200
2021-12-29 19:50:02,496 - DEBUG - finnhub rating return code:200
2021-12-29 19:50:02,496 - DEBUG - finnhub rating return code:200
2021-12-29 19:50:02,496 - DEBUG - finnhub rating return code:200
2021-12-29 19:50:02,496 - DEBUG - finnhub rating return code:200
2021-12-29 19:50:02,496 - DEBUG - finnhub rating return code:200
2021-12-29 19:50:02,496 - DEBUG - finnhub rating return code:200
2021-12-29 19:50:02,496 - DEBUG - finnhub rating return code:200
2021-12-29 19:50:02,496 - DEBUG - finnhub rating return code:200
2021-12-29 19:50:02,496 - DEBUG - finnhub rating return code:200
2021-12-29 19:50:02,496 - DEBUG - finnhub rating return code:200
2021-12-29 19:50:02,496 - DEBUG - finnhub rating return code:200
2021-12-29 19:50:02,496 - DEBUG - finnhub rating return code:200
2021-12-29 19:50:02,496 - DEBUG - finnhub rating return code:200
2021-12-29 19:50:02,496 - DEBUG - finnhub rating return code:200
2021-12-29 19:50:02,496 - DEBUG - finnhub rating return code:200
2021-12-29 19:50:02,496 - DEBUG - finnhub rating return code:200
2021-12-29 19:50:02,496 - DEBUG - finnhub rating return code:200
2021-12-29 19:50:02,496 - DEBUG - finnhub rating return code:200
2021-12-29 19:50:02,497 - DEBUG - finnhub rating return code:200
2021-12-29 19:50:02,497 - DEBUG - finnhub rating return code:200
2021-12-29 19:50:02,497 - DEBUG - finnhub rating return code:200
2021-12-29 19:50:02,497 - DEBUG - finnhub rating return code:200
2021-12-29 19:50:02,497 - DEBUG - finnhub rating return code:200
2021-12-29 19:50:02,497 - DEBUG - finnhub rating return code:200
2021-12-29 19:50:02,497 - DEBUG - finnhub rating return code:200
2021-12-29 19:50:02,497 - DEBUG - finnhub rating return code:200
2021-12-29 19:50:02,497 - DEBUG - finnhub rating return code:200
2021-12-29 19:50:02,497 - DEBUG - finnhub rating return code:200
2021-12-29 19:50:02,497 - DEBUG - finnhub rating return code:200
2021-12-29 19:50:02,497 - DEBUG - finnhub rating return code:200
2021-12-29 19:50:02,497 - DEBUG - finnhub rating return code:200
2021-12-29 19:50:02,497 - DEBUG - finnhub rating return code:200
2021-12-29 19:50:02,497 - DEBUG - finnhub rating return code:200
2021-12-29 19:50:02,497 - DEBUG - finnhub rating return code:200
2021-12-29 19:50:02,497 - DEBUG - finnhub rating return code:200
2021-12-29 19:50:02,497 - DEBUG - finnhub rating return code:200
2021-12-29 19:50:02,498 - DEBUG - finnhub rating return code:200
2021-12-29 19:50:02,498 - DEBUG - finnhub rating return code:200
2021-12-29 19:50:02,498 - DEBUG - finnhub rating return code:200
2021-12-29 19:50:02,498 - DEBUG - finnhub rating return code:200
2021-12-29 19:50:02,498 - DEBUG - finnhub rating return code:200
2021-12-29 19:50:02,498 - DEBUG - finnhub rating return code:200
2021-12-29 19:50:02,498 - DEBUG - finnhub rating return code:200
2021-12-29 19:50:02,498 - DEBUG - finnhub rating return code:200
2021-12-29 19:50:02,498 - DEBUG - finnhub rating return code:200
2021-12-29 19:50:02,498 - DEBUG - finnhub rating return code:200
2021-12-29 19:50:02,498 - DEBUG - finnhub rating return code:200
2021-12-29 19:50:02,498 - DEBUG - finnhub rating return code:200
2021-12-29 19:50:02,498 - DEBUG - finnhub rating return code:200
2021-12-29 19:50:02,498 - DEBUG - finnhub rating return code:200
2021-12-29 19:50:02,498 - DEBUG - finnhub rating return code:200
2021-12-29 19:50:02,498 - DEBUG - finnhub rating return code:200
2021-12-29 19:50:02,498 - DEBUG - finnhub rating return code:200
2021-12-29 19:50:02,498 - DEBUG - finnhub rating return code:200
2021-12-29 19:50:02,498 - DEBUG - finnhub rating return code:200
2021-12-29 19:50:02,499 - DEBUG - finnhub rating return code:200
2021-12-29 19:50:02,499 - DEBUG - finnhub rating return code:200
2021-12-29 19:50:02,499 - DEBUG - finnhub rating return code:200
2021-12-29 19:50:02,499 - DEBUG - finnhub rating return code:200
2021-12-29 19:50:02,499 - DEBUG - finnhub rating return code:200
2021-12-29 19:50:02,499 - DEBUG - finnhub rating return code:200
2021-12-29 19:50:02,499 - DEBUG - finnhub rating return code:200
2021-12-29 19:50:02,499 - DEBUG - finnhub rating return code:200
2021-12-29 19:50:02,499 - DEBUG - finnhub rating return code:200
2021-12-29 19:50:02,499 - DEBUG - finnhub rating return code:200
2021-12-29 19:50:02,499 - DEBUG - finnhub rating return code:200
2021-12-29 19:50:02,499 - DEBUG - finnhub rating return code:200
2021-12-29 19:50:02,499 - DEBUG - finnhub rating return code:200
2021-12-29 19:50:02,499 - DEBUG - finnhub rating return code:200
2021-12-29 19:50:02,499 - DEBUG - finnhub rating return code:200
2021-12-29 19:50:02,499 - DEBUG - finnhub rating return code:200
2021-12-29 19:50:02,499 - DEBUG - finnhub rating return code:200
2021-12-29 19:50:02,499 - DEBUG - finnhub rating return code:200
2021-12-29 19:50:35,681 - DEBUG - Starting new HTTPS connection (1): finnhub.io:443
2021-12-29 19:50:35,833 - DEBUG - https://finnhub.io:443 "GET /api/v1/stock/upgrade-downgrade?&token=c71nnkaad3ieuiu4d000 HTTP/1.1" 200 None
2021-12-29 19:50:35,837 - DEBUG - Starting new HTTPS connection (1): finnhub.io:443
2021-12-29 19:50:35,967 - DEBUG - https://finnhub.io:443 "GET /api/v1/stock/upgrade-downgrade?&token=c71nnkaad3ieuiu4d000 HTTP/1.1" 200 None
2021-12-29 19:50:35,994 - DEBUG - finnhub rating return code:200
2021-12-29 19:50:35,994 - DEBUG - finnhub rating return code:200
2021-12-29 19:50:35,994 - DEBUG - finnhub rating return code:200
2021-12-29 19:50:35,994 - DEBUG - finnhub rating return code:200
2021-12-29 19:50:35,994 - DEBUG - finnhub rating return code:200
2021-12-29 19:50:35,994 - DEBUG - finnhub rating return code:200
2021-12-29 19:50:35,994 - DEBUG - finnhub rating return code:200
2021-12-29 19:50:35,994 - DEBUG - finnhub rating return code:200
2021-12-29 19:50:35,994 - DEBUG - finnhub rating return code:200
2021-12-29 19:50:35,994 - DEBUG - finnhub rating return code:200
2021-12-29 19:50:35,994 - DEBUG - finnhub rating return code:200
2021-12-29 19:50:35,994 - DEBUG - finnhub rating return code:200
2021-12-29 19:50:35,995 - DEBUG - finnhub rating return code:200
2021-12-29 19:50:35,995 - DEBUG - finnhub rating return code:200
2021-12-29 19:50:35,995 - DEBUG - finnhub rating return code:200
2021-12-29 19:50:35,995 - DEBUG - finnhub rating return code:200
2021-12-29 19:50:35,995 - DEBUG - finnhub rating return code:200
2021-12-29 19:50:35,995 - DEBUG - finnhub rating return code:200
2021-12-29 19:50:35,995 - DEBUG - finnhub rating return code:200
2021-12-29 19:50:35,995 - DEBUG - finnhub rating return code:200
2021-12-29 19:50:35,995 - DEBUG - finnhub rating return code:200
2021-12-29 19:50:35,995 - DEBUG - finnhub rating return code:200
2021-12-29 19:50:35,995 - DEBUG - finnhub rating return code:200
2021-12-29 19:50:35,995 - DEBUG - finnhub rating return code:200
2021-12-29 19:50:35,995 - DEBUG - finnhub rating return code:200
2021-12-29 19:50:35,995 - DEBUG - finnhub rating return code:200
2021-12-29 19:50:35,995 - DEBUG - finnhub rating return code:200
2021-12-29 19:50:35,996 - DEBUG - finnhub rating return code:200
2021-12-29 19:50:35,996 - DEBUG - finnhub rating return code:200
2021-12-29 19:50:35,996 - DEBUG - finnhub rating return code:200
2021-12-29 19:50:35,996 - DEBUG - finnhub rating return code:200
2021-12-29 19:50:35,996 - DEBUG - finnhub rating return code:200
2021-12-29 19:50:35,996 - DEBUG - finnhub rating return code:200
2021-12-29 19:50:35,996 - DEBUG - finnhub rating return code:200
2021-12-29 19:50:35,996 - DEBUG - finnhub rating return code:200
2021-12-29 19:50:35,996 - DEBUG - finnhub rating return code:200
2021-12-29 19:50:35,996 - DEBUG - finnhub rating return code:200
2021-12-29 19:50:35,996 - DEBUG - finnhub rating return code:200
2021-12-29 19:50:35,996 - DEBUG - finnhub rating return code:200
2021-12-29 19:50:35,996 - DEBUG - finnhub rating return code:200
2021-12-29 19:50:35,996 - DEBUG - finnhub rating return code:200
2021-12-29 19:50:35,997 - DEBUG - finnhub rating return code:200
2021-12-29 19:50:35,997 - DEBUG - finnhub rating return code:200
2021-12-29 19:50:35,997 - DEBUG - finnhub rating return code:200
2021-12-29 19:50:35,997 - DEBUG - finnhub rating return code:200
2021-12-29 19:50:35,997 - DEBUG - finnhub rating return code:200
2021-12-29 19:50:35,997 - DEBUG - finnhub rating return code:200
2021-12-29 19:50:35,997 - DEBUG - finnhub rating return code:200
2021-12-29 19:50:35,997 - DEBUG - finnhub rating return code:200
2021-12-29 19:50:35,997 - DEBUG - finnhub rating return code:200
2021-12-29 19:50:35,997 - DEBUG - finnhub rating return code:200
2021-12-29 19:50:35,997 - DEBUG - finnhub rating return code:200
2021-12-29 19:50:35,997 - DEBUG - finnhub rating return code:200
2021-12-29 19:50:35,997 - DEBUG - finnhub rating return code:200
2021-12-29 19:50:35,997 - DEBUG - finnhub rating return code:200
2021-12-29 19:50:35,997 - DEBUG - finnhub rating return code:200
2021-12-29 19:50:35,998 - DEBUG - finnhub rating return code:200
2021-12-29 19:50:35,998 - DEBUG - finnhub rating return code:200
2021-12-29 19:50:35,998 - DEBUG - finnhub rating return code:200
2021-12-29 19:50:35,998 - DEBUG - finnhub rating return code:200
2021-12-29 19:50:35,998 - DEBUG - finnhub rating return code:200
2021-12-29 19:50:35,998 - DEBUG - finnhub rating return code:200
2021-12-29 19:50:35,998 - DEBUG - finnhub rating return code:200
2021-12-29 19:50:35,998 - DEBUG - finnhub rating return code:200
2021-12-29 19:50:35,998 - DEBUG - finnhub rating return code:200
2021-12-29 19:50:35,998 - DEBUG - finnhub rating return code:200
2021-12-29 19:50:35,998 - DEBUG - finnhub rating return code:200
2021-12-29 19:50:35,998 - DEBUG - finnhub rating return code:200
2021-12-29 19:50:35,998 - DEBUG - finnhub rating return code:200
2021-12-29 19:50:35,998 - DEBUG - finnhub rating return code:200
2021-12-29 19:50:35,998 - DEBUG - finnhub rating return code:200
2021-12-29 19:50:35,999 - DEBUG - finnhub rating return code:200
2021-12-29 19:50:35,999 - DEBUG - finnhub rating return code:200
2021-12-29 19:50:35,999 - DEBUG - finnhub rating return code:200
2021-12-29 19:50:35,999 - DEBUG - finnhub rating return code:200
2021-12-29 19:50:35,999 - DEBUG - finnhub rating return code:200
2021-12-29 19:50:35,999 - DEBUG - finnhub rating return code:200
2021-12-29 19:50:35,999 - DEBUG - finnhub rating return code:200
2021-12-29 19:50:35,999 - DEBUG - finnhub rating return code:200
2021-12-29 19:50:35,999 - DEBUG - finnhub rating return code:200
2021-12-29 19:50:35,999 - DEBUG - finnhub rating return code:200
2021-12-29 19:50:35,999 - DEBUG - finnhub rating return code:200
2021-12-29 19:50:35,999 - DEBUG - finnhub rating return code:200
2021-12-29 19:50:35,999 - DEBUG - finnhub rating return code:200
2021-12-29 19:50:35,999 - DEBUG - finnhub rating return code:200
2021-12-29 19:50:35,999 - DEBUG - finnhub rating return code:200
2021-12-29 19:50:35,999 - DEBUG - finnhub rating return code:200
2021-12-29 19:50:36,000 - DEBUG - finnhub rating return code:200
2021-12-29 19:50:36,000 - DEBUG - finnhub rating return code:200
2021-12-29 19:50:36,000 - DEBUG - finnhub rating return code:200
2021-12-29 19:50:36,000 - DEBUG - finnhub rating return code:200
2021-12-29 19:50:36,000 - DEBUG - finnhub rating return code:200
2021-12-29 19:50:36,000 - DEBUG - finnhub rating return code:200
2021-12-29 19:50:36,000 - DEBUG - finnhub rating return code:200
2021-12-29 19:50:36,000 - DEBUG - finnhub rating return code:200
2021-12-29 19:50:36,000 - DEBUG - finnhub rating return code:200
2021-12-29 19:50:36,000 - DEBUG - finnhub rating return code:200
2021-12-29 19:50:36,000 - DEBUG - finnhub rating return code:200
2021-12-29 19:50:36,000 - DEBUG - finnhub rating return code:200
2021-12-29 19:50:36,000 - DEBUG - finnhub rating return code:200
2021-12-29 19:50:36,000 - DEBUG - finnhub rating return code:200
2021-12-29 19:50:36,001 - DEBUG - finnhub rating return code:200
2021-12-29 19:50:36,001 - DEBUG - finnhub rating return code:200
2021-12-29 19:50:36,001 - DEBUG - finnhub rating return code:200
2021-12-29 19:50:36,001 - DEBUG - finnhub rating return code:200
2021-12-29 19:50:36,001 - DEBUG - finnhub rating return code:200
2021-12-29 19:50:36,001 - DEBUG - finnhub rating return code:200
2021-12-29 19:50:36,001 - DEBUG - finnhub rating return code:200
2021-12-29 19:50:36,001 - DEBUG - finnhub rating return code:200
2021-12-29 19:50:36,001 - DEBUG - finnhub rating return code:200
2021-12-29 19:50:36,001 - DEBUG - finnhub rating return code:200
2021-12-29 19:50:36,001 - DEBUG - finnhub rating return code:200
2021-12-29 19:50:36,001 - DEBUG - finnhub rating return code:200
2021-12-29 19:50:36,001 - DEBUG - finnhub rating return code:200
2021-12-29 19:50:36,001 - DEBUG - finnhub rating return code:200
2021-12-29 19:50:36,001 - DEBUG - finnhub rating return code:200
2021-12-29 19:50:36,001 - DEBUG - finnhub rating return code:200
2021-12-29 19:50:36,002 - DEBUG - finnhub rating return code:200
2021-12-29 19:50:36,002 - DEBUG - finnhub rating return code:200
2021-12-29 19:50:36,002 - DEBUG - finnhub rating return code:200
2021-12-29 19:50:36,002 - DEBUG - finnhub rating return code:200
2021-12-29 19:50:36,002 - DEBUG - finnhub rating return code:200
2021-12-29 19:50:36,002 - DEBUG - finnhub rating return code:200
2021-12-29 19:50:36,002 - DEBUG - finnhub rating return code:200
2021-12-29 19:50:36,002 - DEBUG - finnhub rating return code:200
2021-12-29 19:50:36,002 - DEBUG - finnhub rating return code:200
2021-12-29 19:50:36,002 - DEBUG - finnhub rating return code:200
2021-12-29 19:50:36,002 - DEBUG - finnhub rating return code:200
2021-12-29 19:50:36,002 - DEBUG - finnhub rating return code:200
2021-12-29 19:50:36,002 - DEBUG - finnhub rating return code:200
2021-12-29 19:50:36,002 - DEBUG - finnhub rating return code:200
2021-12-29 19:50:36,002 - DEBUG - finnhub rating return code:200
2021-12-29 19:50:36,003 - DEBUG - finnhub rating return code:200
2021-12-29 19:50:36,003 - DEBUG - finnhub rating return code:200
2021-12-29 19:50:36,003 - DEBUG - finnhub rating return code:200
2021-12-29 19:50:36,003 - DEBUG - finnhub rating return code:200
2021-12-29 19:50:36,003 - DEBUG - finnhub rating return code:200
2021-12-29 19:50:36,003 - DEBUG - finnhub rating return code:200
2021-12-29 19:50:36,003 - DEBUG - finnhub rating return code:200
2021-12-29 19:50:36,003 - DEBUG - finnhub rating return code:200
2021-12-29 19:50:36,003 - DEBUG - finnhub rating return code:200
2021-12-29 19:50:36,003 - DEBUG - finnhub rating return code:200
2021-12-29 19:50:36,003 - DEBUG - finnhub rating return code:200
2021-12-29 19:50:36,003 - DEBUG - finnhub rating return code:200
2021-12-29 19:50:36,003 - DEBUG - finnhub rating return code:200
2021-12-29 19:50:36,003 - DEBUG - finnhub rating return code:200
2021-12-29 19:50:36,003 - DEBUG - finnhub rating return code:200
2021-12-29 19:50:36,003 - DEBUG - finnhub rating return code:200
2021-12-29 19:50:36,004 - DEBUG - finnhub rating return code:200
2021-12-29 19:50:36,004 - DEBUG - finnhub rating return code:200
2021-12-29 19:50:36,004 - DEBUG - finnhub rating return code:200
2021-12-29 19:50:36,004 - DEBUG - finnhub rating return code:200
2021-12-29 19:50:36,004 - DEBUG - finnhub rating return code:200
2021-12-29 19:50:36,004 - DEBUG - finnhub rating return code:200
2021-12-29 19:50:36,004 - DEBUG - finnhub rating return code:200
2021-12-29 19:50:36,004 - DEBUG - finnhub rating return code:200
2021-12-29 19:50:36,004 - DEBUG - finnhub rating return code:200
2021-12-29 19:50:36,004 - DEBUG - finnhub rating return code:200
2021-12-29 19:50:36,004 - DEBUG - finnhub rating return code:200
2021-12-29 19:50:36,004 - DEBUG - finnhub rating return code:200
2021-12-29 19:50:36,004 - DEBUG - finnhub rating return code:200
2021-12-29 19:50:36,004 - DEBUG - finnhub rating return code:200
2021-12-29 19:50:36,004 - DEBUG - finnhub rating return code:200
2021-12-29 19:50:36,004 - DEBUG - finnhub rating return code:200
2021-12-29 19:50:36,004 - DEBUG - finnhub rating return code:200
2021-12-29 19:50:36,005 - DEBUG - finnhub rating return code:200
2021-12-29 19:50:36,005 - DEBUG - finnhub rating return code:200
2021-12-29 19:50:36,005 - DEBUG - finnhub rating return code:200
2021-12-29 19:50:36,005 - DEBUG - finnhub rating return code:200
2021-12-29 19:50:36,005 - DEBUG - finnhub rating return code:200
2021-12-29 19:50:36,005 - DEBUG - finnhub rating return code:200
2021-12-29 19:50:36,005 - DEBUG - finnhub rating return code:200
2021-12-29 19:50:36,005 - DEBUG - finnhub rating return code:200
2021-12-29 19:50:36,005 - DEBUG - finnhub rating return code:200
2021-12-29 19:50:36,005 - DEBUG - finnhub rating return code:200
2021-12-29 19:50:36,005 - DEBUG - finnhub rating return code:200
2021-12-29 19:50:36,005 - DEBUG - finnhub rating return code:200
2021-12-29 19:50:36,005 - DEBUG - finnhub rating return code:200
2021-12-29 19:50:36,005 - DEBUG - finnhub rating return code:200
2021-12-29 19:50:36,005 - DEBUG - finnhub rating return code:200
2021-12-29 19:50:36,005 - DEBUG - finnhub rating return code:200
2021-12-29 19:50:36,006 - DEBUG - finnhub rating return code:200
2021-12-29 19:50:36,006 - DEBUG - finnhub rating return code:200
2021-12-29 19:50:36,006 - DEBUG - finnhub rating return code:200
2021-12-29 19:50:36,006 - DEBUG - finnhub rating return code:200
2021-12-29 19:50:36,006 - DEBUG - finnhub rating return code:200
2021-12-29 19:50:36,006 - DEBUG - finnhub rating return code:200
2021-12-29 19:50:36,006 - DEBUG - finnhub rating return code:200
2021-12-29 19:50:36,006 - DEBUG - finnhub rating return code:200
2021-12-29 19:50:36,006 - DEBUG - finnhub rating return code:200
2021-12-29 19:50:36,006 - DEBUG - finnhub rating return code:200
2021-12-29 19:50:36,006 - DEBUG - finnhub rating return code:200
2021-12-29 19:50:36,006 - DEBUG - finnhub rating return code:200
2021-12-29 19:50:36,006 - DEBUG - finnhub rating return code:200
2021-12-29 19:50:36,006 - DEBUG - finnhub rating return code:200
2021-12-29 19:50:36,006 - DEBUG - finnhub rating return code:200
2021-12-29 19:50:36,006 - DEBUG - finnhub rating return code:200
2021-12-29 19:50:36,006 - DEBUG - finnhub rating return code:200
2021-12-29 19:50:36,007 - DEBUG - finnhub rating return code:200
2021-12-29 19:50:36,007 - DEBUG - finnhub rating return code:200
2021-12-29 19:50:36,007 - DEBUG - finnhub rating return code:200
2021-12-29 19:50:36,007 - DEBUG - finnhub rating return code:200
2021-12-29 19:50:36,007 - DEBUG - finnhub rating return code:200
2021-12-29 19:50:36,007 - DEBUG - finnhub rating return code:200
2021-12-29 19:50:36,007 - DEBUG - finnhub rating return code:200
2021-12-29 19:50:36,007 - DEBUG - finnhub rating return code:200
2021-12-29 19:50:36,007 - DEBUG - finnhub rating return code:200
2021-12-29 19:50:36,007 - DEBUG - finnhub rating return code:200
2021-12-29 19:50:36,007 - DEBUG - finnhub rating return code:200
2021-12-29 19:50:36,007 - DEBUG - finnhub rating return code:200
2021-12-29 19:50:36,007 - DEBUG - finnhub rating return code:200
2021-12-29 19:50:36,007 - DEBUG - finnhub rating return code:200
2021-12-29 19:50:36,007 - DEBUG - finnhub rating return code:200
2021-12-29 19:50:36,007 - DEBUG - finnhub rating return code:200
2021-12-29 19:50:36,007 - DEBUG - finnhub rating return code:200
2021-12-29 19:50:36,008 - DEBUG - finnhub rating return code:200
2021-12-29 19:50:36,008 - DEBUG - finnhub rating return code:200
2021-12-29 19:50:36,008 - DEBUG - finnhub rating return code:200
2021-12-29 19:50:36,008 - DEBUG - finnhub rating return code:200
2021-12-29 19:50:36,008 - DEBUG - finnhub rating return code:200
2021-12-29 19:50:36,008 - DEBUG - finnhub rating return code:200
2021-12-29 19:50:36,008 - DEBUG - finnhub rating return code:200
2021-12-29 19:50:36,008 - DEBUG - finnhub rating return code:200
2021-12-29 19:50:36,008 - DEBUG - finnhub rating return code:200
2021-12-29 19:50:36,008 - DEBUG - finnhub rating return code:200
2021-12-29 19:50:36,008 - DEBUG - finnhub rating return code:200
2021-12-29 19:50:36,008 - DEBUG - finnhub rating return code:200
2021-12-29 19:50:36,008 - DEBUG - finnhub rating return code:200
2021-12-29 19:50:36,008 - DEBUG - finnhub rating return code:200
2021-12-29 19:50:36,008 - DEBUG - finnhub rating return code:200
2021-12-29 19:50:36,008 - DEBUG - finnhub rating return code:200
2021-12-29 19:50:36,008 - DEBUG - finnhub rating return code:200
2021-12-29 19:50:36,009 - DEBUG - finnhub rating return code:200
2021-12-29 19:50:36,009 - DEBUG - finnhub rating return code:200
2021-12-29 19:50:36,009 - DEBUG - finnhub rating return code:200
2021-12-29 19:50:36,009 - DEBUG - finnhub rating return code:200
2021-12-29 19:50:36,009 - DEBUG - finnhub rating return code:200
2021-12-29 19:50:36,009 - DEBUG - finnhub rating return code:200
2021-12-29 19:50:36,009 - DEBUG - finnhub rating return code:200
2021-12-29 19:50:36,009 - DEBUG - finnhub rating return code:200
2021-12-29 19:50:36,009 - DEBUG - finnhub rating return code:200
2021-12-29 19:50:36,009 - DEBUG - finnhub rating return code:200
2021-12-29 19:50:36,009 - DEBUG - finnhub rating return code:200
2021-12-29 19:50:36,009 - DEBUG - finnhub rating return code:200
2021-12-29 19:50:36,009 - DEBUG - finnhub rating return code:200
2021-12-29 19:50:36,009 - DEBUG - finnhub rating return code:200
2021-12-29 19:50:36,009 - DEBUG - finnhub rating return code:200
2021-12-29 19:50:36,009 - DEBUG - finnhub rating return code:200
2021-12-29 19:50:36,009 - DEBUG - finnhub rating return code:200
2021-12-29 19:50:36,010 - DEBUG - finnhub rating return code:200
2021-12-29 19:50:36,010 - DEBUG - finnhub rating return code:200
2021-12-29 19:50:36,010 - DEBUG - finnhub rating return code:200
2021-12-29 19:50:36,010 - DEBUG - finnhub rating return code:200
2021-12-29 19:50:36,010 - DEBUG - finnhub rating return code:200
2021-12-29 19:50:36,010 - DEBUG - finnhub rating return code:200
2021-12-29 19:50:36,010 - DEBUG - finnhub rating return code:200
2021-12-29 19:50:36,010 - DEBUG - finnhub rating return code:200
2021-12-29 19:50:36,010 - DEBUG - finnhub rating return code:200
2021-12-29 19:50:36,010 - DEBUG - finnhub rating return code:200
2021-12-29 19:50:36,010 - DEBUG - finnhub rating return code:200
2021-12-29 19:50:36,010 - DEBUG - finnhub rating return code:200
2021-12-29 19:50:36,010 - DEBUG - finnhub rating return code:200
2021-12-29 19:50:36,010 - DEBUG - finnhub rating return code:200
2021-12-29 19:50:36,010 - DEBUG - finnhub rating return code:200
2021-12-29 19:50:36,010 - DEBUG - finnhub rating return code:200
2021-12-29 19:50:36,010 - DEBUG - finnhub rating return code:200
2021-12-29 19:50:36,011 - DEBUG - finnhub rating return code:200
2021-12-29 19:50:36,011 - DEBUG - finnhub rating return code:200
2021-12-29 19:50:36,011 - DEBUG - finnhub rating return code:200
2021-12-29 19:50:36,011 - DEBUG - finnhub rating return code:200
2021-12-29 19:50:36,011 - DEBUG - finnhub rating return code:200
2021-12-29 19:50:36,011 - DEBUG - finnhub rating return code:200
2021-12-29 19:50:36,011 - DEBUG - finnhub rating return code:200
2021-12-29 19:50:36,011 - DEBUG - finnhub rating return code:200
2021-12-29 19:50:36,011 - DEBUG - finnhub rating return code:200
2021-12-29 19:50:36,011 - DEBUG - finnhub rating return code:200
2021-12-29 19:50:36,011 - DEBUG - finnhub rating return code:200
2021-12-29 19:50:36,011 - DEBUG - finnhub rating return code:200
2021-12-29 19:50:36,011 - DEBUG - finnhub rating return code:200
2021-12-29 19:50:36,011 - DEBUG - finnhub rating return code:200
2021-12-29 19:50:36,011 - DEBUG - finnhub rating return code:200
2021-12-29 19:50:36,011 - DEBUG - finnhub rating return code:200
2021-12-29 19:50:36,011 - DEBUG - finnhub rating return code:200
2021-12-29 19:50:36,012 - DEBUG - finnhub rating return code:200
2021-12-29 19:50:36,012 - DEBUG - finnhub rating return code:200
2021-12-29 19:50:36,012 - DEBUG - finnhub rating return code:200
2021-12-29 19:50:36,012 - DEBUG - finnhub rating return code:200
2021-12-29 19:50:36,012 - DEBUG - finnhub rating return code:200
2021-12-29 19:50:36,012 - DEBUG - finnhub rating return code:200
2021-12-29 19:50:36,012 - DEBUG - finnhub rating return code:200
2021-12-29 19:50:36,012 - DEBUG - finnhub rating return code:200
2021-12-29 19:50:36,012 - DEBUG - finnhub rating return code:200
2021-12-29 19:50:36,012 - DEBUG - finnhub rating return code:200
2021-12-29 19:50:36,012 - DEBUG - finnhub rating return code:200
2021-12-29 19:50:36,012 - DEBUG - finnhub rating return code:200
2021-12-29 19:50:36,012 - DEBUG - finnhub rating return code:200
2021-12-29 19:50:36,012 - DEBUG - finnhub rating return code:200
2021-12-29 19:50:36,012 - DEBUG - finnhub rating return code:200
2021-12-29 19:50:36,012 - DEBUG - finnhub rating return code:200
2021-12-29 19:50:36,012 - DEBUG - finnhub rating return code:200
2021-12-29 19:50:36,013 - DEBUG - finnhub rating return code:200
2021-12-29 19:50:36,013 - DEBUG - finnhub rating return code:200
2021-12-29 19:50:36,013 - DEBUG - finnhub rating return code:200
2021-12-29 19:50:36,013 - DEBUG - finnhub rating return code:200
2021-12-29 19:50:36,013 - DEBUG - finnhub rating return code:200
2021-12-29 19:50:36,013 - DEBUG - finnhub rating return code:200
2021-12-29 19:50:36,013 - DEBUG - finnhub rating return code:200
2021-12-29 19:50:36,013 - DEBUG - finnhub rating return code:200
2021-12-29 19:50:36,013 - DEBUG - finnhub rating return code:200
2021-12-29 19:50:36,013 - DEBUG - finnhub rating return code:200
2021-12-29 19:50:36,013 - DEBUG - finnhub rating return code:200
2021-12-29 19:50:36,013 - DEBUG - finnhub rating return code:200
2021-12-29 19:50:36,013 - DEBUG - finnhub rating return code:200
2021-12-29 19:50:36,013 - DEBUG - finnhub rating return code:200
2021-12-29 19:50:36,013 - DEBUG - finnhub rating return code:200
2021-12-29 19:50:36,013 - DEBUG - finnhub rating return code:200
2021-12-29 19:50:36,013 - DEBUG - finnhub rating return code:200
2021-12-29 19:50:36,014 - DEBUG - finnhub rating return code:200
2021-12-29 19:50:36,014 - DEBUG - finnhub rating return code:200
2021-12-29 19:50:36,014 - DEBUG - finnhub rating return code:200
2021-12-29 19:50:36,014 - DEBUG - finnhub rating return code:200
2021-12-29 19:50:36,014 - DEBUG - finnhub rating return code:200
2021-12-29 19:50:36,014 - DEBUG - finnhub rating return code:200
2021-12-29 19:50:36,014 - DEBUG - finnhub rating return code:200
2021-12-29 19:57:36,204 - DEBUG - Starting new HTTPS connection (1): finnhub.io:443
2021-12-29 19:57:36,665 - DEBUG - https://finnhub.io:443 "GET /api/v1/stock/upgrade-downgrade?&token=c71nnkaad3ieuiu4d000 HTTP/1.1" 200 None
2021-12-29 19:57:36,693 - DEBUG - Starting new HTTPS connection (1): finnhub.io:443
2021-12-29 19:57:37,145 - DEBUG - https://finnhub.io:443 "GET /api/v1/stock/upgrade-downgrade?&token=c71nnkaad3ieuiu4d000 HTTP/1.1" 200 None
2021-12-29 19:57:37,156 - DEBUG - finnhub rating return code:200
2021-12-29 19:57:37,156 - DEBUG - finnhub rating return code:200
2021-12-29 19:57:37,156 - DEBUG - finnhub rating return code:200
2021-12-29 19:57:37,156 - DEBUG - finnhub rating return code:200
2021-12-29 19:57:37,157 - DEBUG - finnhub rating return code:200
2021-12-29 19:57:37,157 - DEBUG - finnhub rating return code:200
2021-12-29 19:57:37,157 - DEBUG - finnhub rating return code:200
2021-12-29 19:57:37,157 - DEBUG - finnhub rating return code:200
2021-12-29 19:57:37,157 - DEBUG - finnhub rating return code:200
2021-12-29 19:57:37,157 - DEBUG - finnhub rating return code:200
2021-12-29 19:57:37,157 - DEBUG - finnhub rating return code:200
2021-12-29 19:57:37,157 - DEBUG - finnhub rating return code:200
2021-12-29 19:57:37,157 - DEBUG - finnhub rating return code:200
2021-12-29 19:57:37,157 - DEBUG - finnhub rating return code:200
2021-12-29 19:57:37,157 - DEBUG - finnhub rating return code:200
2021-12-29 19:57:37,158 - DEBUG - finnhub rating return code:200
2021-12-29 19:57:37,158 - DEBUG - finnhub rating return code:200
2021-12-29 19:57:37,158 - DEBUG - finnhub rating return code:200
2021-12-29 19:57:37,158 - DEBUG - finnhub rating return code:200
2021-12-29 19:57:37,158 - DEBUG - finnhub rating return code:200
2021-12-29 19:57:37,158 - DEBUG - finnhub rating return code:200
2021-12-29 19:57:37,158 - DEBUG - finnhub rating return code:200
2021-12-29 19:57:37,158 - DEBUG - finnhub rating return code:200
2021-12-29 19:57:37,158 - DEBUG - finnhub rating return code:200
2021-12-29 19:57:37,158 - DEBUG - finnhub rating return code:200
2021-12-29 19:57:37,158 - DEBUG - finnhub rating return code:200
2021-12-29 19:57:37,158 - DEBUG - finnhub rating return code:200
2021-12-29 19:57:37,158 - DEBUG - finnhub rating return code:200
2021-12-29 19:57:37,158 - DEBUG - finnhub rating return code:200
2021-12-29 19:57:37,158 - DEBUG - finnhub rating return code:200
2021-12-29 19:57:37,158 - DEBUG - finnhub rating return code:200
2021-12-29 19:57:37,158 - DEBUG - finnhub rating return code:200
2021-12-29 19:57:37,158 - DEBUG - finnhub rating return code:200
2021-12-29 19:57:37,158 - DEBUG - finnhub rating return code:200
2021-12-29 19:57:37,158 - DEBUG - finnhub rating return code:200
2021-12-29 19:57:37,158 - DEBUG - finnhub rating return code:200
2021-12-29 19:57:37,158 - DEBUG - finnhub rating return code:200
2021-12-29 19:57:37,158 - DEBUG - finnhub rating return code:200
2021-12-29 19:57:37,158 - DEBUG - finnhub rating return code:200
2021-12-29 19:57:37,158 - DEBUG - finnhub rating return code:200
2021-12-29 19:57:37,158 - DEBUG - finnhub rating return code:200
2021-12-29 19:57:37,158 - DEBUG - finnhub rating return code:200
2021-12-29 19:57:37,159 - DEBUG - finnhub rating return code:200
2021-12-29 19:57:37,159 - DEBUG - finnhub rating return code:200
2021-12-29 19:57:37,159 - DEBUG - finnhub rating return code:200
2021-12-29 19:57:37,159 - DEBUG - finnhub rating return code:200
2021-12-29 19:57:37,159 - DEBUG - finnhub rating return code:200
2021-12-29 19:57:37,159 - DEBUG - finnhub rating return code:200
2021-12-29 19:57:37,159 - DEBUG - finnhub rating return code:200
2021-12-29 19:57:37,159 - DEBUG - finnhub rating return code:200
2021-12-29 19:57:37,159 - DEBUG - finnhub rating return code:200
2021-12-29 19:57:37,159 - DEBUG - finnhub rating return code:200
2021-12-29 19:57:37,159 - DEBUG - finnhub rating return code:200
2021-12-29 19:57:37,159 - DEBUG - finnhub rating return code:200
2021-12-29 19:57:37,159 - DEBUG - finnhub rating return code:200
2021-12-29 19:57:37,159 - DEBUG - finnhub rating return code:200
2021-12-29 19:57:37,159 - DEBUG - finnhub rating return code:200
2021-12-29 19:57:37,159 - DEBUG - finnhub rating return code:200
2021-12-29 19:57:37,159 - DEBUG - finnhub rating return code:200
2021-12-29 19:57:37,159 - DEBUG - finnhub rating return code:200
2021-12-29 19:57:37,159 - DEBUG - finnhub rating return code:200
2021-12-29 19:57:37,159 - DEBUG - finnhub rating return code:200
2021-12-29 19:57:37,159 - DEBUG - finnhub rating return code:200
2021-12-29 19:57:37,159 - DEBUG - finnhub rating return code:200
2021-12-29 19:57:37,159 - DEBUG - finnhub rating return code:200
2021-12-29 19:57:37,159 - DEBUG - finnhub rating return code:200
2021-12-29 19:57:37,159 - DEBUG - finnhub rating return code:200
2021-12-29 19:57:37,159 - DEBUG - finnhub rating return code:200
2021-12-29 19:57:37,159 - DEBUG - finnhub rating return code:200
2021-12-29 19:57:37,159 - DEBUG - finnhub rating return code:200
2021-12-29 19:57:37,160 - DEBUG - finnhub rating return code:200
2021-12-29 19:57:37,160 - DEBUG - finnhub rating return code:200
2021-12-29 19:57:37,160 - DEBUG - finnhub rating return code:200
2021-12-29 19:57:37,160 - DEBUG - finnhub rating return code:200
2021-12-29 19:57:37,160 - DEBUG - finnhub rating return code:200
2021-12-29 19:57:37,160 - DEBUG - finnhub rating return code:200
2021-12-29 19:57:37,160 - DEBUG - finnhub rating return code:200
2021-12-29 19:57:37,160 - DEBUG - finnhub rating return code:200
2021-12-29 19:57:37,160 - DEBUG - finnhub rating return code:200
2021-12-29 19:57:37,160 - DEBUG - finnhub rating return code:200
2021-12-29 19:57:37,160 - DEBUG - finnhub rating return code:200
2021-12-29 19:57:37,160 - DEBUG - finnhub rating return code:200
2021-12-29 19:57:37,160 - DEBUG - finnhub rating return code:200
2021-12-29 19:57:37,160 - DEBUG - finnhub rating return code:200
2021-12-29 19:57:37,160 - DEBUG - finnhub rating return code:200
2021-12-29 19:57:37,160 - DEBUG - finnhub rating return code:200
2021-12-29 19:57:37,160 - DEBUG - finnhub rating return code:200
2021-12-29 19:57:37,160 - DEBUG - finnhub rating return code:200
2021-12-29 19:57:37,160 - DEBUG - finnhub rating return code:200
2021-12-29 19:57:37,160 - DEBUG - finnhub rating return code:200
2021-12-29 19:57:37,160 - DEBUG - finnhub rating return code:200
2021-12-29 19:57:37,160 - DEBUG - finnhub rating return code:200
2021-12-29 19:57:37,160 - DEBUG - finnhub rating return code:200
2021-12-29 19:57:37,160 - DEBUG - finnhub rating return code:200
2021-12-29 19:57:37,160 - DEBUG - finnhub rating return code:200
2021-12-29 19:57:37,161 - DEBUG - finnhub rating return code:200
2021-12-29 19:57:37,161 - DEBUG - finnhub rating return code:200
2021-12-29 19:57:37,161 - DEBUG - finnhub rating return code:200
2021-12-29 19:57:37,161 - DEBUG - finnhub rating return code:200
2021-12-29 19:57:37,161 - DEBUG - finnhub rating return code:200
2021-12-29 19:57:37,161 - DEBUG - finnhub rating return code:200
2021-12-29 19:57:37,161 - DEBUG - finnhub rating return code:200
2021-12-29 19:57:37,161 - DEBUG - finnhub rating return code:200
2021-12-29 19:57:37,161 - DEBUG - finnhub rating return code:200
2021-12-29 19:57:37,161 - DEBUG - finnhub rating return code:200
2021-12-29 19:57:37,161 - DEBUG - finnhub rating return code:200
2021-12-29 19:57:37,161 - DEBUG - finnhub rating return code:200
2021-12-29 19:57:37,161 - DEBUG - finnhub rating return code:200
2021-12-29 19:57:37,161 - DEBUG - finnhub rating return code:200
2021-12-29 19:57:37,161 - DEBUG - finnhub rating return code:200
2021-12-29 19:57:37,161 - DEBUG - finnhub rating return code:200
2021-12-29 19:57:37,161 - DEBUG - finnhub rating return code:200
2021-12-29 19:57:37,161 - DEBUG - finnhub rating return code:200
2021-12-29 19:57:37,161 - DEBUG - finnhub rating return code:200
2021-12-29 19:57:37,161 - DEBUG - finnhub rating return code:200
2021-12-29 19:57:37,161 - DEBUG - finnhub rating return code:200
2021-12-29 19:57:37,161 - DEBUG - finnhub rating return code:200
2021-12-29 19:57:37,161 - DEBUG - finnhub rating return code:200
2021-12-29 19:57:37,161 - DEBUG - finnhub rating return code:200
2021-12-29 19:57:37,161 - DEBUG - finnhub rating return code:200
2021-12-29 19:57:37,161 - DEBUG - finnhub rating return code:200
2021-12-29 19:57:37,161 - DEBUG - finnhub rating return code:200
2021-12-29 19:57:37,161 - DEBUG - finnhub rating return code:200
2021-12-29 19:57:37,162 - DEBUG - finnhub rating return code:200
2021-12-29 19:57:37,162 - DEBUG - finnhub rating return code:200
2021-12-29 19:57:37,162 - DEBUG - finnhub rating return code:200
2021-12-29 19:57:37,162 - DEBUG - finnhub rating return code:200
2021-12-29 19:57:37,162 - DEBUG - finnhub rating return code:200
2021-12-29 19:57:37,162 - DEBUG - finnhub rating return code:200
2021-12-29 19:57:37,162 - DEBUG - finnhub rating return code:200
2021-12-29 19:57:37,162 - DEBUG - finnhub rating return code:200
2021-12-29 19:57:37,162 - DEBUG - finnhub rating return code:200
2021-12-29 19:57:37,162 - DEBUG - finnhub rating return code:200
2021-12-29 19:57:37,162 - DEBUG - finnhub rating return code:200
2021-12-29 19:57:37,162 - DEBUG - finnhub rating return code:200
2021-12-29 19:57:37,162 - DEBUG - finnhub rating return code:200
2021-12-29 19:57:37,162 - DEBUG - finnhub rating return code:200
2021-12-29 19:57:37,162 - DEBUG - finnhub rating return code:200
2021-12-29 19:57:37,162 - DEBUG - finnhub rating return code:200
2021-12-29 19:57:37,162 - DEBUG - finnhub rating return code:200
2021-12-29 19:57:37,162 - DEBUG - finnhub rating return code:200
2021-12-29 19:57:37,162 - DEBUG - finnhub rating return code:200
2021-12-29 19:57:37,162 - DEBUG - finnhub rating return code:200
2021-12-29 19:57:37,162 - DEBUG - finnhub rating return code:200
2021-12-29 19:57:37,162 - DEBUG - finnhub rating return code:200
2021-12-29 19:57:37,162 - DEBUG - finnhub rating return code:200
2021-12-29 19:57:37,162 - DEBUG - finnhub rating return code:200
2021-12-29 19:57:37,162 - DEBUG - finnhub rating return code:200
2021-12-29 19:57:37,162 - DEBUG - finnhub rating return code:200
2021-12-29 19:57:37,162 - DEBUG - finnhub rating return code:200
2021-12-29 19:57:37,162 - DEBUG - finnhub rating return code:200
2021-12-29 19:57:37,163 - DEBUG - finnhub rating return code:200
2021-12-29 19:57:37,163 - DEBUG - finnhub rating return code:200
2021-12-29 19:57:37,163 - DEBUG - finnhub rating return code:200
2021-12-29 19:57:37,163 - DEBUG - finnhub rating return code:200
2021-12-29 19:57:37,163 - DEBUG - finnhub rating return code:200
2021-12-29 19:57:37,163 - DEBUG - finnhub rating return code:200
2021-12-29 19:57:37,163 - DEBUG - finnhub rating return code:200
2021-12-29 19:57:37,163 - DEBUG - finnhub rating return code:200
2021-12-29 19:57:37,163 - DEBUG - finnhub rating return code:200
2021-12-29 19:57:37,163 - DEBUG - finnhub rating return code:200
2021-12-29 19:57:37,163 - DEBUG - finnhub rating return code:200
2021-12-29 19:57:37,163 - DEBUG - finnhub rating return code:200
2021-12-29 19:57:37,163 - DEBUG - finnhub rating return code:200
2021-12-29 19:57:37,163 - DEBUG - finnhub rating return code:200
2021-12-29 19:57:37,163 - DEBUG - finnhub rating return code:200
2021-12-29 19:57:37,163 - DEBUG - finnhub rating return code:200
2021-12-29 19:57:37,163 - DEBUG - finnhub rating return code:200
2021-12-29 19:57:37,163 - DEBUG - finnhub rating return code:200
2021-12-29 19:57:37,163 - DEBUG - finnhub rating return code:200
2021-12-29 19:57:37,163 - DEBUG - finnhub rating return code:200
2021-12-29 19:57:37,163 - DEBUG - finnhub rating return code:200
2021-12-29 19:57:37,163 - DEBUG - finnhub rating return code:200
2021-12-29 19:57:37,163 - DEBUG - finnhub rating return code:200
2021-12-29 19:57:37,163 - DEBUG - finnhub rating return code:200
2021-12-29 19:57:37,163 - DEBUG - finnhub rating return code:200
2021-12-29 19:57:37,163 - DEBUG - finnhub rating return code:200
2021-12-29 19:57:37,163 - DEBUG - finnhub rating return code:200
2021-12-29 19:57:37,164 - DEBUG - finnhub rating return code:200
2021-12-29 19:57:37,164 - DEBUG - finnhub rating return code:200
2021-12-29 19:57:37,164 - DEBUG - finnhub rating return code:200
2021-12-29 19:57:37,164 - DEBUG - finnhub rating return code:200
2021-12-29 19:57:37,164 - DEBUG - finnhub rating return code:200
2021-12-29 19:57:37,164 - DEBUG - finnhub rating return code:200
2021-12-29 19:57:37,164 - DEBUG - finnhub rating return code:200
2021-12-29 19:57:37,164 - DEBUG - finnhub rating return code:200
2021-12-29 19:57:37,164 - DEBUG - finnhub rating return code:200
2021-12-29 19:57:37,164 - DEBUG - finnhub rating return code:200
2021-12-29 19:57:37,164 - DEBUG - finnhub rating return code:200
2021-12-29 19:57:37,164 - DEBUG - finnhub rating return code:200
2021-12-29 19:57:37,164 - DEBUG - finnhub rating return code:200
2021-12-29 19:57:37,164 - DEBUG - finnhub rating return code:200
2021-12-29 19:57:37,164 - DEBUG - finnhub rating return code:200
2021-12-29 19:57:37,164 - DEBUG - finnhub rating return code:200
2021-12-29 19:57:37,164 - DEBUG - finnhub rating return code:200
2021-12-29 19:57:37,164 - DEBUG - finnhub rating return code:200
2021-12-29 19:57:37,164 - DEBUG - finnhub rating return code:200
2021-12-29 19:57:37,164 - DEBUG - finnhub rating return code:200
2021-12-29 19:57:37,164 - DEBUG - finnhub rating return code:200
2021-12-29 19:57:37,164 - DEBUG - finnhub rating return code:200
2021-12-29 19:57:37,164 - DEBUG - finnhub rating return code:200
2021-12-29 19:57:37,164 - DEBUG - finnhub rating return code:200
2021-12-29 19:57:37,164 - DEBUG - finnhub rating return code:200
2021-12-29 19:57:37,164 - DEBUG - finnhub rating return code:200
2021-12-29 19:57:37,165 - DEBUG - finnhub rating return code:200
2021-12-29 19:57:37,165 - DEBUG - finnhub rating return code:200
2021-12-29 19:57:37,165 - DEBUG - finnhub rating return code:200
2021-12-29 19:57:37,165 - DEBUG - finnhub rating return code:200
2021-12-29 19:57:37,165 - DEBUG - finnhub rating return code:200
2021-12-29 19:57:37,165 - DEBUG - finnhub rating return code:200
2021-12-29 19:57:37,165 - DEBUG - finnhub rating return code:200
2021-12-29 19:57:37,165 - DEBUG - finnhub rating return code:200
2021-12-29 19:57:37,165 - DEBUG - finnhub rating return code:200
2021-12-29 19:57:37,165 - DEBUG - finnhub rating return code:200
2021-12-29 19:57:37,165 - DEBUG - finnhub rating return code:200
2021-12-29 19:57:37,165 - DEBUG - finnhub rating return code:200
2021-12-29 19:57:37,165 - DEBUG - finnhub rating return code:200
2021-12-29 19:57:37,165 - DEBUG - finnhub rating return code:200
2021-12-29 19:57:37,165 - DEBUG - finnhub rating return code:200
2021-12-29 19:57:37,165 - DEBUG - finnhub rating return code:200
2021-12-29 19:57:37,165 - DEBUG - finnhub rating return code:200
2021-12-29 19:57:37,165 - DEBUG - finnhub rating return code:200
2021-12-29 19:57:37,165 - DEBUG - finnhub rating return code:200
2021-12-29 19:57:37,165 - DEBUG - finnhub rating return code:200
2021-12-29 19:57:37,165 - DEBUG - finnhub rating return code:200
2021-12-29 19:57:37,165 - DEBUG - finnhub rating return code:200
2021-12-29 19:57:37,165 - DEBUG - finnhub rating return code:200
2021-12-29 19:57:37,165 - DEBUG - finnhub rating return code:200
2021-12-29 19:57:37,165 - DEBUG - finnhub rating return code:200
2021-12-29 19:57:37,165 - DEBUG - finnhub rating return code:200
2021-12-29 19:57:37,165 - DEBUG - finnhub rating return code:200
2021-12-29 19:57:37,165 - DEBUG - finnhub rating return code:200
2021-12-29 19:57:37,166 - DEBUG - finnhub rating return code:200
2021-12-29 19:57:37,166 - DEBUG - finnhub rating return code:200
2021-12-29 19:57:37,166 - DEBUG - finnhub rating return code:200
2021-12-29 19:57:37,166 - DEBUG - finnhub rating return code:200
2021-12-29 19:57:37,166 - DEBUG - finnhub rating return code:200
2021-12-29 19:57:37,166 - DEBUG - finnhub rating return code:200
2021-12-29 19:57:37,166 - DEBUG - finnhub rating return code:200
2021-12-29 19:57:37,166 - DEBUG - finnhub rating return code:200
2021-12-29 19:57:37,166 - DEBUG - finnhub rating return code:200
2021-12-29 19:57:37,166 - DEBUG - finnhub rating return code:200
2021-12-29 19:57:37,166 - DEBUG - finnhub rating return code:200
2021-12-29 19:57:37,166 - DEBUG - finnhub rating return code:200
2021-12-29 19:57:37,166 - DEBUG - finnhub rating return code:200
2021-12-29 19:57:37,166 - DEBUG - finnhub rating return code:200
2021-12-29 19:57:37,166 - DEBUG - finnhub rating return code:200
2021-12-29 19:57:37,166 - DEBUG - finnhub rating return code:200
2021-12-29 19:57:37,166 - DEBUG - finnhub rating return code:200
2021-12-29 19:57:37,166 - DEBUG - finnhub rating return code:200
2021-12-29 19:57:37,166 - DEBUG - finnhub rating return code:200
2021-12-29 19:57:37,166 - DEBUG - finnhub rating return code:200
2021-12-29 19:57:37,166 - DEBUG - finnhub rating return code:200
2021-12-29 19:57:37,166 - DEBUG - finnhub rating return code:200
2021-12-29 19:57:37,166 - DEBUG - finnhub rating return code:200
2021-12-29 19:57:37,166 - DEBUG - finnhub rating return code:200
2021-12-29 19:57:37,166 - DEBUG - finnhub rating return code:200
2021-12-29 19:57:37,166 - DEBUG - finnhub rating return code:200
2021-12-29 19:57:37,166 - DEBUG - finnhub rating return code:200
2021-12-29 19:57:37,166 - DEBUG - finnhub rating return code:200
2021-12-29 19:57:37,167 - DEBUG - finnhub rating return code:200
2021-12-29 19:57:37,167 - DEBUG - finnhub rating return code:200
2021-12-29 19:57:37,167 - DEBUG - finnhub rating return code:200
2021-12-29 19:57:37,167 - DEBUG - finnhub rating return code:200
2021-12-29 19:57:37,167 - DEBUG - finnhub rating return code:200
2021-12-29 19:57:37,167 - DEBUG - finnhub rating return code:200
2021-12-29 19:57:37,167 - DEBUG - finnhub rating return code:200
2021-12-29 19:57:37,167 - DEBUG - finnhub rating return code:200
2021-12-29 19:57:37,167 - DEBUG - finnhub rating return code:200
2021-12-29 19:57:37,167 - DEBUG - finnhub rating return code:200
2021-12-29 19:57:37,167 - DEBUG - finnhub rating return code:200
2021-12-29 19:57:37,167 - DEBUG - finnhub rating return code:200
2021-12-29 19:57:37,167 - DEBUG - finnhub rating return code:200
2021-12-29 19:57:37,167 - DEBUG - finnhub rating return code:200
2021-12-29 19:57:37,167 - DEBUG - finnhub rating return code:200
2021-12-29 19:57:37,167 - DEBUG - finnhub rating return code:200
2021-12-29 19:57:37,167 - DEBUG - finnhub rating return code:200
2021-12-29 19:57:37,167 - DEBUG - finnhub rating return code:200
2021-12-29 19:57:37,167 - DEBUG - finnhub rating return code:200
2021-12-29 19:57:37,167 - DEBUG - finnhub rating return code:200
2021-12-29 19:57:37,167 - DEBUG - finnhub rating return code:200
2021-12-29 19:57:37,167 - DEBUG - finnhub rating return code:200
2021-12-29 19:57:37,167 - DEBUG - finnhub rating return code:200
2021-12-29 19:57:37,167 - DEBUG - finnhub rating return code:200
2021-12-29 19:57:37,167 - DEBUG - finnhub rating return code:200
2021-12-29 19:57:37,167 - DEBUG - finnhub rating return code:200
2021-12-29 19:57:37,167 - DEBUG - finnhub rating return code:200
2021-12-29 19:57:37,167 - DEBUG - finnhub rating return code:200
2021-12-29 19:57:37,168 - DEBUG - finnhub rating return code:200
2021-12-29 19:57:37,168 - DEBUG - finnhub rating return code:200
2021-12-29 19:57:37,168 - DEBUG - finnhub rating return code:200
2021-12-29 19:57:37,168 - DEBUG - finnhub rating return code:200
2021-12-29 19:57:37,168 - DEBUG - finnhub rating return code:200
2021-12-29 19:57:37,168 - DEBUG - finnhub rating return code:200
2021-12-29 19:57:37,168 - DEBUG - finnhub rating return code:200
2021-12-29 19:57:37,168 - DEBUG - finnhub rating return code:200
2021-12-29 19:57:37,168 - DEBUG - finnhub rating return code:200
2021-12-29 19:57:37,168 - DEBUG - finnhub rating return code:200
2021-12-29 19:57:37,168 - DEBUG - finnhub rating return code:200
2021-12-29 19:57:37,168 - DEBUG - finnhub rating return code:200
2021-12-29 19:57:37,168 - DEBUG - finnhub rating return code:200
2021-12-29 19:57:37,168 - DEBUG - finnhub rating return code:200
2021-12-29 19:57:37,168 - DEBUG - finnhub rating return code:200
2021-12-29 19:57:37,168 - DEBUG - finnhub rating return code:200
2021-12-29 19:57:37,168 - DEBUG - finnhub rating return code:200
2021-12-29 19:57:37,168 - DEBUG - finnhub rating return code:200
2021-12-29 19:57:37,168 - DEBUG - finnhub rating return code:200
2021-12-29 19:57:37,168 - DEBUG - finnhub rating return code:200
2021-12-29 19:57:37,168 - DEBUG - finnhub rating return code:200
2021-12-29 19:57:37,168 - DEBUG - finnhub rating return code:200
2021-12-29 19:57:37,168 - DEBUG - finnhub rating return code:200
2021-12-29 19:57:37,168 - DEBUG - finnhub rating return code:200
2021-12-29 19:57:37,168 - DEBUG - finnhub rating return code:200
2021-12-29 19:57:37,168 - DEBUG - finnhub rating return code:200
2021-12-29 19:57:37,168 - DEBUG - finnhub rating return code:200
2021-12-29 19:57:37,168 - DEBUG - finnhub rating return code:200
2021-12-29 19:57:37,169 - DEBUG - finnhub rating return code:200
2021-12-29 19:57:37,169 - DEBUG - finnhub rating return code:200
2021-12-29 19:57:37,169 - DEBUG - finnhub rating return code:200
2021-12-29 19:57:37,169 - DEBUG - finnhub rating return code:200
2021-12-29 19:57:37,169 - DEBUG - finnhub rating return code:200
2021-12-29 19:57:37,169 - DEBUG - finnhub rating return code:200
2021-12-29 19:57:37,169 - DEBUG - finnhub rating return code:200
2021-12-29 19:57:37,169 - DEBUG - finnhub rating return code:200
